profile,users,point_id,measured_runs,mean_ns,median_ns,stddev_ns,min_ns,max_ns
C5,250,C5-users-250,8,1633968.000,1521807.000,253981.533,1422372,2227642
C6,250,C6-users-250,8,3330600.500,3332334.000,41008.214,3258905,3405908
C1,50,C1-users-050,8,71545.750,45698.500,43794.853,33425,156544
C2,25,C2-users-025,8,72086.125,75634.500,9722.279,57163,83214
C2,10,C2-users-010,8,66258.250,57045.000,21498.137,53083,121157
C2,500,C2-users-500,8,55815.750,54231.500,4823.678,51729,68102
C1,500,C1-users-500,8,20863.500,19542.000,2114.017,19160,25206
C4,25,C4-users-025,8,447856.000,436536.000,29147.854,431449,523575
C6,50,C6-users-050,8,3269878.375,3268860.000,28604.841,3228333,3320785
C4,10,C4-users-010,8,428039.750,423162.500,9243.436,420229,444565
C1,100,C1-users-100,8,20070.875,19153.500,2279.456,17855,24932
C4,50,C4-users-050,8,426421.375,424252.000,8154.461,417127,446373
C2,50,C2-users-050,8,44230.875,43789.500,1656.674,42242,46244
C5,50,C5-users-050,8,1579611.625,1587907.000,107393.422,1447941,1748486
C6,10,C6-users-010,8,3887837.625,3854049.500,304040.641,3409519,4470470
C6,100,C6-users-100,8,3512788.625,3472338.500,124062.786,3383045,3717324
C5,25,C5-users-025,8,1464526.125,1457118.500,34379.232,1422725,1541083
C6,25,C6-users-025,8,3623958.500,3562678.000,160343.153,3447851,3968782
C2,100,C2-users-100,8,45277.875,44769.500,1365.110,43910,48063
C3,25,C3-users-025,8,208016.375,198691.500,19164.657,191512,250193
C5,10,C5-users-010,8,1488435.500,1485577.000,28197.716,1448173,1544257
C4,500,C4-users-500,8,468515.000,462272.000,18943.037,449111,508349
C1,250,C1-users-250,8,31898.000,24897.000,15082.105,17998,60282
C5,100,C5-users-100,8,1551240.875,1504938.500,132783.184,1471720,1900070
C3,500,C3-users-500,8,215899.875,209328.500,18979.483,202836,264843
C3,250,C3-users-250,8,200613.500,200276.500,7379.579,190011,214223
C4,250,C4-users-250,8,469250.750,463826.500,16570.269,449522,493981
C3,10,C3-users-010,8,196040.750,195444.500,6838.212,187304,211584
C3,50,C3-users-050,8,201021.375,197135.000,16333.370,182420,240764
C4,100,C4-users-100,8,451750.875,445707.000,18127.588,434365,483511
C1,10,C1-users-010,8,19092.750,18896.500,992.362,17868,20667
C3,100,C3-users-100,8,193758.500,193766.000,3641.734,188702,199902
C1,25,C1-users-025,8,18178.500,17974.000,661.747,17659,19881
C6,500,C6-users-500,8,3363033.000,3365206.500,55113.707,3294266,3459232
C2,250,C2-users-250,8,45238.375,44515.000,1613.440,44119,48955
C5,500,C5-users-500,8,1445474.500,1447641.000,18614.215,1412745,1476633
