profile,users,point_id,run,mean_ns,median_ns,p95_ns,min_ns,max_ns
C2,1,C2-users-001,1,310174.810,307397.000,368364,255354,462940
C2,1,C2-users-001,2,250354.340,250169.000,295003,200653,431626
C2,1,C2-users-001,3,213929.250,209243.000,244604,190070,364282
C2,1,C2-users-001,4,205495.740,198341.000,272964,173414,347951
C2,1,C2-users-001,5,181468.520,177573.500,200221,164051,414984
C2,1,C2-users-001,6,174191.350,170367.000,196622,163677,245214
C2,1,C2-users-001,7,168445.030,164389.500,192693,156414,219006
C2,1,C2-users-001,8,214616.430,157509.500,238692,139453,5055259
C3,25,C3-users-025,1,369441.860,306518.000,366066,285700,5879220
C3,25,C3-users-025,2,286600.410,282901.500,319473,250866,352433
C3,25,C3-users-025,3,253242.650,249293.500,272012,236452,317425
C3,25,C3-users-025,4,240286.890,237690.000,272176,220252,285933
C3,25,C3-users-025,5,233274.080,225790.000,262031,215548,349293
C3,25,C3-users-025,6,262987.430,233447.000,280454,214738,2567793
C3,25,C3-users-025,7,229294.860,221048.000,254744,212106,353910
C3,25,C3-users-025,8,224023.160,219277.500,251982,205613,326581
C4,1,C4-users-001,1,522571.350,443311.000,644555,395988,5828172
C4,1,C4-users-001,2,437323.470,419356.000,535056,395701,584800
C4,1,C4-users-001,3,467742.740,407214.000,561521,388246,4780814
C4,1,C4-users-001,4,422963.280,399826.000,496931,385101,611394
C4,1,C4-users-001,5,479185.520,417667.000,508364,385499,5458714
C4,1,C4-users-001,6,427427.680,415724.000,534107,385151,592042
C4,1,C4-users-001,7,559378.950,435090.500,761460,384954,4797546
C4,1,C4-users-001,8,529723.050,427929.500,740031,383161,875975
C5,100,C5-users-100,1,1517384.950,1238690.500,2252704,1187497,2387602
C5,100,C5-users-100,2,1312721.130,1229694.000,1408230,1188872,7409154
C5,100,C5-users-100,3,1315573.230,1236124.000,1381812,1191962,7543050
C5,100,C5-users-100,4,1243775.070,1228287.500,1341340,1193486,1442603
C5,100,C5-users-100,5,1293031.060,1230726.000,1301067,1190388,6843654
C5,100,C5-users-100,6,1295693.280,1226101.500,1291454,1196731,7113813
C5,100,C5-users-100,7,1294802.780,1228701.500,1303719,1193655,7002328
C5,100,C5-users-100,8,1234929.270,1226513.000,1293539,1190872,1370632
C5,250,C5-users-250,1,1319629.580,1231667.000,1340890,1197041,8497939
C5,250,C5-users-250,2,1317224.410,1234547.500,1338538,1184044,8070314
C5,250,C5-users-250,3,1296604.900,1221919.000,1281446,1190729,7850905
C5,250,C5-users-250,4,1238846.060,1225576.500,1322696,1186991,1431125
C5,250,C5-users-250,5,1317608.560,1227016.500,1359435,1191755,8606613
C5,250,C5-users-250,6,1307314.620,1218584.500,1320430,1188310,8475000
C5,250,C5-users-250,7,1330991.200,1252855.500,1421292,1192615,7207868
C5,250,C5-users-250,8,1237693.560,1224389.500,1324416,1188033,1385160
C4,75,C4-users-075,1,389670.330,386432.000,404215,381836,429463
C4,75,C4-users-075,2,392555.380,386545.000,413843,382040,443580
C4,75,C4-users-075,3,421028.670,388332.000,417289,381722,3119677
C4,75,C4-users-075,4,388255.080,385945.000,405190,378731,416850
C4,75,C4-users-075,5,398968.550,391902.000,437604,378081,497688
C4,75,C4-users-075,6,403436.890,398823.500,433112,380101,484615
C4,75,C4-users-075,7,388434.390,384365.000,413572,378063,429215
C4,75,C4-users-075,8,416771.240,384412.000,416962,377647,3138595
C5,1,C5-users-001,1,1270051.890,1225883.500,1333821,1185920,4637846
C5,1,C5-users-001,2,1259066.610,1213135.000,1294135,1183153,4780021
C5,1,C5-users-001,3,1214101.670,1208256.500,1258772,1181377,1301815
C5,1,C5-users-001,4,1256962.760,1218635.000,1286899,1186859,4575798
C5,1,C5-users-001,5,1258615.770,1218765.500,1292105,1190467,4531918
C5,1,C5-users-001,6,1215387.550,1208983.500,1250109,1184174,1271802
C5,1,C5-users-001,7,1273314.180,1209521.000,1334667,1182709,4607565
C5,1,C5-users-001,8,1243807.900,1207029.000,1304282,1184709,3915048
C4,100,C4-users-100,1,421352.290,393352.000,431602,377532,2619187
C4,100,C4-users-100,2,392367.670,389089.500,416932,378661,449016
C4,100,C4-users-100,3,392170.930,389980.000,412280,376912,422270
C4,100,C4-users-100,4,398935.460,389298.000,430145,378353,832479
C4,100,C4-users-100,5,394372.230,390714.500,419498,376027,468289
C4,100,C4-users-100,6,412419.640,388406.000,435115,376641,2118385
C4,100,C4-users-100,7,394096.520,389479.000,419770,377055,440309
C4,100,C4-users-100,8,394124.920,388873.500,417823,377584,458729
C3,50,C3-users-050,1,173143.320,169798.500,183079,166311,214272
C3,50,C3-users-050,2,172365.180,169436.500,192673,165939,208603
C3,50,C3-users-050,3,171038.070,169568.000,183661,165769,190109
C3,50,C3-users-050,4,189661.720,169788.000,193845,165766,1803653
C3,50,C3-users-050,5,172133.290,168859.500,194178,165027,202231
C3,50,C3-users-050,6,171177.500,168631.000,184356,165286,202622
C3,50,C3-users-050,7,173088.510,168871.500,189113,165860,211971
C3,50,C3-users-050,8,174892.700,169340.500,196988,165192,213057
C6,300,C6-users-300,1,3044867.960,2880348.000,3019221,2777730,11109639
C6,300,C6-users-300,2,2947887.390,2871899.000,2969198,2781180,10250026
C6,300,C6-users-300,3,3013421.810,2862667.000,2968282,2753029,10389837
C6,300,C6-users-300,4,2937990.550,2854915.000,2971367,2759831,10845995
C6,300,C6-users-300,5,3076290.960,2858854.500,2986456,2771764,15755491
C6,300,C6-users-300,6,2945559.320,2867353.500,2974195,2754550,10288613
C6,300,C6-users-300,7,3036563.020,2873877.500,2984668,2784152,10910722
C6,300,C6-users-300,8,2923016.740,2859432.000,2974673,2759659,8532901
C1,5,C1-users-005,1,29216.110,28434.500,34167,26453,41643
C1,5,C1-users-005,2,34473.790,28387.000,38574,26029,344521
C1,5,C1-users-005,3,31668.860,28365.500,43300,26501,100113
C1,5,C1-users-005,4,28059.260,27074.000,33332,26407,46755
C1,5,C1-users-005,5,27004.500,25953.500,31140,24642,44318
C1,5,C1-users-005,6,26394.690,25597.500,30154,24506,39344
C1,5,C1-users-005,7,28288.710,26519.000,35548,24316,83362
C1,5,C1-users-005,8,25782.200,25413.500,27765,24439,33811
C3,1,C3-users-001,1,192703.420,188305.000,228235,177954,263009
C3,1,C3-users-001,2,191396.470,184068.000,237254,177454,279972
C3,1,C3-users-001,3,190174.830,184200.500,221784,178509,275290
C3,1,C3-users-001,4,190774.500,184265.000,226655,178330,256682
C3,1,C3-users-001,5,195000.510,190878.000,251682,176200,293129
C3,1,C3-users-001,6,191988.040,186628.500,220855,177788,261974
C3,1,C3-users-001,7,190435.330,183477.000,219519,176664,263441
C3,1,C3-users-001,8,189287.640,181435.000,229154,174326,354505
C6,400,C6-users-400,1,3046865.090,2924136.000,3101862,2840339,8470881
C6,400,C6-users-400,2,3069515.330,2921913.500,3250085,2839642,8239205
C6,400,C6-users-400,3,2988889.810,2907250.000,3078160,2829538,8358060
C6,400,C6-users-400,4,3057432.920,2909513.500,3127489,2831359,8634307
C6,400,C6-users-400,5,3034173.590,2904639.000,3066035,2820424,8802825
C6,400,C6-users-400,6,2961133.250,2898352.500,2980510,2839862,8542185
C6,400,C6-users-400,7,3021336.980,2901210.500,3010426,2839071,8613374
C6,400,C6-users-400,8,2979281.600,2908776.000,3086486,2836280,7782480
C4,50,C4-users-050,1,405362.680,395500.000,446702,387750,527504
C4,50,C4-users-050,2,401704.550,392757.500,454716,386957,522464
C4,50,C4-users-050,3,400133.130,391830.500,439114,385908,508185
C4,50,C4-users-050,4,417294.130,393002.500,462860,387016,1655710
C4,50,C4-users-050,5,400824.930,392001.000,443695,385366,481944
C4,50,C4-users-050,6,402747.230,394451.000,449824,386003,484957
C4,50,C4-users-050,7,402242.830,393065.500,455390,385478,509804
C4,50,C4-users-050,8,400126.880,393284.500,439407,386432,477440
C6,500,C6-users-500,1,3059674.860,2926617.500,3125329,2847311,8257044
C6,500,C6-users-500,2,3050517.530,2909211.500,3132144,2818137,8515144
C6,500,C6-users-500,3,3003119.120,2920333.000,3100247,2838766,8281326
C6,500,C6-users-500,4,3073093.240,2926981.500,3147599,2827905,8732776
C6,500,C6-users-500,5,3041928.640,2920036.500,3047304,2845832,8444398
C6,500,C6-users-500,6,3021878.400,2898291.500,3022378,2826244,8526297
C6,500,C6-users-500,7,3016349.230,2916392.500,3123670,2841040,10444179
C6,500,C6-users-500,8,2957690.820,2900284.000,3008958,2828364,6657581
C1,2,C1-users-002,1,22680.440,22293.000,25832,20520,32593
C1,2,C1-users-002,2,22117.870,21483.500,24932,20542,38650
C1,2,C1-users-002,3,22300.430,21734.000,25987,20445,37820
C1,2,C1-users-002,4,22277.020,21879.500,24139,20549,29893
C1,2,C1-users-002,5,22323.610,21708.000,24372,20550,32422
C1,2,C1-users-002,6,25042.490,21574.500,31327,19625,270444
C1,2,C1-users-002,7,22582.170,22138.000,27165,19645,35113
C1,2,C1-users-002,8,20713.780,20311.500,24177,18947,28831
C6,100,C6-users-100,1,3013646.480,2989130.500,3107306,2920412,4031926
C6,100,C6-users-100,2,3001993.520,2981033.000,3065500,2924351,4190926
C6,100,C6-users-100,3,3004033.650,2972923.500,3084047,2932973,4044002
C6,100,C6-users-100,4,2997010.410,2972692.500,3060067,2909571,4501566
C6,100,C6-users-100,5,3073852.830,2985137.500,3191508,2908066,8146733
C6,100,C6-users-100,6,3194992.190,3007017.000,3731293,2929190,3851713
C6,100,C6-users-100,7,3301480.850,3051116.000,3706787,2930257,4791073
C6,100,C6-users-100,8,3048656.080,2991225.500,3133777,2933613,4722882
C2,10,C2-users-010,1,48565.100,44799.500,51472,43654,289038
C2,10,C2-users-010,2,45217.210,44566.500,47595,43879,63632
C2,10,C2-users-010,3,43822.380,43033.500,50228,40844,60676
C2,10,C2-users-010,4,42284.930,41489.000,46619,40752,53207
C2,10,C2-users-010,5,42966.410,41633.500,47232,40766,60310
C2,10,C2-users-010,6,42459.160,41375.000,48486,40748,52690
C2,10,C2-users-010,7,42640.940,41491.500,45511,40902,64889
C2,10,C2-users-010,8,42648.920,41620.500,46120,40711,60837
C2,25,C2-users-025,1,48172.100,44811.000,49219,43977,307228
C2,25,C2-users-025,2,45809.320,44606.000,52180,43893,60197
C2,25,C2-users-025,3,44460.260,44319.500,46686,41036,60667
C2,25,C2-users-025,4,42702.670,41528.000,46373,40830,61726
C2,25,C2-users-025,5,42142.560,41478.000,45216,40771,46626
C2,25,C2-users-025,6,42583.590,41755.500,45723,40972,47691
C2,25,C2-users-025,7,42182.290,41561.500,45385,40814,53038
C2,25,C2-users-025,8,42357.140,41630.000,45669,40973,46851
C4,25,C4-users-025,1,416927.360,404471.000,446371,386894,835860
C4,25,C4-users-025,2,407824.280,406238.000,430724,390116,443880
C4,25,C4-users-025,3,407712.390,404554.500,429632,393991,432897
C4,25,C4-users-025,4,440666.190,403342.500,450181,386259,2112317
C4,25,C4-users-025,5,408785.590,401645.000,441413,386818,472146
C4,25,C4-users-025,6,407568.590,402583.500,433901,385742,479488
C4,25,C4-users-025,7,406732.440,403006.000,432442,386966,469855
C4,25,C4-users-025,8,405880.290,401834.000,431201,388868,450302
C6,200,C6-users-200,1,2995828.470,2947586.000,3094577,2842149,7382688
C6,200,C6-users-200,2,3040070.800,2913337.500,3090999,2846200,7888838
C6,200,C6-users-200,3,2984983.690,2916460.500,3087490,2834932,7436397
C6,200,C6-users-200,4,3053056.980,2924386.500,3114536,2836129,8288502
C6,200,C6-users-200,5,3000924.550,2932064.000,3104726,2813409,7605706
C6,200,C6-users-200,6,3061189.210,2941887.000,3136224,2849755,7772736
C6,200,C6-users-200,7,2983919.920,2919543.500,3076294,2840759,7270711
C6,200,C6-users-200,8,3062931.640,2956200.000,3109456,2856809,7777731
C1,1,C1-users-001,1,17994.590,17936.500,20993,16553,23778
C1,1,C1-users-001,2,19350.600,17342.000,31512,16649,50743
C1,1,C1-users-001,3,17969.240,17973.000,20564,16610,23048
C1,1,C1-users-001,4,17940.370,17977.000,19850,16615,23619
C1,1,C1-users-001,5,19957.300,16967.000,18388,16614,289027
C1,1,C1-users-001,6,18771.900,18304.000,20717,16642,37304
C1,1,C1-users-001,7,19945.490,18124.000,25945,16861,67876
C1,1,C1-users-001,8,18090.890,17918.500,20990,16518,29893
C5,150,C5-users-150,1,1296178.320,1249196.500,1325315,1211879,5181943
C5,150,C5-users-150,2,1281076.430,1247536.500,1316917,1212337,4021381
C5,150,C5-users-150,3,1251078.210,1241631.000,1310732,1212133,1349784
C5,150,C5-users-150,4,1283777.950,1246726.500,1321967,1218889,3837675
C5,150,C5-users-150,5,1285114.320,1247521.000,1346641,1215914,3767185
C5,150,C5-users-150,6,1254611.960,1243655.500,1316462,1217021,1354120
C5,150,C5-users-150,7,1280402.330,1246422.500,1316221,1216572,3736129
C5,150,C5-users-150,8,1285443.680,1250167.500,1332014,1213826,3858681
C6,1,C6-users-001,1,3110773.670,2944982.000,3248408,2852283,8349250
C6,1,C6-users-001,2,3021546.590,2925556.000,3039837,2853760,7455603
C6,1,C6-users-001,3,2966420.780,2906135.000,3050832,2842967,7263341
C6,1,C6-users-001,4,3025447.060,2924174.500,3110064,2849427,7488685
C6,1,C6-users-001,5,2981522.590,2917458.500,3044245,2837850,7579474
C6,1,C6-users-001,6,3037293.770,2931487.000,3102738,2857049,7461722
C6,1,C6-users-001,7,2976033.400,2926353.500,3036193,2859037,7186954
C6,1,C6-users-001,8,3148866.910,2967500.500,3419369,2847632,9584856
C1,10,C1-users-010,1,17834.120,17215.000,19195,16558,33321
C1,10,C1-users-010,2,17764.680,16951.000,21442,16586,29330
C1,10,C1-users-010,3,17700.250,17517.500,19764,16636,21255
C1,10,C1-users-010,4,17472.720,16977.500,18714,16575,27925
C1,10,C1-users-010,5,18953.050,18018.000,28314,16562,43385
C1,10,C1-users-010,6,19814.540,16835.500,18623,16453,267124
C1,10,C1-users-010,7,17283.790,16832.500,18580,16554,21053
C1,10,C1-users-010,8,17875.800,17273.500,21117,16635,30174
C3,10,C3-users-010,1,242106.820,239881.500,275423,226065,308295
C3,10,C3-users-010,2,248157.340,239374.000,301221,217196,324700
C3,10,C3-users-010,3,231481.970,190838.000,242954,182607,3308090
C3,10,C3-users-010,4,190196.630,184456.000,214777,180771,254126
C3,10,C3-users-010,5,191472.840,185711.500,215227,181333,264190
C3,10,C3-users-010,6,200095.690,188145.500,236350,182105,760889
C3,10,C3-users-010,7,177545.080,174794.500,189806,168544,211944
C3,10,C3-users-010,8,175684.520,172725.000,192612,168873,225854
C2,15,C2-users-015,1,48190.700,44576.500,53174,43617,295795
C2,15,C2-users-015,2,46546.100,44837.000,54082,43734,76638
C2,15,C2-users-015,3,42551.820,41575.000,46606,40682,49798
C2,15,C2-users-015,4,43242.550,41593.500,53013,40856,66513
C2,15,C2-users-015,5,42024.130,41344.000,44439,40673,57875
C2,15,C2-users-015,6,42751.710,41283.500,52077,40619,68797
C2,15,C2-users-015,7,41930.550,41419.500,44530,40711,47362
C2,15,C2-users-015,8,42552.160,41482.000,46826,40595,60258
C5,50,C5-users-050,1,1301345.150,1257654.500,1357207,1216386,4080253
C5,50,C5-users-050,2,1265376.690,1245879.000,1347864,1215135,1619312
C5,50,C5-users-050,3,1304902.510,1254298.000,1407058,1212743,4088965
C5,50,C5-users-050,4,1251741.240,1247438.000,1295361,1212288,1340144
C5,50,C5-users-050,5,1288809.360,1249720.000,1349624,1213600,4084894
C5,50,C5-users-050,6,1280631.520,1244074.000,1326020,1212238,3976044
C5,50,C5-users-050,7,1252118.810,1243867.000,1305401,1215503,1385208
C5,50,C5-users-050,8,1286782.980,1253147.000,1320087,1209926,3633513
C5,200,C5-users-200,1,1304572.420,1260172.500,1328456,1216319,4934745
C5,200,C5-users-200,2,1303417.010,1252994.000,1363856,1208664,4984766
C5,200,C5-users-200,3,1259546.850,1252538.000,1314087,1216208,1363876
C5,200,C5-users-200,4,1299249.110,1255543.500,1329333,1214334,5203426
C5,200,C5-users-200,5,1300982.930,1255644.500,1315099,1219150,5281241
C5,200,C5-users-200,6,1250468.300,1246030.000,1296913,1211133,1365565
C5,200,C5-users-200,7,1300182.720,1254737.000,1343410,1214172,4961767
C5,200,C5-users-200,8,1258557.830,1256511.000,1306749,1214569,1420860
C2,5,C2-users-005,1,49018.720,45069.500,59229,41309,256988
C2,5,C2-users-005,2,44579.270,44556.000,48037,41132,54429
C2,5,C2-users-005,3,43416.780,42274.500,47821,40802,63671
C2,5,C2-users-005,4,43190.600,41915.500,48307,40800,56186
C2,5,C2-users-005,5,42656.300,41863.000,45227,41064,48086
C2,5,C2-users-005,6,44014.140,42268.500,49452,40953,68300
C2,5,C2-users-005,7,42926.650,41886.000,47056,40756,55535
C2,5,C2-users-005,8,42273.690,41558.000,45168,40921,57033
