rule_name,effect,permission,expected_probe_match
rule_0001,GRANT,SELECT,true
rule_0002,GRANT,SELECT,false
rule_0003,GRANT,SELECT,false
rule_0004,GRANT,SELECT,false
rule_0005,GRANT,SELECT,false
rule_0006,GRANT,SELECT,false
rule_0007,GRANT,SELECT,false
rule_0008,GRANT,SELECT,false
rule_0009,GRANT,SELECT,false
rule_0010,GRANT,SELECT,false
rule_0011,GRANT,SELECT,false
rule_0012,GRANT,SELECT,false
rule_0013,GRANT,SELECT,false
rule_0014,GRANT,SELECT,false
rule_0015,GRANT,SELECT,false
rule_0016,GRANT,SELECT,false
rule_0017,GRANT,SELECT,false
rule_0018,GRANT,SELECT,false
rule_0019,GRANT,SELECT,false
rule_0020,GRANT,SELECT,false
rule_0021,GRANT,SELECT,false
rule_0022,GRANT,SELECT,false
rule_0023,GRANT,SELECT,false
rule_0024,GRANT,SELECT,false
rule_0025,GRANT,SELECT,false
rule_0026,GRANT,SELECT,false
rule_0027,GRANT,SELECT,false
rule_0028,GRANT,SELECT,false
rule_0029,GRANT,SELECT,false
rule_0030,GRANT,SELECT,false
rule_0031,GRANT,SELECT,false
rule_0032,GRANT,SELECT,false
rule_0033,GRANT,SELECT,false
rule_0034,GRANT,SELECT,false
rule_0035,GRANT,SELECT,false
rule_0036,GRANT,SELECT,false
rule_0037,GRANT,SELECT,false
rule_0038,GRANT,SELECT,false
rule_0039,GRANT,SELECT,false
rule_0040,GRANT,SELECT,false
rule_0041,GRANT,SELECT,false
rule_0042,GRANT,SELECT,false
rule_0043,GRANT,SELECT,false
rule_0044,GRANT,SELECT,false
rule_0045,GRANT,SELECT,false
rule_0046,GRANT,SELECT,false
rule_0047,GRANT,SELECT,false
rule_0048,GRANT,SELECT,false
rule_0049,GRANT,SELECT,false
rule_0050,GRANT,SELECT,false
rule_0051,GRANT,SELECT,false
rule_0052,GRANT,SELECT,false
rule_0053,GRANT,SELECT,false
rule_0054,GRANT,SELECT,false
rule_0055,GRANT,SELECT,false
rule_0056,GRANT,SELECT,false
rule_0057,GRANT,SELECT,false
rule_0058,GRANT,SELECT,false
rule_0059,GRANT,SELECT,false
rule_0060,GRANT,SELECT,false
rule_0061,GRANT,SELECT,false
rule_0062,GRANT,SELECT,false
rule_0063,GRANT,SELECT,false
rule_0064,GRANT,SELECT,false
rule_0065,GRANT,SELECT,false
rule_0066,GRANT,SELECT,false
rule_0067,GRANT,SELECT,false
rule_0068,GRANT,SELECT,false
rule_0069,GRANT,SELECT,false
rule_0070,GRANT,SELECT,false
rule_0071,GRANT,SELECT,false
rule_0072,GRANT,SELECT,false
rule_0073,GRANT,SELECT,false
rule_0074,GRANT,SELECT,false
rule_0075,GRANT,SELECT,false
rule_0076,GRANT,SELECT,false
rule_0077,GRANT,SELECT,false
rule_0078,GRANT,SELECT,false
rule_0079,GRANT,SELECT,false
rule_0080,GRANT,SELECT,false
rule_0081,GRANT,SELECT,false
rule_0082,GRANT,SELECT,false
rule_0083,GRANT,SELECT,false
rule_0084,GRANT,SELECT,false
rule_0085,GRANT,SELECT,false
rule_0086,GRANT,SELECT,false
rule_0087,GRANT,SELECT,false
rule_0088,GRANT,SELECT,false
rule_0089,GRANT,SELECT,false
rule_0090,GRANT,SELECT,false
rule_0091,GRANT,SELECT,false
rule_0092,GRANT,SELECT,false
rule_0093,GRANT,SELECT,false
rule_0094,GRANT,SELECT,false
rule_0095,GRANT,SELECT,false
rule_0096,GRANT,SELECT,false
rule_0097,GRANT,SELECT,false
rule_0098,GRANT,SELECT,false
rule_0099,GRANT,SELECT,false
rule_0100,GRANT,SELECT,false
