profile,rule_count,point_id,configuration_json,users_csv,resources_csv,user_attributes_csv,resource_attributes_csv,environment_attributes_csv,abac_rules_csv,rule_conditions_csv
C1,1,C1-rules-001,config-001/rules-001/configuration.json,../config-001/users.csv,../config-001/resources.csv,../config-001/user_attributes.csv,../config-001/resource_attributes.csv,../config-001/environment_attributes.csv,config-001/rules-001/abac_rules.csv,config-001/rules-001/rule_conditions.csv
C1,10,C1-rules-010,config-001/rules-010/configuration.json,../config-001/users.csv,../config-001/resources.csv,../config-001/user_attributes.csv,../config-001/resource_attributes.csv,../config-001/environment_attributes.csv,config-001/rules-010/abac_rules.csv,config-001/rules-010/rule_conditions.csv
C1,50,C1-rules-050,config-001/rules-050/configuration.json,../config-001/users.csv,../config-001/resources.csv,../config-001/user_attributes.csv,../config-001/resource_attributes.csv,../config-001/environment_attributes.csv,config-001/rules-050/abac_rules.csv,config-001/rules-050/rule_conditions.csv
C1,100,C1-rules-100,config-001/rules-100/configuration.json,../config-001/users.csv,../config-001/resources.csv,../config-001/user_attributes.csv,../config-001/resource_attributes.csv,../config-001/environment_attributes.csv,config-001/rules-100/abac_rules.csv,config-001/rules-100/rule_conditions.csv
C1,250,C1-rules-250,config-001/rules-250/configuration.json,../config-001/users.csv,../config-001/resources.csv,../config-001/user_attributes.csv,../config-001/resource_attributes.csv,../config-001/environment_attributes.csv,config-001/rules-250/abac_rules.csv,config-001/rules-250/rule_conditions.csv
C1,500,C1-rules-500,config-001/rules-500/configuration.json,../config-001/users.csv,../config-001/resources.csv,../config-001/user_attributes.csv,../config-001/resource_attributes.csv,../config-001/environment_attributes.csv,config-001/rules-500/abac_rules.csv,config-001/rules-500/rule_conditions.csv
C2,1,C2-rules-001,config-002/rules-001/configuration.json,../config-002/users.csv,../config-002/resources.csv,../config-002/user_attributes.csv,../config-002/resource_attributes.csv,../config-002/environment_attributes.csv,config-002/rules-001/abac_rules.csv,config-002/rules-001/rule_conditions.csv
C2,10,C2-rules-010,config-002/rules-010/configuration.json,../config-002/users.csv,../config-002/resources.csv,../config-002/user_attributes.csv,../config-002/resource_attributes.csv,../config-002/environment_attributes.csv,config-002/rules-010/abac_rules.csv,config-002/rules-010/rule_conditions.csv
C2,50,C2-rules-050,config-002/rules-050/configuration.json,../config-002/users.csv,../config-002/resources.csv,../config-002/user_attributes.csv,../config-002/resource_attributes.csv,../config-002/environment_attributes.csv,config-002/rules-050/abac_rules.csv,config-002/rules-050/rule_conditions.csv
C2,100,C2-rules-100,config-002/rules-100/configuration.json,../config-002/users.csv,../config-002/resources.csv,../config-002/user_attributes.csv,../config-002/resource_attributes.csv,../config-002/environment_attributes.csv,config-002/rules-100/abac_rules.csv,config-002/rules-100/rule_conditions.csv
C2,250,C2-rules-250,config-002/rules-250/configuration.json,../config-002/users.csv,../config-002/resources.csv,../config-002/user_attributes.csv,../config-002/resource_attributes.csv,../config-002/environment_attributes.csv,config-002/rules-250/abac_rules.csv,config-002/rules-250/rule_conditions.csv
C2,500,C2-rules-500,config-002/rules-500/configuration.json,../config-002/users.csv,../config-002/resources.csv,../config-002/user_attributes.csv,../config-002/resource_attributes.csv,../config-002/environment_attributes.csv,config-002/rules-500/abac_rules.csv,config-002/rules-500/rule_conditions.csv
C3,1,C3-rules-001,config-003/rules-001/configuration.json,../config-003/users.csv,../config-003/resources.csv,../config-003/user_attributes.csv,../config-003/resource_attributes.csv,../config-003/environment_attributes.csv,config-003/rules-001/abac_rules.csv,config-003/rules-001/rule_conditions.csv
C3,10,C3-rules-010,config-003/rules-010/configuration.json,../config-003/users.csv,../config-003/resources.csv,../config-003/user_attributes.csv,../config-003/resource_attributes.csv,../config-003/environment_attributes.csv,config-003/rules-010/abac_rules.csv,config-003/rules-010/rule_conditions.csv
C3,50,C3-rules-050,config-003/rules-050/configuration.json,../config-003/users.csv,../config-003/resources.csv,../config-003/user_attributes.csv,../config-003/resource_attributes.csv,../config-003/environment_attributes.csv,config-003/rules-050/abac_rules.csv,config-003/rules-050/rule_conditions.csv
C3,100,C3-rules-100,config-003/rules-100/configuration.json,../config-003/users.csv,../config-003/resources.csv,../config-003/user_attributes.csv,../config-003/resource_attributes.csv,../config-003/environment_attributes.csv,config-003/rules-100/abac_rules.csv,config-003/rules-100/rule_conditions.csv
C3,250,C3-rules-250,config-003/rules-250/configuration.json,../config-003/users.csv,../config-003/resources.csv,../config-003/user_attributes.csv,../config-003/resource_attributes.csv,../config-003/environment_attributes.csv,config-003/rules-250/abac_rules.csv,config-003/rules-250/rule_conditions.csv
C3,500,C3-rules-500,config-003/rules-500/configuration.json,../config-003/users.csv,../config-003/resources.csv,../config-003/user_attributes.csv,../config-003/resource_attributes.csv,../config-003/environment_attributes.csv,config-003/rules-500/abac_rules.csv,config-003/rules-500/rule_conditions.csv
C4,1,C4-rules-001,config-004/rules-001/configuration.json,../config-004/users.csv,../config-004/resources.csv,../config-004/user_attributes.csv,../config-004/resource_attributes.csv,../config-004/environment_attributes.csv,config-004/rules-001/abac_rules.csv,config-004/rules-001/rule_conditions.csv
C4,10,C4-rules-010,config-004/rules-010/configuration.json,../config-004/users.csv,../config-004/resources.csv,../config-004/user_attributes.csv,../config-004/resource_attributes.csv,../config-004/environment_attributes.csv,config-004/rules-010/abac_rules.csv,config-004/rules-010/rule_conditions.csv
C4,50,C4-rules-050,config-004/rules-050/configuration.json,../config-004/users.csv,../config-004/resources.csv,../config-004/user_attributes.csv,../config-004/resource_attributes.csv,../config-004/environment_attributes.csv,config-004/rules-050/abac_rules.csv,config-004/rules-050/rule_conditions.csv
C4,100,C4-rules-100,config-004/rules-100/configuration.json,../config-004/users.csv,../config-004/resources.csv,../config-004/user_attributes.csv,../config-004/resource_attributes.csv,../config-004/environment_attributes.csv,config-004/rules-100/abac_rules.csv,config-004/rules-100/rule_conditions.csv
C4,250,C4-rules-250,config-004/rules-250/configuration.json,../config-004/users.csv,../config-004/resources.csv,../config-004/user_attributes.csv,../config-004/resource_attributes.csv,../config-004/environment_attributes.csv,config-004/rules-250/abac_rules.csv,config-004/rules-250/rule_conditions.csv
C4,500,C4-rules-500,config-004/rules-500/configuration.json,../config-004/users.csv,../config-004/resources.csv,../config-004/user_attributes.csv,../config-004/resource_attributes.csv,../config-004/environment_attributes.csv,config-004/rules-500/abac_rules.csv,config-004/rules-500/rule_conditions.csv
C5,1,C5-rules-001,config-005/rules-001/configuration.json,../config-005/users.csv,../config-005/resources.csv,../config-005/user_attributes.csv,../config-005/resource_attributes.csv,../config-005/environment_attributes.csv,config-005/rules-001/abac_rules.csv,config-005/rules-001/rule_conditions.csv
C5,10,C5-rules-010,config-005/rules-010/configuration.json,../config-005/users.csv,../config-005/resources.csv,../config-005/user_attributes.csv,../config-005/resource_attributes.csv,../config-005/environment_attributes.csv,config-005/rules-010/abac_rules.csv,config-005/rules-010/rule_conditions.csv
C5,50,C5-rules-050,config-005/rules-050/configuration.json,../config-005/users.csv,../config-005/resources.csv,../config-005/user_attributes.csv,../config-005/resource_attributes.csv,../config-005/environment_attributes.csv,config-005/rules-050/abac_rules.csv,config-005/rules-050/rule_conditions.csv
C5,100,C5-rules-100,config-005/rules-100/configuration.json,../config-005/users.csv,../config-005/resources.csv,../config-005/user_attributes.csv,../config-005/resource_attributes.csv,../config-005/environment_attributes.csv,config-005/rules-100/abac_rules.csv,config-005/rules-100/rule_conditions.csv
C5,250,C5-rules-250,config-005/rules-250/configuration.json,../config-005/users.csv,../config-005/resources.csv,../config-005/user_attributes.csv,../config-005/resource_attributes.csv,../config-005/environment_attributes.csv,config-005/rules-250/abac_rules.csv,config-005/rules-250/rule_conditions.csv
C5,500,C5-rules-500,config-005/rules-500/configuration.json,../config-005/users.csv,../config-005/resources.csv,../config-005/user_attributes.csv,../config-005/resource_attributes.csv,../config-005/environment_attributes.csv,config-005/rules-500/abac_rules.csv,config-005/rules-500/rule_conditions.csv
C6,1,C6-rules-001,config-006/rules-001/configuration.json,../config-006/users.csv,../config-006/resources.csv,../config-006/user_attributes.csv,../config-006/resource_attributes.csv,../config-006/environment_attributes.csv,config-006/rules-001/abac_rules.csv,config-006/rules-001/rule_conditions.csv
C6,10,C6-rules-010,config-006/rules-010/configuration.json,../config-006/users.csv,../config-006/resources.csv,../config-006/user_attributes.csv,../config-006/resource_attributes.csv,../config-006/environment_attributes.csv,config-006/rules-010/abac_rules.csv,config-006/rules-010/rule_conditions.csv
C6,50,C6-rules-050,config-006/rules-050/configuration.json,../config-006/users.csv,../config-006/resources.csv,../config-006/user_attributes.csv,../config-006/resource_attributes.csv,../config-006/environment_attributes.csv,config-006/rules-050/abac_rules.csv,config-006/rules-050/rule_conditions.csv
C6,100,C6-rules-100,config-006/rules-100/configuration.json,../config-006/users.csv,../config-006/resources.csv,../config-006/user_attributes.csv,../config-006/resource_attributes.csv,../config-006/environment_attributes.csv,config-006/rules-100/abac_rules.csv,config-006/rules-100/rule_conditions.csv
C6,250,C6-rules-250,config-006/rules-250/configuration.json,../config-006/users.csv,../config-006/resources.csv,../config-006/user_attributes.csv,../config-006/resource_attributes.csv,../config-006/environment_attributes.csv,config-006/rules-250/abac_rules.csv,config-006/rules-250/rule_conditions.csv
C6,500,C6-rules-500,config-006/rules-500/configuration.json,../config-006/users.csv,../config-006/resources.csv,../config-006/user_attributes.csv,../config-006/resource_attributes.csv,../config-006/environment_attributes.csv,config-006/rules-500/abac_rules.csv,config-006/rules-500/rule_conditions.csv
