profile,users,point_id,configuration_json,users_csv,resources_csv,user_attributes_csv,resource_attributes_csv,environment_attributes_csv,abac_rules_csv,rule_conditions_csv
C1,1,C1-users-001,config-001/users-001/configuration.json,config-001/users-001/users.csv,../config-001/resources.csv,config-001/users-001/user_attributes.csv,../config-001/resource_attributes.csv,../config-001/environment_attributes.csv,config-001/users-001/abac_rules.csv,config-001/users-001/rule_conditions.csv
C1,2,C1-users-002,config-001/users-002/configuration.json,config-001/users-002/users.csv,../config-001/resources.csv,config-001/users-002/user_attributes.csv,../config-001/resource_attributes.csv,../config-001/environment_attributes.csv,config-001/users-002/abac_rules.csv,config-001/users-002/rule_conditions.csv
C1,5,C1-users-005,config-001/users-005/configuration.json,config-001/users-005/users.csv,../config-001/resources.csv,config-001/users-005/user_attributes.csv,../config-001/resource_attributes.csv,../config-001/environment_attributes.csv,config-001/users-005/abac_rules.csv,config-001/users-005/rule_conditions.csv
C1,10,C1-users-010,config-001/users-010/configuration.json,config-001/users-010/users.csv,../config-001/resources.csv,config-001/users-010/user_attributes.csv,../config-001/resource_attributes.csv,../config-001/environment_attributes.csv,config-001/users-010/abac_rules.csv,config-001/users-010/rule_conditions.csv
C2,1,C2-users-001,config-002/users-001/configuration.json,config-002/users-001/users.csv,../config-002/resources.csv,config-002/users-001/user_attributes.csv,../config-002/resource_attributes.csv,../config-002/environment_attributes.csv,config-002/users-001/abac_rules.csv,config-002/users-001/rule_conditions.csv
C2,5,C2-users-005,config-002/users-005/configuration.json,config-002/users-005/users.csv,../config-002/resources.csv,config-002/users-005/user_attributes.csv,../config-002/resource_attributes.csv,../config-002/environment_attributes.csv,config-002/users-005/abac_rules.csv,config-002/users-005/rule_conditions.csv
C2,10,C2-users-010,config-002/users-010/configuration.json,config-002/users-010/users.csv,../config-002/resources.csv,config-002/users-010/user_attributes.csv,../config-002/resource_attributes.csv,../config-002/environment_attributes.csv,config-002/users-010/abac_rules.csv,config-002/users-010/rule_conditions.csv
C2,15,C2-users-015,config-002/users-015/configuration.json,config-002/users-015/users.csv,../config-002/resources.csv,config-002/users-015/user_attributes.csv,../config-002/resource_attributes.csv,../config-002/environment_attributes.csv,config-002/users-015/abac_rules.csv,config-002/users-015/rule_conditions.csv
C2,25,C2-users-025,config-002/users-025/configuration.json,config-002/users-025/users.csv,../config-002/resources.csv,config-002/users-025/user_attributes.csv,../config-002/resource_attributes.csv,../config-002/environment_attributes.csv,config-002/users-025/abac_rules.csv,config-002/users-025/rule_conditions.csv
C3,1,C3-users-001,config-003/users-001/configuration.json,config-003/users-001/users.csv,../config-003/resources.csv,config-003/users-001/user_attributes.csv,../config-003/resource_attributes.csv,../config-003/environment_attributes.csv,config-003/users-001/abac_rules.csv,config-003/users-001/rule_conditions.csv
C3,10,C3-users-010,config-003/users-010/configuration.json,config-003/users-010/users.csv,../config-003/resources.csv,config-003/users-010/user_attributes.csv,../config-003/resource_attributes.csv,../config-003/environment_attributes.csv,config-003/users-010/abac_rules.csv,config-003/users-010/rule_conditions.csv
C3,25,C3-users-025,config-003/users-025/configuration.json,config-003/users-025/users.csv,../config-003/resources.csv,config-003/users-025/user_attributes.csv,../config-003/resource_attributes.csv,../config-003/environment_attributes.csv,config-003/users-025/abac_rules.csv,config-003/users-025/rule_conditions.csv
C3,50,C3-users-050,config-003/users-050/configuration.json,config-003/users-050/users.csv,../config-003/resources.csv,config-003/users-050/user_attributes.csv,../config-003/resource_attributes.csv,../config-003/environment_attributes.csv,config-003/users-050/abac_rules.csv,config-003/users-050/rule_conditions.csv
C4,1,C4-users-001,config-004/users-001/configuration.json,config-004/users-001/users.csv,../config-004/resources.csv,config-004/users-001/user_attributes.csv,../config-004/resource_attributes.csv,../config-004/environment_attributes.csv,config-004/users-001/abac_rules.csv,config-004/users-001/rule_conditions.csv
C4,25,C4-users-025,config-004/users-025/configuration.json,config-004/users-025/users.csv,../config-004/resources.csv,config-004/users-025/user_attributes.csv,../config-004/resource_attributes.csv,../config-004/environment_attributes.csv,config-004/users-025/abac_rules.csv,config-004/users-025/rule_conditions.csv
C4,50,C4-users-050,config-004/users-050/configuration.json,config-004/users-050/users.csv,../config-004/resources.csv,config-004/users-050/user_attributes.csv,../config-004/resource_attributes.csv,../config-004/environment_attributes.csv,config-004/users-050/abac_rules.csv,config-004/users-050/rule_conditions.csv
C4,75,C4-users-075,config-004/users-075/configuration.json,config-004/users-075/users.csv,../config-004/resources.csv,config-004/users-075/user_attributes.csv,../config-004/resource_attributes.csv,../config-004/environment_attributes.csv,config-004/users-075/abac_rules.csv,config-004/users-075/rule_conditions.csv
C4,100,C4-users-100,config-004/users-100/configuration.json,config-004/users-100/users.csv,../config-004/resources.csv,config-004/users-100/user_attributes.csv,../config-004/resource_attributes.csv,../config-004/environment_attributes.csv,config-004/users-100/abac_rules.csv,config-004/users-100/rule_conditions.csv
C5,1,C5-users-001,config-005/users-001/configuration.json,config-005/users-001/users.csv,../config-005/resources.csv,config-005/users-001/user_attributes.csv,../config-005/resource_attributes.csv,../config-005/environment_attributes.csv,config-005/users-001/abac_rules.csv,config-005/users-001/rule_conditions.csv
C5,50,C5-users-050,config-005/users-050/configuration.json,config-005/users-050/users.csv,../config-005/resources.csv,config-005/users-050/user_attributes.csv,../config-005/resource_attributes.csv,../config-005/environment_attributes.csv,config-005/users-050/abac_rules.csv,config-005/users-050/rule_conditions.csv
C5,100,C5-users-100,config-005/users-100/configuration.json,config-005/users-100/users.csv,../config-005/resources.csv,config-005/users-100/user_attributes.csv,../config-005/resource_attributes.csv,../config-005/environment_attributes.csv,config-005/users-100/abac_rules.csv,config-005/users-100/rule_conditions.csv
C5,150,C5-users-150,config-005/users-150/configuration.json,config-005/users-150/users.csv,../config-005/resources.csv,config-005/users-150/user_attributes.csv,../config-005/resource_attributes.csv,../config-005/environment_attributes.csv,config-005/users-150/abac_rules.csv,config-005/users-150/rule_conditions.csv
C5,200,C5-users-200,config-005/users-200/configuration.json,config-005/users-200/users.csv,../config-005/resources.csv,config-005/users-200/user_attributes.csv,../config-005/resource_attributes.csv,../config-005/environment_attributes.csv,config-005/users-200/abac_rules.csv,config-005/users-200/rule_conditions.csv
C5,250,C5-users-250,config-005/users-250/configuration.json,config-005/users-250/users.csv,../config-005/resources.csv,config-005/users-250/user_attributes.csv,../config-005/resource_attributes.csv,../config-005/environment_attributes.csv,config-005/users-250/abac_rules.csv,config-005/users-250/rule_conditions.csv
C6,1,C6-users-001,config-006/users-001/configuration.json,config-006/users-001/users.csv,../config-006/resources.csv,config-006/users-001/user_attributes.csv,../config-006/resource_attributes.csv,../config-006/environment_attributes.csv,config-006/users-001/abac_rules.csv,config-006/users-001/rule_conditions.csv
C6,100,C6-users-100,config-006/users-100/configuration.json,config-006/users-100/users.csv,../config-006/resources.csv,config-006/users-100/user_attributes.csv,../config-006/resource_attributes.csv,../config-006/environment_attributes.csv,config-006/users-100/abac_rules.csv,config-006/users-100/rule_conditions.csv
C6,200,C6-users-200,config-006/users-200/configuration.json,config-006/users-200/users.csv,../config-006/resources.csv,config-006/users-200/user_attributes.csv,../config-006/resource_attributes.csv,../config-006/environment_attributes.csv,config-006/users-200/abac_rules.csv,config-006/users-200/rule_conditions.csv
C6,300,C6-users-300,config-006/users-300/configuration.json,config-006/users-300/users.csv,../config-006/resources.csv,config-006/users-300/user_attributes.csv,../config-006/resource_attributes.csv,../config-006/environment_attributes.csv,config-006/users-300/abac_rules.csv,config-006/users-300/rule_conditions.csv
C6,400,C6-users-400,config-006/users-400/configuration.json,config-006/users-400/users.csv,../config-006/resources.csv,config-006/users-400/user_attributes.csv,../config-006/resource_attributes.csv,../config-006/environment_attributes.csv,config-006/users-400/abac_rules.csv,config-006/users-400/rule_conditions.csv
C6,500,C6-users-500,config-006/users-500/configuration.json,config-006/users-500/users.csv,../config-006/resources.csv,config-006/users-500/user_attributes.csv,../config-006/resource_attributes.csv,../config-006/environment_attributes.csv,config-006/users-500/abac_rules.csv,config-006/users-500/rule_conditions.csv
