profile,resources,point_id,configuration_json,users_csv,resources_csv,user_attributes_csv,resource_attributes_csv,environment_attributes_csv,abac_rules_csv,rule_conditions_csv
C1,10,C1-resources-0010,config-001/resources-0010/configuration.json,../config-001/users.csv,config-001/resources-0010/resources.csv,../config-001/user_attributes.csv,config-001/resources-0010/resource_attributes.csv,../config-001/environment_attributes.csv,config-001/resources-0010/abac_rules.csv,config-001/resources-0010/rule_conditions.csv
C1,20,C1-resources-0020,config-001/resources-0020/configuration.json,../config-001/users.csv,config-001/resources-0020/resources.csv,../config-001/user_attributes.csv,config-001/resources-0020/resource_attributes.csv,../config-001/environment_attributes.csv,config-001/resources-0020/abac_rules.csv,config-001/resources-0020/rule_conditions.csv
C1,50,C1-resources-0050,config-001/resources-0050/configuration.json,../config-001/users.csv,config-001/resources-0050/resources.csv,../config-001/user_attributes.csv,config-001/resources-0050/resource_attributes.csv,../config-001/environment_attributes.csv,config-001/resources-0050/abac_rules.csv,config-001/resources-0050/rule_conditions.csv
C1,100,C1-resources-0100,config-001/resources-0100/configuration.json,../config-001/users.csv,config-001/resources-0100/resources.csv,../config-001/user_attributes.csv,config-001/resources-0100/resource_attributes.csv,../config-001/environment_attributes.csv,config-001/resources-0100/abac_rules.csv,config-001/resources-0100/rule_conditions.csv
C2,25,C2-resources-0025,config-002/resources-0025/configuration.json,../config-002/users.csv,config-002/resources-0025/resources.csv,../config-002/user_attributes.csv,config-002/resources-0025/resource_attributes.csv,../config-002/environment_attributes.csv,config-002/resources-0025/abac_rules.csv,config-002/resources-0025/rule_conditions.csv
C2,50,C2-resources-0050,config-002/resources-0050/configuration.json,../config-002/users.csv,config-002/resources-0050/resources.csv,../config-002/user_attributes.csv,config-002/resources-0050/resource_attributes.csv,../config-002/environment_attributes.csv,config-002/resources-0050/abac_rules.csv,config-002/resources-0050/rule_conditions.csv
C2,100,C2-resources-0100,config-002/resources-0100/configuration.json,../config-002/users.csv,config-002/resources-0100/resources.csv,../config-002/user_attributes.csv,config-002/resources-0100/resource_attributes.csv,../config-002/environment_attributes.csv,config-002/resources-0100/abac_rules.csv,config-002/resources-0100/rule_conditions.csv
C2,150,C2-resources-0150,config-002/resources-0150/configuration.json,../config-002/users.csv,config-002/resources-0150/resources.csv,../config-002/user_attributes.csv,config-002/resources-0150/resource_attributes.csv,../config-002/environment_attributes.csv,config-002/resources-0150/abac_rules.csv,config-002/resources-0150/rule_conditions.csv
C2,250,C2-resources-0250,config-002/resources-0250/configuration.json,../config-002/users.csv,config-002/resources-0250/resources.csv,../config-002/user_attributes.csv,config-002/resources-0250/resource_attributes.csv,../config-002/environment_attributes.csv,config-002/resources-0250/abac_rules.csv,config-002/resources-0250/rule_conditions.csv
C3,50,C3-resources-0050,config-003/resources-0050/configuration.json,../config-003/users.csv,config-003/resources-0050/resources.csv,../config-003/user_attributes.csv,config-003/resources-0050/resource_attributes.csv,../config-003/environment_attributes.csv,config-003/resources-0050/abac_rules.csv,config-003/resources-0050/rule_conditions.csv
C3,100,C3-resources-0100,config-003/resources-0100/configuration.json,../config-003/users.csv,config-003/resources-0100/resources.csv,../config-003/user_attributes.csv,config-003/resources-0100/resource_attributes.csv,../config-003/environment_attributes.csv,config-003/resources-0100/abac_rules.csv,config-003/resources-0100/rule_conditions.csv
C3,250,C3-resources-0250,config-003/resources-0250/configuration.json,../config-003/users.csv,config-003/resources-0250/resources.csv,../config-003/user_attributes.csv,config-003/resources-0250/resource_attributes.csv,../config-003/environment_attributes.csv,config-003/resources-0250/abac_rules.csv,config-003/resources-0250/rule_conditions.csv
C3,500,C3-resources-0500,config-003/resources-0500/configuration.json,../config-003/users.csv,config-003/resources-0500/resources.csv,../config-003/user_attributes.csv,config-003/resources-0500/resource_attributes.csv,../config-003/environment_attributes.csv,config-003/resources-0500/abac_rules.csv,config-003/resources-0500/rule_conditions.csv
C4,100,C4-resources-0100,config-004/resources-0100/configuration.json,../config-004/users.csv,config-004/resources-0100/resources.csv,../config-004/user_attributes.csv,config-004/resources-0100/resource_attributes.csv,../config-004/environment_attributes.csv,config-004/resources-0100/abac_rules.csv,config-004/resources-0100/rule_conditions.csv
C4,250,C4-resources-0250,config-004/resources-0250/configuration.json,../config-004/users.csv,config-004/resources-0250/resources.csv,../config-004/user_attributes.csv,config-004/resources-0250/resource_attributes.csv,../config-004/environment_attributes.csv,config-004/resources-0250/abac_rules.csv,config-004/resources-0250/rule_conditions.csv
C4,500,C4-resources-0500,config-004/resources-0500/configuration.json,../config-004/users.csv,config-004/resources-0500/resources.csv,../config-004/user_attributes.csv,config-004/resources-0500/resource_attributes.csv,../config-004/environment_attributes.csv,config-004/resources-0500/abac_rules.csv,config-004/resources-0500/rule_conditions.csv
C4,750,C4-resources-0750,config-004/resources-0750/configuration.json,../config-004/users.csv,config-004/resources-0750/resources.csv,../config-004/user_attributes.csv,config-004/resources-0750/resource_attributes.csv,../config-004/environment_attributes.csv,config-004/resources-0750/abac_rules.csv,config-004/resources-0750/rule_conditions.csv
C4,1000,C4-resources-1000,config-004/resources-1000/configuration.json,../config-004/users.csv,config-004/resources-1000/resources.csv,../config-004/user_attributes.csv,config-004/resources-1000/resource_attributes.csv,../config-004/environment_attributes.csv,config-004/resources-1000/abac_rules.csv,config-004/resources-1000/rule_conditions.csv
C5,250,C5-resources-0250,config-005/resources-0250/configuration.json,../config-005/users.csv,config-005/resources-0250/resources.csv,../config-005/user_attributes.csv,config-005/resources-0250/resource_attributes.csv,../config-005/environment_attributes.csv,config-005/resources-0250/abac_rules.csv,config-005/resources-0250/rule_conditions.csv
C5,500,C5-resources-0500,config-005/resources-0500/configuration.json,../config-005/users.csv,config-005/resources-0500/resources.csv,../config-005/user_attributes.csv,config-005/resources-0500/resource_attributes.csv,../config-005/environment_attributes.csv,config-005/resources-0500/abac_rules.csv,config-005/resources-0500/rule_conditions.csv
C5,1000,C5-resources-1000,config-005/resources-1000/configuration.json,../config-005/users.csv,config-005/resources-1000/resources.csv,../config-005/user_attributes.csv,config-005/resources-1000/resource_attributes.csv,../config-005/environment_attributes.csv,config-005/resources-1000/abac_rules.csv,config-005/resources-1000/rule_conditions.csv
C5,1500,C5-resources-1500,config-005/resources-1500/configuration.json,../config-005/users.csv,config-005/resources-1500/resources.csv,../config-005/user_attributes.csv,config-005/resources-1500/resource_attributes.csv,../config-005/environment_attributes.csv,config-005/resources-1500/abac_rules.csv,config-005/resources-1500/rule_conditions.csv
C5,2000,C5-resources-2000,config-005/resources-2000/configuration.json,../config-005/users.csv,config-005/resources-2000/resources.csv,../config-005/user_attributes.csv,config-005/resources-2000/resource_attributes.csv,../config-005/environment_attributes.csv,config-005/resources-2000/abac_rules.csv,config-005/resources-2000/rule_conditions.csv
C5,2500,C5-resources-2500,config-005/resources-2500/configuration.json,../config-005/users.csv,config-005/resources-2500/resources.csv,../config-005/user_attributes.csv,config-005/resources-2500/resource_attributes.csv,../config-005/environment_attributes.csv,config-005/resources-2500/abac_rules.csv,config-005/resources-2500/rule_conditions.csv
C6,500,C6-resources-0500,config-006/resources-0500/configuration.json,../config-006/users.csv,config-006/resources-0500/resources.csv,../config-006/user_attributes.csv,config-006/resources-0500/resource_attributes.csv,../config-006/environment_attributes.csv,config-006/resources-0500/abac_rules.csv,config-006/resources-0500/rule_conditions.csv
C6,1000,C6-resources-1000,config-006/resources-1000/configuration.json,../config-006/users.csv,config-006/resources-1000/resources.csv,../config-006/user_attributes.csv,config-006/resources-1000/resource_attributes.csv,../config-006/environment_attributes.csv,config-006/resources-1000/abac_rules.csv,config-006/resources-1000/rule_conditions.csv
C6,2000,C6-resources-2000,config-006/resources-2000/configuration.json,../config-006/users.csv,config-006/resources-2000/resources.csv,../config-006/user_attributes.csv,config-006/resources-2000/resource_attributes.csv,../config-006/environment_attributes.csv,config-006/resources-2000/abac_rules.csv,config-006/resources-2000/rule_conditions.csv
C6,3000,C6-resources-3000,config-006/resources-3000/configuration.json,../config-006/users.csv,config-006/resources-3000/resources.csv,../config-006/user_attributes.csv,config-006/resources-3000/resource_attributes.csv,../config-006/environment_attributes.csv,config-006/resources-3000/abac_rules.csv,config-006/resources-3000/rule_conditions.csv
C6,4000,C6-resources-4000,config-006/resources-4000/configuration.json,../config-006/users.csv,config-006/resources-4000/resources.csv,../config-006/user_attributes.csv,config-006/resources-4000/resource_attributes.csv,../config-006/environment_attributes.csv,config-006/resources-4000/abac_rules.csv,config-006/resources-4000/rule_conditions.csv
C6,5000,C6-resources-5000,config-006/resources-5000/configuration.json,../config-006/users.csv,config-006/resources-5000/resources.csv,../config-006/user_attributes.csv,config-006/resources-5000/resource_attributes.csv,../config-006/environment_attributes.csv,config-006/resources-5000/abac_rules.csv,config-006/resources-5000/rule_conditions.csv
