profile,conditions_per_rule,point_id,configuration_json,users_csv,resources_csv,user_attributes_csv,resource_attributes_csv,environment_attributes_csv,abac_rules_csv,rule_conditions_csv
C1,1,C1-conditions-001,config-001/conditions-001/configuration.json,../config-001/users.csv,../config-001/resources.csv,../config-001/user_attributes.csv,../config-001/resource_attributes.csv,../config-001/environment_attributes.csv,config-001/conditions-001/abac_rules.csv,config-001/conditions-001/rule_conditions.csv
C1,2,C1-conditions-002,config-001/conditions-002/configuration.json,../config-001/users.csv,../config-001/resources.csv,../config-001/user_attributes.csv,../config-001/resource_attributes.csv,../config-001/environment_attributes.csv,config-001/conditions-002/abac_rules.csv,config-001/conditions-002/rule_conditions.csv
C2,1,C2-conditions-001,config-002/conditions-001/configuration.json,../config-002/users.csv,../config-002/resources.csv,../config-002/user_attributes.csv,../config-002/resource_attributes.csv,../config-002/environment_attributes.csv,config-002/conditions-001/abac_rules.csv,config-002/conditions-001/rule_conditions.csv
C2,2,C2-conditions-002,config-002/conditions-002/configuration.json,../config-002/users.csv,../config-002/resources.csv,../config-002/user_attributes.csv,../config-002/resource_attributes.csv,../config-002/environment_attributes.csv,config-002/conditions-002/abac_rules.csv,config-002/conditions-002/rule_conditions.csv
C2,3,C2-conditions-003,config-002/conditions-003/configuration.json,../config-002/users.csv,../config-002/resources.csv,../config-002/user_attributes.csv,../config-002/resource_attributes.csv,../config-002/environment_attributes.csv,config-002/conditions-003/abac_rules.csv,config-002/conditions-003/rule_conditions.csv
C2,4,C2-conditions-004,config-002/conditions-004/configuration.json,../config-002/users.csv,../config-002/resources.csv,../config-002/user_attributes.csv,../config-002/resource_attributes.csv,../config-002/environment_attributes.csv,config-002/conditions-004/abac_rules.csv,config-002/conditions-004/rule_conditions.csv
C3,1,C3-conditions-001,config-003/conditions-001/configuration.json,../config-003/users.csv,../config-003/resources.csv,../config-003/user_attributes.csv,../config-003/resource_attributes.csv,../config-003/environment_attributes.csv,config-003/conditions-001/abac_rules.csv,config-003/conditions-001/rule_conditions.csv
C3,2,C3-conditions-002,config-003/conditions-002/configuration.json,../config-003/users.csv,../config-003/resources.csv,../config-003/user_attributes.csv,../config-003/resource_attributes.csv,../config-003/environment_attributes.csv,config-003/conditions-002/abac_rules.csv,config-003/conditions-002/rule_conditions.csv
C3,4,C3-conditions-004,config-003/conditions-004/configuration.json,../config-003/users.csv,../config-003/resources.csv,../config-003/user_attributes.csv,../config-003/resource_attributes.csv,../config-003/environment_attributes.csv,config-003/conditions-004/abac_rules.csv,config-003/conditions-004/rule_conditions.csv
C3,6,C3-conditions-006,config-003/conditions-006/configuration.json,../config-003/users.csv,../config-003/resources.csv,../config-003/user_attributes.csv,../config-003/resource_attributes.csv,../config-003/environment_attributes.csv,config-003/conditions-006/abac_rules.csv,config-003/conditions-006/rule_conditions.csv
C3,8,C3-conditions-008,config-003/conditions-008/configuration.json,../config-003/users.csv,../config-003/resources.csv,../config-003/user_attributes.csv,../config-003/resource_attributes.csv,../config-003/environment_attributes.csv,config-003/conditions-008/abac_rules.csv,config-003/conditions-008/rule_conditions.csv
C4,1,C4-conditions-001,config-004/conditions-001/configuration.json,../config-004/users.csv,../config-004/resources.csv,../config-004/user_attributes.csv,../config-004/resource_attributes.csv,../config-004/environment_attributes.csv,config-004/conditions-001/abac_rules.csv,config-004/conditions-001/rule_conditions.csv
C4,2,C4-conditions-002,config-004/conditions-002/configuration.json,../config-004/users.csv,../config-004/resources.csv,../config-004/user_attributes.csv,../config-004/resource_attributes.csv,../config-004/environment_attributes.csv,config-004/conditions-002/abac_rules.csv,config-004/conditions-002/rule_conditions.csv
C4,4,C4-conditions-004,config-004/conditions-004/configuration.json,../config-004/users.csv,../config-004/resources.csv,../config-004/user_attributes.csv,../config-004/resource_attributes.csv,../config-004/environment_attributes.csv,config-004/conditions-004/abac_rules.csv,config-004/conditions-004/rule_conditions.csv
C4,8,C4-conditions-008,config-004/conditions-008/configuration.json,../config-004/users.csv,../config-004/resources.csv,../config-004/user_attributes.csv,../config-004/resource_attributes.csv,../config-004/environment_attributes.csv,config-004/conditions-008/abac_rules.csv,config-004/conditions-008/rule_conditions.csv
C4,12,C4-conditions-012,config-004/conditions-012/configuration.json,../config-004/users.csv,../config-004/resources.csv,../config-004/user_attributes.csv,../config-004/resource_attributes.csv,../config-004/environment_attributes.csv,config-004/conditions-012/abac_rules.csv,config-004/conditions-012/rule_conditions.csv
C4,16,C4-conditions-016,config-004/conditions-016/configuration.json,../config-004/users.csv,../config-004/resources.csv,../config-004/user_attributes.csv,../config-004/resource_attributes.csv,../config-004/environment_attributes.csv,config-004/conditions-016/abac_rules.csv,config-004/conditions-016/rule_conditions.csv
C5,1,C5-conditions-001,config-005/conditions-001/configuration.json,../config-005/users.csv,../config-005/resources.csv,../config-005/user_attributes.csv,../config-005/resource_attributes.csv,../config-005/environment_attributes.csv,config-005/conditions-001/abac_rules.csv,config-005/conditions-001/rule_conditions.csv
C5,2,C5-conditions-002,config-005/conditions-002/configuration.json,../config-005/users.csv,../config-005/resources.csv,../config-005/user_attributes.csv,../config-005/resource_attributes.csv,../config-005/environment_attributes.csv,config-005/conditions-002/abac_rules.csv,config-005/conditions-002/rule_conditions.csv
C5,4,C5-conditions-004,config-005/conditions-004/configuration.json,../config-005/users.csv,../config-005/resources.csv,../config-005/user_attributes.csv,../config-005/resource_attributes.csv,../config-005/environment_attributes.csv,config-005/conditions-004/abac_rules.csv,config-005/conditions-004/rule_conditions.csv
C5,8,C5-conditions-008,config-005/conditions-008/configuration.json,../config-005/users.csv,../config-005/resources.csv,../config-005/user_attributes.csv,../config-005/resource_attributes.csv,../config-005/environment_attributes.csv,config-005/conditions-008/abac_rules.csv,config-005/conditions-008/rule_conditions.csv
C5,12,C5-conditions-012,config-005/conditions-012/configuration.json,../config-005/users.csv,../config-005/resources.csv,../config-005/user_attributes.csv,../config-005/resource_attributes.csv,../config-005/environment_attributes.csv,config-005/conditions-012/abac_rules.csv,config-005/conditions-012/rule_conditions.csv
C5,16,C5-conditions-016,config-005/conditions-016/configuration.json,../config-005/users.csv,../config-005/resources.csv,../config-005/user_attributes.csv,../config-005/resource_attributes.csv,../config-005/environment_attributes.csv,config-005/conditions-016/abac_rules.csv,config-005/conditions-016/rule_conditions.csv
C5,24,C5-conditions-024,config-005/conditions-024/configuration.json,../config-005/users.csv,../config-005/resources.csv,../config-005/user_attributes.csv,../config-005/resource_attributes.csv,../config-005/environment_attributes.csv,config-005/conditions-024/abac_rules.csv,config-005/conditions-024/rule_conditions.csv
C6,1,C6-conditions-001,config-006/conditions-001/configuration.json,../config-006/users.csv,../config-006/resources.csv,../config-006/user_attributes.csv,../config-006/resource_attributes.csv,../config-006/environment_attributes.csv,config-006/conditions-001/abac_rules.csv,config-006/conditions-001/rule_conditions.csv
C6,2,C6-conditions-002,config-006/conditions-002/configuration.json,../config-006/users.csv,../config-006/resources.csv,../config-006/user_attributes.csv,../config-006/resource_attributes.csv,../config-006/environment_attributes.csv,config-006/conditions-002/abac_rules.csv,config-006/conditions-002/rule_conditions.csv
C6,4,C6-conditions-004,config-006/conditions-004/configuration.json,../config-006/users.csv,../config-006/resources.csv,../config-006/user_attributes.csv,../config-006/resource_attributes.csv,../config-006/environment_attributes.csv,config-006/conditions-004/abac_rules.csv,config-006/conditions-004/rule_conditions.csv
C6,8,C6-conditions-008,config-006/conditions-008/configuration.json,../config-006/users.csv,../config-006/resources.csv,../config-006/user_attributes.csv,../config-006/resource_attributes.csv,../config-006/environment_attributes.csv,config-006/conditions-008/abac_rules.csv,config-006/conditions-008/rule_conditions.csv
C6,12,C6-conditions-012,config-006/conditions-012/configuration.json,../config-006/users.csv,../config-006/resources.csv,../config-006/user_attributes.csv,../config-006/resource_attributes.csv,../config-006/environment_attributes.csv,config-006/conditions-012/abac_rules.csv,config-006/conditions-012/rule_conditions.csv
C6,16,C6-conditions-016,config-006/conditions-016/configuration.json,../config-006/users.csv,../config-006/resources.csv,../config-006/user_attributes.csv,../config-006/resource_attributes.csv,../config-006/environment_attributes.csv,config-006/conditions-016/abac_rules.csv,config-006/conditions-016/rule_conditions.csv
C6,24,C6-conditions-024,config-006/conditions-024/configuration.json,../config-006/users.csv,../config-006/resources.csv,../config-006/user_attributes.csv,../config-006/resource_attributes.csv,../config-006/environment_attributes.csv,config-006/conditions-024/abac_rules.csv,config-006/conditions-024/rule_conditions.csv
C6,32,C6-conditions-032,config-006/conditions-032/configuration.json,../config-006/users.csv,../config-006/resources.csv,../config-006/user_attributes.csv,../config-006/resource_attributes.csv,../config-006/environment_attributes.csv,config-006/conditions-032/abac_rules.csv,config-006/conditions-032/rule_conditions.csv
