user_name,attribute_name,attribute_value
benchmark_user_0001,u_attr_01,value_01
benchmark_user_0001,u_attr_02,value_01
benchmark_user_0001,u_attr_03,value_00
benchmark_user_0001,u_attr_04,value_01
benchmark_user_0001,u_attr_05,value_01
benchmark_user_0001,u_attr_06,value_01
benchmark_user_0001,u_attr_07,value_01
benchmark_user_0001,u_attr_08,value_01
benchmark_user_0002,u_attr_01,value_01
benchmark_user_0002,u_attr_02,value_00
benchmark_user_0002,u_attr_03,value_00
benchmark_user_0002,u_attr_04,value_00
benchmark_user_0002,u_attr_05,value_00
benchmark_user_0002,u_attr_06,value_01
benchmark_user_0002,u_attr_07,value_01
benchmark_user_0002,u_attr_08,value_01
benchmark_user_0003,u_attr_01,value_00
benchmark_user_0003,u_attr_02,value_01
benchmark_user_0003,u_attr_03,value_00
benchmark_user_0003,u_attr_04,value_00
benchmark_user_0003,u_attr_05,value_00
benchmark_user_0003,u_attr_06,value_00
benchmark_user_0003,u_attr_07,value_00
benchmark_user_0003,u_attr_08,value_01
benchmark_user_0004,u_attr_01,value_00
benchmark_user_0004,u_attr_02,value_01
benchmark_user_0004,u_attr_03,value_01
benchmark_user_0004,u_attr_04,value_01
benchmark_user_0004,u_attr_05,value_01
benchmark_user_0004,u_attr_06,value_00
benchmark_user_0004,u_attr_07,value_01
benchmark_user_0004,u_attr_08,value_00
benchmark_user_0005,u_attr_01,value_00
benchmark_user_0005,u_attr_02,value_00
benchmark_user_0005,u_attr_03,value_01
benchmark_user_0005,u_attr_04,value_01
benchmark_user_0005,u_attr_05,value_01
benchmark_user_0005,u_attr_06,value_01
benchmark_user_0005,u_attr_07,value_00
benchmark_user_0005,u_attr_08,value_00
benchmark_user_0006,u_attr_01,value_01
benchmark_user_0006,u_attr_02,value_01
benchmark_user_0006,u_attr_03,value_01
benchmark_user_0006,u_attr_04,value_01
benchmark_user_0006,u_attr_05,value_01
benchmark_user_0006,u_attr_06,value_00
benchmark_user_0006,u_attr_07,value_01
benchmark_user_0006,u_attr_08,value_01
benchmark_user_0007,u_attr_01,value_01
benchmark_user_0007,u_attr_02,value_01
benchmark_user_0007,u_attr_03,value_01
benchmark_user_0007,u_attr_04,value_01
benchmark_user_0007,u_attr_05,value_00
benchmark_user_0007,u_attr_06,value_01
benchmark_user_0007,u_attr_07,value_01
benchmark_user_0007,u_attr_08,value_01
benchmark_user_0008,u_attr_01,value_01
benchmark_user_0008,u_attr_02,value_00
benchmark_user_0008,u_attr_03,value_01
benchmark_user_0008,u_attr_04,value_01
benchmark_user_0008,u_attr_05,value_01
benchmark_user_0008,u_attr_06,value_01
benchmark_user_0008,u_attr_07,value_00
benchmark_user_0008,u_attr_08,value_00
benchmark_user_0009,u_attr_01,value_01
benchmark_user_0009,u_attr_02,value_00
benchmark_user_0009,u_attr_03,value_00
benchmark_user_0009,u_attr_04,value_01
benchmark_user_0009,u_attr_05,value_00
benchmark_user_0009,u_attr_06,value_00
benchmark_user_0009,u_attr_07,value_00
benchmark_user_0009,u_attr_08,value_01
benchmark_user_0010,u_attr_01,value_00
benchmark_user_0010,u_attr_02,value_01
benchmark_user_0010,u_attr_03,value_00
benchmark_user_0010,u_attr_04,value_01
benchmark_user_0010,u_attr_05,value_00
benchmark_user_0010,u_attr_06,value_01
benchmark_user_0010,u_attr_07,value_01
benchmark_user_0010,u_attr_08,value_01
benchmark_user_0011,u_attr_01,value_01
benchmark_user_0011,u_attr_02,value_00
benchmark_user_0011,u_attr_03,value_00
benchmark_user_0011,u_attr_04,value_00
benchmark_user_0011,u_attr_05,value_01
benchmark_user_0011,u_attr_06,value_01
benchmark_user_0011,u_attr_07,value_01
benchmark_user_0011,u_attr_08,value_01
benchmark_user_0012,u_attr_01,value_01
benchmark_user_0012,u_attr_02,value_01
benchmark_user_0012,u_attr_03,value_01
benchmark_user_0012,u_attr_04,value_00
benchmark_user_0012,u_attr_05,value_00
benchmark_user_0012,u_attr_06,value_00
benchmark_user_0012,u_attr_07,value_01
benchmark_user_0012,u_attr_08,value_01
benchmark_user_0013,u_attr_01,value_00
benchmark_user_0013,u_attr_02,value_01
benchmark_user_0013,u_attr_03,value_00
benchmark_user_0013,u_attr_04,value_01
benchmark_user_0013,u_attr_05,value_00
benchmark_user_0013,u_attr_06,value_01
benchmark_user_0013,u_attr_07,value_00
benchmark_user_0013,u_attr_08,value_01
benchmark_user_0014,u_attr_01,value_01
benchmark_user_0014,u_attr_02,value_01
benchmark_user_0014,u_attr_03,value_00
benchmark_user_0014,u_attr_04,value_01
benchmark_user_0014,u_attr_05,value_00
benchmark_user_0014,u_attr_06,value_01
benchmark_user_0014,u_attr_07,value_01
benchmark_user_0014,u_attr_08,value_01
benchmark_user_0015,u_attr_01,value_00
benchmark_user_0015,u_attr_02,value_00
benchmark_user_0015,u_attr_03,value_00
benchmark_user_0015,u_attr_04,value_01
benchmark_user_0015,u_attr_05,value_01
benchmark_user_0015,u_attr_06,value_00
benchmark_user_0015,u_attr_07,value_01
benchmark_user_0015,u_attr_08,value_01
benchmark_user_0016,u_attr_01,value_01
benchmark_user_0016,u_attr_02,value_00
benchmark_user_0016,u_attr_03,value_00
benchmark_user_0016,u_attr_04,value_01
benchmark_user_0016,u_attr_05,value_01
benchmark_user_0016,u_attr_06,value_01
benchmark_user_0016,u_attr_07,value_00
benchmark_user_0016,u_attr_08,value_01
benchmark_user_0017,u_attr_01,value_00
benchmark_user_0017,u_attr_02,value_00
benchmark_user_0017,u_attr_03,value_00
benchmark_user_0017,u_attr_04,value_00
benchmark_user_0017,u_attr_05,value_01
benchmark_user_0017,u_attr_06,value_00
benchmark_user_0017,u_attr_07,value_01
benchmark_user_0017,u_attr_08,value_00
benchmark_user_0018,u_attr_01,value_01
benchmark_user_0018,u_attr_02,value_00
benchmark_user_0018,u_attr_03,value_00
benchmark_user_0018,u_attr_04,value_00
benchmark_user_0018,u_attr_05,value_00
benchmark_user_0018,u_attr_06,value_00
benchmark_user_0018,u_attr_07,value_01
benchmark_user_0018,u_attr_08,value_00
benchmark_user_0019,u_attr_01,value_01
benchmark_user_0019,u_attr_02,value_00
benchmark_user_0019,u_attr_03,value_01
benchmark_user_0019,u_attr_04,value_00
benchmark_user_0019,u_attr_05,value_00
benchmark_user_0019,u_attr_06,value_01
benchmark_user_0019,u_attr_07,value_01
benchmark_user_0019,u_attr_08,value_00
benchmark_user_0020,u_attr_01,value_00
benchmark_user_0020,u_attr_02,value_01
benchmark_user_0020,u_attr_03,value_00
benchmark_user_0020,u_attr_04,value_00
benchmark_user_0020,u_attr_05,value_01
benchmark_user_0020,u_attr_06,value_01
benchmark_user_0020,u_attr_07,value_01
benchmark_user_0020,u_attr_08,value_01
benchmark_user_0021,u_attr_01,value_00
benchmark_user_0021,u_attr_02,value_01
benchmark_user_0021,u_attr_03,value_01
benchmark_user_0021,u_attr_04,value_01
benchmark_user_0021,u_attr_05,value_00
benchmark_user_0021,u_attr_06,value_01
benchmark_user_0021,u_attr_07,value_00
benchmark_user_0021,u_attr_08,value_00
benchmark_user_0022,u_attr_01,value_00
benchmark_user_0022,u_attr_02,value_01
benchmark_user_0022,u_attr_03,value_00
benchmark_user_0022,u_attr_04,value_01
benchmark_user_0022,u_attr_05,value_01
benchmark_user_0022,u_attr_06,value_00
benchmark_user_0022,u_attr_07,value_01
benchmark_user_0022,u_attr_08,value_00
benchmark_user_0023,u_attr_01,value_00
benchmark_user_0023,u_attr_02,value_01
benchmark_user_0023,u_attr_03,value_01
benchmark_user_0023,u_attr_04,value_01
benchmark_user_0023,u_attr_05,value_01
benchmark_user_0023,u_attr_06,value_00
benchmark_user_0023,u_attr_07,value_00
benchmark_user_0023,u_attr_08,value_01
benchmark_user_0024,u_attr_01,value_01
benchmark_user_0024,u_attr_02,value_00
benchmark_user_0024,u_attr_03,value_01
benchmark_user_0024,u_attr_04,value_01
benchmark_user_0024,u_attr_05,value_01
benchmark_user_0024,u_attr_06,value_00
benchmark_user_0024,u_attr_07,value_00
benchmark_user_0024,u_attr_08,value_01
benchmark_user_0025,u_attr_01,value_01
benchmark_user_0025,u_attr_02,value_00
benchmark_user_0025,u_attr_03,value_01
benchmark_user_0025,u_attr_04,value_00
benchmark_user_0025,u_attr_05,value_00
benchmark_user_0025,u_attr_06,value_01
benchmark_user_0025,u_attr_07,value_01
benchmark_user_0025,u_attr_08,value_00
benchmark_user_0026,u_attr_01,value_01
benchmark_user_0026,u_attr_02,value_00
benchmark_user_0026,u_attr_03,value_00
benchmark_user_0026,u_attr_04,value_01
benchmark_user_0026,u_attr_05,value_01
benchmark_user_0026,u_attr_06,value_00
benchmark_user_0026,u_attr_07,value_01
benchmark_user_0026,u_attr_08,value_00
benchmark_user_0027,u_attr_01,value_00
benchmark_user_0027,u_attr_02,value_01
benchmark_user_0027,u_attr_03,value_01
benchmark_user_0027,u_attr_04,value_00
benchmark_user_0027,u_attr_05,value_01
benchmark_user_0027,u_attr_06,value_00
benchmark_user_0027,u_attr_07,value_00
benchmark_user_0027,u_attr_08,value_01
benchmark_user_0028,u_attr_01,value_00
benchmark_user_0028,u_attr_02,value_00
benchmark_user_0028,u_attr_03,value_00
benchmark_user_0028,u_attr_04,value_01
benchmark_user_0028,u_attr_05,value_01
benchmark_user_0028,u_attr_06,value_00
benchmark_user_0028,u_attr_07,value_01
benchmark_user_0028,u_attr_08,value_01
benchmark_user_0029,u_attr_01,value_00
benchmark_user_0029,u_attr_02,value_01
benchmark_user_0029,u_attr_03,value_01
benchmark_user_0029,u_attr_04,value_00
benchmark_user_0029,u_attr_05,value_00
benchmark_user_0029,u_attr_06,value_01
benchmark_user_0029,u_attr_07,value_01
benchmark_user_0029,u_attr_08,value_01
benchmark_user_0030,u_attr_01,value_01
benchmark_user_0030,u_attr_02,value_01
benchmark_user_0030,u_attr_03,value_00
benchmark_user_0030,u_attr_04,value_01
benchmark_user_0030,u_attr_05,value_01
benchmark_user_0030,u_attr_06,value_00
benchmark_user_0030,u_attr_07,value_01
benchmark_user_0030,u_attr_08,value_01
benchmark_user_0031,u_attr_01,value_01
benchmark_user_0031,u_attr_02,value_01
benchmark_user_0031,u_attr_03,value_01
benchmark_user_0031,u_attr_04,value_01
benchmark_user_0031,u_attr_05,value_00
benchmark_user_0031,u_attr_06,value_00
benchmark_user_0031,u_attr_07,value_00
benchmark_user_0031,u_attr_08,value_00
benchmark_user_0032,u_attr_01,value_01
benchmark_user_0032,u_attr_02,value_00
benchmark_user_0032,u_attr_03,value_01
benchmark_user_0032,u_attr_04,value_00
benchmark_user_0032,u_attr_05,value_01
benchmark_user_0032,u_attr_06,value_00
benchmark_user_0032,u_attr_07,value_00
benchmark_user_0032,u_attr_08,value_01
benchmark_user_0033,u_attr_01,value_01
benchmark_user_0033,u_attr_02,value_00
benchmark_user_0033,u_attr_03,value_01
benchmark_user_0033,u_attr_04,value_00
benchmark_user_0033,u_attr_05,value_01
benchmark_user_0033,u_attr_06,value_01
benchmark_user_0033,u_attr_07,value_01
benchmark_user_0033,u_attr_08,value_00
benchmark_user_0034,u_attr_01,value_01
benchmark_user_0034,u_attr_02,value_01
benchmark_user_0034,u_attr_03,value_01
benchmark_user_0034,u_attr_04,value_01
benchmark_user_0034,u_attr_05,value_01
benchmark_user_0034,u_attr_06,value_01
benchmark_user_0034,u_attr_07,value_00
benchmark_user_0034,u_attr_08,value_01
benchmark_user_0035,u_attr_01,value_00
benchmark_user_0035,u_attr_02,value_01
benchmark_user_0035,u_attr_03,value_00
benchmark_user_0035,u_attr_04,value_00
benchmark_user_0035,u_attr_05,value_00
benchmark_user_0035,u_attr_06,value_00
benchmark_user_0035,u_attr_07,value_01
benchmark_user_0035,u_attr_08,value_01
benchmark_user_0036,u_attr_01,value_01
benchmark_user_0036,u_attr_02,value_01
benchmark_user_0036,u_attr_03,value_00
benchmark_user_0036,u_attr_04,value_00
benchmark_user_0036,u_attr_05,value_00
benchmark_user_0036,u_attr_06,value_00
benchmark_user_0036,u_attr_07,value_01
benchmark_user_0036,u_attr_08,value_01
benchmark_user_0037,u_attr_01,value_00
benchmark_user_0037,u_attr_02,value_01
benchmark_user_0037,u_attr_03,value_00
benchmark_user_0037,u_attr_04,value_00
benchmark_user_0037,u_attr_05,value_01
benchmark_user_0037,u_attr_06,value_00
benchmark_user_0037,u_attr_07,value_01
benchmark_user_0037,u_attr_08,value_00
benchmark_user_0038,u_attr_01,value_01
benchmark_user_0038,u_attr_02,value_00
benchmark_user_0038,u_attr_03,value_01
benchmark_user_0038,u_attr_04,value_00
benchmark_user_0038,u_attr_05,value_00
benchmark_user_0038,u_attr_06,value_00
benchmark_user_0038,u_attr_07,value_01
benchmark_user_0038,u_attr_08,value_01
benchmark_user_0039,u_attr_01,value_00
benchmark_user_0039,u_attr_02,value_01
benchmark_user_0039,u_attr_03,value_00
benchmark_user_0039,u_attr_04,value_00
benchmark_user_0039,u_attr_05,value_01
benchmark_user_0039,u_attr_06,value_01
benchmark_user_0039,u_attr_07,value_01
benchmark_user_0039,u_attr_08,value_00
benchmark_user_0040,u_attr_01,value_00
benchmark_user_0040,u_attr_02,value_00
benchmark_user_0040,u_attr_03,value_00
benchmark_user_0040,u_attr_04,value_01
benchmark_user_0040,u_attr_05,value_01
benchmark_user_0040,u_attr_06,value_01
benchmark_user_0040,u_attr_07,value_00
benchmark_user_0040,u_attr_08,value_00
benchmark_user_0041,u_attr_01,value_00
benchmark_user_0041,u_attr_02,value_00
benchmark_user_0041,u_attr_03,value_00
benchmark_user_0041,u_attr_04,value_01
benchmark_user_0041,u_attr_05,value_01
benchmark_user_0041,u_attr_06,value_00
benchmark_user_0041,u_attr_07,value_01
benchmark_user_0041,u_attr_08,value_01
benchmark_user_0042,u_attr_01,value_01
benchmark_user_0042,u_attr_02,value_00
benchmark_user_0042,u_attr_03,value_01
benchmark_user_0042,u_attr_04,value_01
benchmark_user_0042,u_attr_05,value_00
benchmark_user_0042,u_attr_06,value_01
benchmark_user_0042,u_attr_07,value_00
benchmark_user_0042,u_attr_08,value_01
benchmark_user_0043,u_attr_01,value_00
benchmark_user_0043,u_attr_02,value_00
benchmark_user_0043,u_attr_03,value_00
benchmark_user_0043,u_attr_04,value_00
benchmark_user_0043,u_attr_05,value_01
benchmark_user_0043,u_attr_06,value_00
benchmark_user_0043,u_attr_07,value_01
benchmark_user_0043,u_attr_08,value_01
benchmark_user_0044,u_attr_01,value_01
benchmark_user_0044,u_attr_02,value_01
benchmark_user_0044,u_attr_03,value_01
benchmark_user_0044,u_attr_04,value_01
benchmark_user_0044,u_attr_05,value_00
benchmark_user_0044,u_attr_06,value_00
benchmark_user_0044,u_attr_07,value_00
benchmark_user_0044,u_attr_08,value_00
benchmark_user_0045,u_attr_01,value_00
benchmark_user_0045,u_attr_02,value_01
benchmark_user_0045,u_attr_03,value_01
benchmark_user_0045,u_attr_04,value_00
benchmark_user_0045,u_attr_05,value_00
benchmark_user_0045,u_attr_06,value_00
benchmark_user_0045,u_attr_07,value_01
benchmark_user_0045,u_attr_08,value_00
benchmark_user_0046,u_attr_01,value_01
benchmark_user_0046,u_attr_02,value_01
benchmark_user_0046,u_attr_03,value_00
benchmark_user_0046,u_attr_04,value_01
benchmark_user_0046,u_attr_05,value_00
benchmark_user_0046,u_attr_06,value_01
benchmark_user_0046,u_attr_07,value_00
benchmark_user_0046,u_attr_08,value_01
benchmark_user_0047,u_attr_01,value_00
benchmark_user_0047,u_attr_02,value_01
benchmark_user_0047,u_attr_03,value_00
benchmark_user_0047,u_attr_04,value_01
benchmark_user_0047,u_attr_05,value_00
benchmark_user_0047,u_attr_06,value_00
benchmark_user_0047,u_attr_07,value_01
benchmark_user_0047,u_attr_08,value_00
benchmark_user_0048,u_attr_01,value_00
benchmark_user_0048,u_attr_02,value_01
benchmark_user_0048,u_attr_03,value_00
benchmark_user_0048,u_attr_04,value_01
benchmark_user_0048,u_attr_05,value_01
benchmark_user_0048,u_attr_06,value_01
benchmark_user_0048,u_attr_07,value_01
benchmark_user_0048,u_attr_08,value_00
benchmark_user_0049,u_attr_01,value_01
benchmark_user_0049,u_attr_02,value_00
benchmark_user_0049,u_attr_03,value_01
benchmark_user_0049,u_attr_04,value_01
benchmark_user_0049,u_attr_05,value_01
benchmark_user_0049,u_attr_06,value_01
benchmark_user_0049,u_attr_07,value_00
benchmark_user_0049,u_attr_08,value_01
benchmark_user_0050,u_attr_01,value_00
benchmark_user_0050,u_attr_02,value_01
benchmark_user_0050,u_attr_03,value_01
benchmark_user_0050,u_attr_04,value_01
benchmark_user_0050,u_attr_05,value_00
benchmark_user_0050,u_attr_06,value_01
benchmark_user_0050,u_attr_07,value_00
benchmark_user_0050,u_attr_08,value_01
benchmark_user_0051,u_attr_01,value_00
benchmark_user_0051,u_attr_02,value_01
benchmark_user_0051,u_attr_03,value_00
benchmark_user_0051,u_attr_04,value_00
benchmark_user_0051,u_attr_05,value_00
benchmark_user_0051,u_attr_06,value_01
benchmark_user_0051,u_attr_07,value_01
benchmark_user_0051,u_attr_08,value_00
benchmark_user_0052,u_attr_01,value_00
benchmark_user_0052,u_attr_02,value_01
benchmark_user_0052,u_attr_03,value_01
benchmark_user_0052,u_attr_04,value_01
benchmark_user_0052,u_attr_05,value_01
benchmark_user_0052,u_attr_06,value_00
benchmark_user_0052,u_attr_07,value_01
benchmark_user_0052,u_attr_08,value_01
benchmark_user_0053,u_attr_01,value_00
benchmark_user_0053,u_attr_02,value_01
benchmark_user_0053,u_attr_03,value_01
benchmark_user_0053,u_attr_04,value_01
benchmark_user_0053,u_attr_05,value_01
benchmark_user_0053,u_attr_06,value_01
benchmark_user_0053,u_attr_07,value_01
benchmark_user_0053,u_attr_08,value_01
benchmark_user_0054,u_attr_01,value_01
benchmark_user_0054,u_attr_02,value_00
benchmark_user_0054,u_attr_03,value_01
benchmark_user_0054,u_attr_04,value_00
benchmark_user_0054,u_attr_05,value_00
benchmark_user_0054,u_attr_06,value_01
benchmark_user_0054,u_attr_07,value_00
benchmark_user_0054,u_attr_08,value_01
benchmark_user_0055,u_attr_01,value_01
benchmark_user_0055,u_attr_02,value_01
benchmark_user_0055,u_attr_03,value_01
benchmark_user_0055,u_attr_04,value_01
benchmark_user_0055,u_attr_05,value_01
benchmark_user_0055,u_attr_06,value_01
benchmark_user_0055,u_attr_07,value_01
benchmark_user_0055,u_attr_08,value_00
benchmark_user_0056,u_attr_01,value_00
benchmark_user_0056,u_attr_02,value_00
benchmark_user_0056,u_attr_03,value_00
benchmark_user_0056,u_attr_04,value_01
benchmark_user_0056,u_attr_05,value_00
benchmark_user_0056,u_attr_06,value_00
benchmark_user_0056,u_attr_07,value_00
benchmark_user_0056,u_attr_08,value_00
benchmark_user_0057,u_attr_01,value_01
benchmark_user_0057,u_attr_02,value_00
benchmark_user_0057,u_attr_03,value_00
benchmark_user_0057,u_attr_04,value_01
benchmark_user_0057,u_attr_05,value_00
benchmark_user_0057,u_attr_06,value_00
benchmark_user_0057,u_attr_07,value_01
benchmark_user_0057,u_attr_08,value_01
benchmark_user_0058,u_attr_01,value_00
benchmark_user_0058,u_attr_02,value_01
benchmark_user_0058,u_attr_03,value_01
benchmark_user_0058,u_attr_04,value_01
benchmark_user_0058,u_attr_05,value_00
benchmark_user_0058,u_attr_06,value_00
benchmark_user_0058,u_attr_07,value_00
benchmark_user_0058,u_attr_08,value_01
benchmark_user_0059,u_attr_01,value_00
benchmark_user_0059,u_attr_02,value_01
benchmark_user_0059,u_attr_03,value_00
benchmark_user_0059,u_attr_04,value_01
benchmark_user_0059,u_attr_05,value_00
benchmark_user_0059,u_attr_06,value_00
benchmark_user_0059,u_attr_07,value_01
benchmark_user_0059,u_attr_08,value_00
benchmark_user_0060,u_attr_01,value_00
benchmark_user_0060,u_attr_02,value_01
benchmark_user_0060,u_attr_03,value_01
benchmark_user_0060,u_attr_04,value_01
benchmark_user_0060,u_attr_05,value_01
benchmark_user_0060,u_attr_06,value_00
benchmark_user_0060,u_attr_07,value_01
benchmark_user_0060,u_attr_08,value_00
benchmark_user_0061,u_attr_01,value_01
benchmark_user_0061,u_attr_02,value_00
benchmark_user_0061,u_attr_03,value_01
benchmark_user_0061,u_attr_04,value_00
benchmark_user_0061,u_attr_05,value_01
benchmark_user_0061,u_attr_06,value_01
benchmark_user_0061,u_attr_07,value_01
benchmark_user_0061,u_attr_08,value_00
benchmark_user_0062,u_attr_01,value_00
benchmark_user_0062,u_attr_02,value_00
benchmark_user_0062,u_attr_03,value_00
benchmark_user_0062,u_attr_04,value_01
benchmark_user_0062,u_attr_05,value_01
benchmark_user_0062,u_attr_06,value_01
benchmark_user_0062,u_attr_07,value_01
benchmark_user_0062,u_attr_08,value_01
benchmark_user_0063,u_attr_01,value_01
benchmark_user_0063,u_attr_02,value_01
benchmark_user_0063,u_attr_03,value_01
benchmark_user_0063,u_attr_04,value_00
benchmark_user_0063,u_attr_05,value_00
benchmark_user_0063,u_attr_06,value_01
benchmark_user_0063,u_attr_07,value_00
benchmark_user_0063,u_attr_08,value_01
benchmark_user_0064,u_attr_01,value_01
benchmark_user_0064,u_attr_02,value_01
benchmark_user_0064,u_attr_03,value_00
benchmark_user_0064,u_attr_04,value_00
benchmark_user_0064,u_attr_05,value_00
benchmark_user_0064,u_attr_06,value_01
benchmark_user_0064,u_attr_07,value_01
benchmark_user_0064,u_attr_08,value_00
benchmark_user_0065,u_attr_01,value_00
benchmark_user_0065,u_attr_02,value_00
benchmark_user_0065,u_attr_03,value_01
benchmark_user_0065,u_attr_04,value_01
benchmark_user_0065,u_attr_05,value_01
benchmark_user_0065,u_attr_06,value_00
benchmark_user_0065,u_attr_07,value_00
benchmark_user_0065,u_attr_08,value_01
benchmark_user_0066,u_attr_01,value_00
benchmark_user_0066,u_attr_02,value_00
benchmark_user_0066,u_attr_03,value_00
benchmark_user_0066,u_attr_04,value_00
benchmark_user_0066,u_attr_05,value_01
benchmark_user_0066,u_attr_06,value_00
benchmark_user_0066,u_attr_07,value_00
benchmark_user_0066,u_attr_08,value_00
benchmark_user_0067,u_attr_01,value_01
benchmark_user_0067,u_attr_02,value_00
benchmark_user_0067,u_attr_03,value_00
benchmark_user_0067,u_attr_04,value_01
benchmark_user_0067,u_attr_05,value_00
benchmark_user_0067,u_attr_06,value_00
benchmark_user_0067,u_attr_07,value_00
benchmark_user_0067,u_attr_08,value_01
benchmark_user_0068,u_attr_01,value_00
benchmark_user_0068,u_attr_02,value_01
benchmark_user_0068,u_attr_03,value_00
benchmark_user_0068,u_attr_04,value_01
benchmark_user_0068,u_attr_05,value_01
benchmark_user_0068,u_attr_06,value_01
benchmark_user_0068,u_attr_07,value_01
benchmark_user_0068,u_attr_08,value_00
benchmark_user_0069,u_attr_01,value_01
benchmark_user_0069,u_attr_02,value_00
benchmark_user_0069,u_attr_03,value_01
benchmark_user_0069,u_attr_04,value_00
benchmark_user_0069,u_attr_05,value_00
benchmark_user_0069,u_attr_06,value_00
benchmark_user_0069,u_attr_07,value_00
benchmark_user_0069,u_attr_08,value_00
benchmark_user_0070,u_attr_01,value_00
benchmark_user_0070,u_attr_02,value_00
benchmark_user_0070,u_attr_03,value_00
benchmark_user_0070,u_attr_04,value_00
benchmark_user_0070,u_attr_05,value_01
benchmark_user_0070,u_attr_06,value_01
benchmark_user_0070,u_attr_07,value_00
benchmark_user_0070,u_attr_08,value_00
benchmark_user_0071,u_attr_01,value_00
benchmark_user_0071,u_attr_02,value_00
benchmark_user_0071,u_attr_03,value_00
benchmark_user_0071,u_attr_04,value_01
benchmark_user_0071,u_attr_05,value_01
benchmark_user_0071,u_attr_06,value_00
benchmark_user_0071,u_attr_07,value_00
benchmark_user_0071,u_attr_08,value_00
benchmark_user_0072,u_attr_01,value_01
benchmark_user_0072,u_attr_02,value_00
benchmark_user_0072,u_attr_03,value_00
benchmark_user_0072,u_attr_04,value_01
benchmark_user_0072,u_attr_05,value_01
benchmark_user_0072,u_attr_06,value_01
benchmark_user_0072,u_attr_07,value_00
benchmark_user_0072,u_attr_08,value_00
benchmark_user_0073,u_attr_01,value_01
benchmark_user_0073,u_attr_02,value_01
benchmark_user_0073,u_attr_03,value_00
benchmark_user_0073,u_attr_04,value_01
benchmark_user_0073,u_attr_05,value_00
benchmark_user_0073,u_attr_06,value_01
benchmark_user_0073,u_attr_07,value_01
benchmark_user_0073,u_attr_08,value_01
benchmark_user_0074,u_attr_01,value_00
benchmark_user_0074,u_attr_02,value_00
benchmark_user_0074,u_attr_03,value_00
benchmark_user_0074,u_attr_04,value_01
benchmark_user_0074,u_attr_05,value_00
benchmark_user_0074,u_attr_06,value_00
benchmark_user_0074,u_attr_07,value_00
benchmark_user_0074,u_attr_08,value_00
benchmark_user_0075,u_attr_01,value_00
benchmark_user_0075,u_attr_02,value_00
benchmark_user_0075,u_attr_03,value_00
benchmark_user_0075,u_attr_04,value_00
benchmark_user_0075,u_attr_05,value_01
benchmark_user_0075,u_attr_06,value_00
benchmark_user_0075,u_attr_07,value_01
benchmark_user_0075,u_attr_08,value_00
benchmark_user_0076,u_attr_01,value_01
benchmark_user_0076,u_attr_02,value_00
benchmark_user_0076,u_attr_03,value_01
benchmark_user_0076,u_attr_04,value_01
benchmark_user_0076,u_attr_05,value_00
benchmark_user_0076,u_attr_06,value_01
benchmark_user_0076,u_attr_07,value_00
benchmark_user_0076,u_attr_08,value_01
benchmark_user_0077,u_attr_01,value_01
benchmark_user_0077,u_attr_02,value_01
benchmark_user_0077,u_attr_03,value_01
benchmark_user_0077,u_attr_04,value_01
benchmark_user_0077,u_attr_05,value_00
benchmark_user_0077,u_attr_06,value_01
benchmark_user_0077,u_attr_07,value_00
benchmark_user_0077,u_attr_08,value_01
benchmark_user_0078,u_attr_01,value_00
benchmark_user_0078,u_attr_02,value_00
benchmark_user_0078,u_attr_03,value_01
benchmark_user_0078,u_attr_04,value_00
benchmark_user_0078,u_attr_05,value_01
benchmark_user_0078,u_attr_06,value_01
benchmark_user_0078,u_attr_07,value_00
benchmark_user_0078,u_attr_08,value_00
benchmark_user_0079,u_attr_01,value_01
benchmark_user_0079,u_attr_02,value_00
benchmark_user_0079,u_attr_03,value_00
benchmark_user_0079,u_attr_04,value_01
benchmark_user_0079,u_attr_05,value_01
benchmark_user_0079,u_attr_06,value_00
benchmark_user_0079,u_attr_07,value_00
benchmark_user_0079,u_attr_08,value_01
benchmark_user_0080,u_attr_01,value_00
benchmark_user_0080,u_attr_02,value_00
benchmark_user_0080,u_attr_03,value_01
benchmark_user_0080,u_attr_04,value_01
benchmark_user_0080,u_attr_05,value_00
benchmark_user_0080,u_attr_06,value_00
benchmark_user_0080,u_attr_07,value_01
benchmark_user_0080,u_attr_08,value_00
benchmark_user_0081,u_attr_01,value_00
benchmark_user_0081,u_attr_02,value_00
benchmark_user_0081,u_attr_03,value_00
benchmark_user_0081,u_attr_04,value_01
benchmark_user_0081,u_attr_05,value_00
benchmark_user_0081,u_attr_06,value_00
benchmark_user_0081,u_attr_07,value_01
benchmark_user_0081,u_attr_08,value_01
benchmark_user_0082,u_attr_01,value_01
benchmark_user_0082,u_attr_02,value_00
benchmark_user_0082,u_attr_03,value_00
benchmark_user_0082,u_attr_04,value_00
benchmark_user_0082,u_attr_05,value_01
benchmark_user_0082,u_attr_06,value_01
benchmark_user_0082,u_attr_07,value_01
benchmark_user_0082,u_attr_08,value_00
benchmark_user_0083,u_attr_01,value_00
benchmark_user_0083,u_attr_02,value_00
benchmark_user_0083,u_attr_03,value_01
benchmark_user_0083,u_attr_04,value_00
benchmark_user_0083,u_attr_05,value_01
benchmark_user_0083,u_attr_06,value_00
benchmark_user_0083,u_attr_07,value_01
benchmark_user_0083,u_attr_08,value_00
benchmark_user_0084,u_attr_01,value_01
benchmark_user_0084,u_attr_02,value_01
benchmark_user_0084,u_attr_03,value_00
benchmark_user_0084,u_attr_04,value_01
benchmark_user_0084,u_attr_05,value_01
benchmark_user_0084,u_attr_06,value_00
benchmark_user_0084,u_attr_07,value_01
benchmark_user_0084,u_attr_08,value_00
benchmark_user_0085,u_attr_01,value_00
benchmark_user_0085,u_attr_02,value_00
benchmark_user_0085,u_attr_03,value_00
benchmark_user_0085,u_attr_04,value_00
benchmark_user_0085,u_attr_05,value_00
benchmark_user_0085,u_attr_06,value_01
benchmark_user_0085,u_attr_07,value_00
benchmark_user_0085,u_attr_08,value_00
benchmark_user_0086,u_attr_01,value_01
benchmark_user_0086,u_attr_02,value_01
benchmark_user_0086,u_attr_03,value_01
benchmark_user_0086,u_attr_04,value_00
benchmark_user_0086,u_attr_05,value_00
benchmark_user_0086,u_attr_06,value_01
benchmark_user_0086,u_attr_07,value_01
benchmark_user_0086,u_attr_08,value_01
benchmark_user_0087,u_attr_01,value_00
benchmark_user_0087,u_attr_02,value_01
benchmark_user_0087,u_attr_03,value_01
benchmark_user_0087,u_attr_04,value_01
benchmark_user_0087,u_attr_05,value_00
benchmark_user_0087,u_attr_06,value_01
benchmark_user_0087,u_attr_07,value_01
benchmark_user_0087,u_attr_08,value_00
benchmark_user_0088,u_attr_01,value_01
benchmark_user_0088,u_attr_02,value_00
benchmark_user_0088,u_attr_03,value_00
benchmark_user_0088,u_attr_04,value_00
benchmark_user_0088,u_attr_05,value_00
benchmark_user_0088,u_attr_06,value_01
benchmark_user_0088,u_attr_07,value_00
benchmark_user_0088,u_attr_08,value_00
benchmark_user_0089,u_attr_01,value_01
benchmark_user_0089,u_attr_02,value_01
benchmark_user_0089,u_attr_03,value_00
benchmark_user_0089,u_attr_04,value_01
benchmark_user_0089,u_attr_05,value_01
benchmark_user_0089,u_attr_06,value_01
benchmark_user_0089,u_attr_07,value_00
benchmark_user_0089,u_attr_08,value_01
benchmark_user_0090,u_attr_01,value_00
benchmark_user_0090,u_attr_02,value_01
benchmark_user_0090,u_attr_03,value_00
benchmark_user_0090,u_attr_04,value_00
benchmark_user_0090,u_attr_05,value_00
benchmark_user_0090,u_attr_06,value_00
benchmark_user_0090,u_attr_07,value_01
benchmark_user_0090,u_attr_08,value_01
benchmark_user_0091,u_attr_01,value_00
benchmark_user_0091,u_attr_02,value_01
benchmark_user_0091,u_attr_03,value_00
benchmark_user_0091,u_attr_04,value_01
benchmark_user_0091,u_attr_05,value_00
benchmark_user_0091,u_attr_06,value_00
benchmark_user_0091,u_attr_07,value_00
benchmark_user_0091,u_attr_08,value_00
benchmark_user_0092,u_attr_01,value_01
benchmark_user_0092,u_attr_02,value_00
benchmark_user_0092,u_attr_03,value_00
benchmark_user_0092,u_attr_04,value_00
benchmark_user_0092,u_attr_05,value_00
benchmark_user_0092,u_attr_06,value_01
benchmark_user_0092,u_attr_07,value_00
benchmark_user_0092,u_attr_08,value_01
benchmark_user_0093,u_attr_01,value_00
benchmark_user_0093,u_attr_02,value_01
benchmark_user_0093,u_attr_03,value_01
benchmark_user_0093,u_attr_04,value_00
benchmark_user_0093,u_attr_05,value_00
benchmark_user_0093,u_attr_06,value_00
benchmark_user_0093,u_attr_07,value_01
benchmark_user_0093,u_attr_08,value_00
benchmark_user_0094,u_attr_01,value_01
benchmark_user_0094,u_attr_02,value_01
benchmark_user_0094,u_attr_03,value_01
benchmark_user_0094,u_attr_04,value_01
benchmark_user_0094,u_attr_05,value_00
benchmark_user_0094,u_attr_06,value_00
benchmark_user_0094,u_attr_07,value_01
benchmark_user_0094,u_attr_08,value_00
benchmark_user_0095,u_attr_01,value_00
benchmark_user_0095,u_attr_02,value_01
benchmark_user_0095,u_attr_03,value_00
benchmark_user_0095,u_attr_04,value_01
benchmark_user_0095,u_attr_05,value_01
benchmark_user_0095,u_attr_06,value_01
benchmark_user_0095,u_attr_07,value_00
benchmark_user_0095,u_attr_08,value_01
benchmark_user_0096,u_attr_01,value_01
benchmark_user_0096,u_attr_02,value_01
benchmark_user_0096,u_attr_03,value_00
benchmark_user_0096,u_attr_04,value_01
benchmark_user_0096,u_attr_05,value_01
benchmark_user_0096,u_attr_06,value_01
benchmark_user_0096,u_attr_07,value_01
benchmark_user_0096,u_attr_08,value_01
benchmark_user_0097,u_attr_01,value_01
benchmark_user_0097,u_attr_02,value_00
benchmark_user_0097,u_attr_03,value_01
benchmark_user_0097,u_attr_04,value_00
benchmark_user_0097,u_attr_05,value_00
benchmark_user_0097,u_attr_06,value_00
benchmark_user_0097,u_attr_07,value_01
benchmark_user_0097,u_attr_08,value_01
benchmark_user_0098,u_attr_01,value_01
benchmark_user_0098,u_attr_02,value_01
benchmark_user_0098,u_attr_03,value_00
benchmark_user_0098,u_attr_04,value_00
benchmark_user_0098,u_attr_05,value_01
benchmark_user_0098,u_attr_06,value_00
benchmark_user_0098,u_attr_07,value_00
benchmark_user_0098,u_attr_08,value_00
benchmark_user_0099,u_attr_01,value_00
benchmark_user_0099,u_attr_02,value_01
benchmark_user_0099,u_attr_03,value_00
benchmark_user_0099,u_attr_04,value_01
benchmark_user_0099,u_attr_05,value_00
benchmark_user_0099,u_attr_06,value_00
benchmark_user_0099,u_attr_07,value_01
benchmark_user_0099,u_attr_08,value_01
benchmark_user_0100,u_attr_01,value_00
benchmark_user_0100,u_attr_02,value_00
benchmark_user_0100,u_attr_03,value_00
benchmark_user_0100,u_attr_04,value_01
benchmark_user_0100,u_attr_05,value_01
benchmark_user_0100,u_attr_06,value_01
benchmark_user_0100,u_attr_07,value_00
benchmark_user_0100,u_attr_08,value_01
