profile,resources,point_id,measured_runs,mean_ns,median_ns,stddev_ns,min_ns,max_ns
C2,25,C2-resources-0025,8,232670.250,215943.500,56679.506,163060,347581
C3,250,C3-resources-0250,8,295597.625,280386.000,65403.959,224051,429151
C4,100,C4-resources-0100,8,486688.375,461643.000,57245.788,437756,608970
C5,1000,C5-resources-1000,8,1406222.750,1341269.000,133145.053,1283221,1635779
C5,2500,C5-resources-2500,8,1339107.375,1355044.000,43106.959,1264883,1397658
C4,750,C4-resources-0750,8,421916.375,400634.000,38434.805,395025,494928
C5,250,C5-resources-0250,8,1303397.750,1312909.500,29226.788,1253866,1344069
C4,1000,C4-resources-1000,8,411050.875,402643.500,20101.013,392365,448616
C3,500,C3-resources-0500,8,182467.500,177226.000,14975.032,172378,221509
C6,3000,C6-resources-3000,8,3082955.875,3079501.000,48803.454,3028136,3172858
C1,50,C1-resources-0050,8,26301.000,23555.500,5347.881,22671,39320
C3,50,C3-resources-0050,8,177208.125,178015.500,2633.095,172252,180350
C6,4000,C6-resources-4000,8,2985113.750,2982520.500,44038.238,2906682,3045908
C4,500,C4-resources-0500,8,397087.750,394586.500,6262.101,391399,408567
C6,5000,C6-resources-5000,8,3041316.000,3051195.500,35104.323,2973068,3085281
C1,20,C1-resources-0020,8,19614.500,18166.500,3158.674,17755,27770
C6,1000,C6-resources-1000,8,2903009.250,2899293.000,10721.201,2888787,2923135
C2,100,C2-resources-0100,8,42108.625,41639.000,1774.414,40494,46398
C2,250,C2-resources-0250,8,40862.000,40575.500,838.280,40299,43055
C4,250,C4-resources-0250,8,399061.625,394430.500,9212.955,392539,415122
C6,2000,C6-resources-2000,8,2956852.125,2952171.000,38190.113,2918084,3049823
C1,10,C1-resources-0010,8,18751.000,18199.000,1154.582,17677,21207
C5,1500,C5-resources-1500,8,1269804.500,1267181.000,11435.695,1259045,1296097
C6,500,C6-resources-0500,8,2938791.250,2920892.500,44718.210,2896131,3030013
C1,100,C1-resources-0100,8,18437.125,18058.000,897.391,17800,20593
C3,100,C3-resources-0100,8,180384.125,173010.000,11539.252,171705,205040
C2,150,C2-resources-0150,8,43986.250,41898.500,4625.460,40423,55107
C5,500,C5-resources-0500,8,1254657.000,1258756.500,11023.049,1237421,1268105
C5,2000,C5-resources-2000,8,1263360.625,1263506.500,12747.622,1236538,1281600
C2,50,C2-resources-0050,8,46069.750,42406.000,7375.652,40931,62169
