profile,resources,point_id,run,mean_ns,median_ns,p95_ns,min_ns,max_ns
C5,2500,C5-resources-2500,1,2096929.330,1762132.000,3090221,1511452,8178862
C5,2500,C5-resources-2500,2,1520021.110,1463642.000,1680834,1305133,6620877
C5,2500,C5-resources-2500,3,1450005.980,1379681.000,1599824,1311192,6758736
C5,2500,C5-resources-2500,4,1458829.770,1368726.000,1726824,1297352,6027594
C5,2500,C5-resources-2500,5,1535650.580,1447199.000,1682858,1301256,6542952
C5,2500,C5-resources-2500,6,1485000.660,1390642.000,1637980,1323501,7543537
C5,2500,C5-resources-2500,7,1473668.330,1407380.000,1559000,1321254,6735475
C5,2500,C5-resources-2500,8,1459425.210,1388379.000,1593469,1318311,6215000
C6,2500,C6-resources-2500,1,3289892.380,3118061.500,3426064,2977977,10870656
C6,2500,C6-resources-2500,2,3289879.920,3203049.500,3516124,3019131,9185963
C6,2500,C6-resources-2500,3,3307634.280,3171839.000,3652932,2997059,8944039
C6,2500,C6-resources-2500,4,3221431.800,3133399.500,3427119,2982120,9178913
C6,2500,C6-resources-2500,5,3274694.600,3120604.000,3448615,2967116,9271431
C6,2500,C6-resources-2500,6,3271696.640,3102549.000,3558261,2942044,9643925
C6,2500,C6-resources-2500,7,3215438.810,3115736.500,3434021,2926616,7548457
C6,2500,C6-resources-2500,8,3211190.190,3062592.500,3380653,2936228,10239269
C1,500,C1-resources-0500,1,39746.480,37072.500,41353,33393,272453
C1,500,C1-resources-0500,2,34560.030,33753.000,38138,33098,56398
C1,500,C1-resources-0500,3,33863.490,31939.500,42123,30746,66842
C1,500,C1-resources-0500,4,32007.960,31319.500,34701,30704,50621
C1,500,C1-resources-0500,5,34271.560,31861.000,42255,30673,92099
C1,500,C1-resources-0500,6,32032.440,31461.000,33855,30766,50867
C1,500,C1-resources-0500,7,33475.850,31664.000,38963,30588,76496
C1,500,C1-resources-0500,8,32161.730,31464.000,35937,30716,51710
C2,250,C2-resources-0250,1,84847.910,80574.500,100997,75053,178208
C2,250,C2-resources-0250,2,87067.190,84409.500,104424,74781,159833
C2,250,C2-resources-0250,3,84043.530,78755.000,101925,73905,144674
C2,250,C2-resources-0250,4,85544.250,82216.000,103590,74310,166627
C2,250,C2-resources-0250,5,83225.300,79711.000,96304,74197,171287
C2,250,C2-resources-0250,6,73599.730,68053.000,96315,63316,134177
C2,250,C2-resources-0250,7,71802.110,67990.500,87643,63712,108278
C2,250,C2-resources-0250,8,70857.250,67160.500,87977,63402,133510
C2,100,C2-resources-0100,1,65653.120,59540.500,106555,53016,144746
C2,100,C2-resources-0100,2,66848.020,59492.000,105125,52788,146961
C2,100,C2-resources-0100,3,60208.260,56245.500,73611,53052,93900
C2,100,C2-resources-0100,4,63098.690,59362.500,84157,53190,132775
C2,100,C2-resources-0100,5,62004.100,60288.000,76998,53363,94749
C2,100,C2-resources-0100,6,126551.780,59475.500,89136,53611,6130908
C2,100,C2-resources-0100,7,61395.010,58317.000,80122,52797,123129
C2,100,C2-resources-0100,8,61495.990,57403.000,83164,52095,127361
C2,5000,C2-resources-5000,1,57117.540,54840.500,74730,48323,91059
C2,5000,C2-resources-5000,2,56362.420,53566.500,73044,49333,104029
C2,5000,C2-resources-5000,3,56244.320,53418.500,73526,48962,129538
C2,5000,C2-resources-5000,4,52962.850,50447.000,62657,49081,89770
C2,5000,C2-resources-5000,5,55095.630,52169.500,69062,48529,78964
C2,5000,C2-resources-5000,6,55718.130,50778.500,72194,48614,126290
C2,5000,C2-resources-5000,7,55499.680,51446.500,74644,48766,113777
C2,5000,C2-resources-5000,8,149284.250,50963.000,83630,48664,9343284
C1,5000,C1-resources-5000,1,18460.490,18170.000,19913,17854,22443
C1,5000,C1-resources-5000,2,19900.860,19389.500,25056,17986,33292
C1,5000,C1-resources-5000,3,19877.080,19535.000,21971,19256,28520
C1,5000,C1-resources-5000,4,19874.590,19462.500,22325,19139,31801
C1,5000,C1-resources-5000,5,20289.590,19515.500,22676,19091,45609
C1,5000,C1-resources-5000,6,21532.210,19289.000,26724,18752,111347
C1,5000,C1-resources-5000,7,19527.100,19161.500,21723,18830,30109
C1,5000,C1-resources-5000,8,19629.960,19136.500,22685,18801,30620
C4,250,C4-resources-0250,1,495235.290,423694.000,443016,411096,7440979
C4,250,C4-resources-0250,2,426387.540,423157.500,450188,404486,561094
C4,250,C4-resources-0250,3,426569.500,424606.000,450521,406114,535828
C4,250,C4-resources-0250,4,435929.630,431509.500,473824,407816,530921
C4,250,C4-resources-0250,5,448260.750,443867.000,473377,428861,557104
C4,250,C4-resources-0250,6,523190.580,447053.000,498151,428488,7609962
C4,250,C4-resources-0250,7,425997.260,423270.000,448225,405957,464196
C4,250,C4-resources-0250,8,423335.350,420186.000,448160,405736,457433
C6,500,C6-resources-0500,1,3163506.230,3034864.000,3218389,2952788,8673653
C6,500,C6-resources-0500,2,3124598.700,3040733.000,3262876,2947724,8544269
C6,500,C6-resources-0500,3,3190351.150,3058047.500,3250199,2945515,9414320
C6,500,C6-resources-0500,4,3240829.480,3096109.500,3456829,2967859,8823368
C6,500,C6-resources-0500,5,3215014.670,3071635.500,3489421,2934629,8580858
C6,500,C6-resources-0500,6,3146695.800,3087743.000,3420882,2928896,5535604
C6,500,C6-resources-0500,7,3147611.030,3077716.000,3348657,2905511,5320275
C6,500,C6-resources-0500,8,3127007.260,3063255.000,3348054,2917662,4619363
C4,100,C4-resources-0100,1,448881.850,444043.000,494621,416928,526480
C4,100,C4-resources-0100,2,437138.590,427571.000,479639,412185,679764
C4,100,C4-resources-0100,3,444662.890,424336.500,472572,403548,1837948
C4,100,C4-resources-0100,4,426174.100,423825.000,450438,404493,469619
C4,100,C4-resources-0100,5,423948.000,419398.000,450152,406804,475049
C4,100,C4-resources-0100,6,419830.600,416527.500,444640,404526,456127
C4,100,C4-resources-0100,7,444391.020,428258.000,467090,408706,1757020
C4,100,C4-resources-0100,8,417692.530,414570.000,440710,399160,472214
C1,1000,C1-resources-1000,1,17204.750,17032.500,18288,16773,19652
C1,1000,C1-resources-1000,2,17286.030,16937.500,18508,16705,28197
C1,1000,C1-resources-1000,3,18095.400,16943.000,19764,16638,51570
C1,1000,C1-resources-1000,4,17152.630,16896.500,18742,16672,24675
C1,1000,C1-resources-1000,5,17220.060,16876.000,18773,16644,25241
C1,1000,C1-resources-1000,6,17201.030,16867.500,18395,16592,25714
C1,1000,C1-resources-1000,7,17836.970,16817.500,18961,16558,47335
C1,1000,C1-resources-1000,8,17224.770,16880.500,18958,16651,24074
C4,500,C4-resources-0500,1,420579.830,419317.000,435178,401356,449670
C4,500,C4-resources-0500,2,423196.230,421959.000,434359,408011,457478
C4,500,C4-resources-0500,3,427369.020,425923.500,440278,413488,491249
C4,500,C4-resources-0500,4,457846.290,422519.500,441355,405883,3784653
C4,500,C4-resources-0500,5,437407.450,430812.500,448823,405614,807620
C4,500,C4-resources-0500,6,435151.980,434011.500,451993,414895,461471
C4,500,C4-resources-0500,7,424590.130,422162.500,436791,415383,443953
C4,500,C4-resources-0500,8,429374.620,427187.000,449888,413932,505295
C2,500,C2-resources-0500,1,43920.440,43010.000,47517,41986,57452
C2,500,C2-resources-0500,2,43501.370,42905.500,45828,41901,53205
C2,500,C2-resources-0500,3,71212.020,43078.500,48495,41963,2660415
C2,500,C2-resources-0500,4,44638.040,42810.500,52510,41858,77927
C2,500,C2-resources-0500,5,43100.530,42354.500,46877,41726,55638
C2,500,C2-resources-0500,6,43863.560,43621.500,46028,41892,50323
C2,500,C2-resources-0500,7,43996.220,43303.000,47458,42494,51578
C2,500,C2-resources-0500,8,51400.930,44484.500,87698,42786,90697
C5,500,C5-resources-0500,1,1371522.550,1321004.000,1534804,1247893,3870165
C5,500,C5-resources-0500,2,1364418.620,1325848.000,1454291,1274029,3912361
C5,500,C5-resources-0500,3,1333819.220,1312111.000,1466177,1271943,1677958
C5,500,C5-resources-0500,4,1373341.670,1332292.000,1458565,1265073,3985160
C5,500,C5-resources-0500,5,1373427.480,1323675.500,1556296,1241610,3730086
C5,500,C5-resources-0500,6,1349458.950,1311107.000,1392407,1268457,4265168
C5,500,C5-resources-0500,7,1350145.030,1317080.000,1476582,1270130,1965626
C5,500,C5-resources-0500,8,1370055.440,1326423.500,1472921,1262765,3871731
C6,100,C6-resources-0100,1,3173456.910,3076198.500,3462108,2964214,5751089
C6,100,C6-resources-0100,2,3101090.790,3058393.000,3292622,2941880,4441824
C6,100,C6-resources-0100,3,3175155.930,3046382.000,3379559,2928927,11109020
C6,100,C6-resources-0100,4,3150256.450,3059180.500,3539543,2902777,5370614
C6,100,C6-resources-0100,5,3107907.360,3038501.000,3332320,2890326,5223363
C6,100,C6-resources-0100,6,3112767.920,3060693.500,3357259,2977515,4703008
C6,100,C6-resources-0100,7,3197457.660,3072842.000,3395475,2946077,9762423
C6,100,C6-resources-0100,8,3165613.070,3117893.500,3345158,2957666,4647121
C6,1000,C6-resources-1000,1,3156236.290,3096552.000,3303502,2996782,5977386
C6,1000,C6-resources-1000,2,3194052.400,3106889.500,3454867,2991135,5196306
C6,1000,C6-resources-1000,3,3217913.390,3142967.500,3405266,3019313,5525866
C6,1000,C6-resources-1000,4,3198874.710,3147831.000,3297740,3013174,5762031
C6,1000,C6-resources-1000,5,3230952.090,3177188.500,3366401,3005333,5653693
C6,1000,C6-resources-1000,6,3250237.770,3205610.000,3432390,3059369,5882512
C6,1000,C6-resources-1000,7,3228932.670,3168996.500,3353712,3038724,5979108
C6,1000,C6-resources-1000,8,3337326.540,3217425.500,3794603,3093664,5637539
C5,250,C5-resources-0250,1,1380881.660,1367011.000,1458761,1314341,1826367
C5,250,C5-resources-0250,2,1394850.540,1369226.000,1445597,1314586,3080349
C5,250,C5-resources-0250,3,1387004.320,1359428.000,1467813,1313665,2751349
C5,250,C5-resources-0250,4,1375435.740,1341957.500,1458002,1292874,2736754
C5,250,C5-resources-0250,5,1417677.820,1374370.000,1584263,1314364,2888585
C5,250,C5-resources-0250,6,1382606.990,1363331.500,1496997,1312708,1773379
C5,250,C5-resources-0250,7,1342008.640,1288735.000,1525102,1236284,3051743
C5,250,C5-resources-0250,8,1342117.130,1303380.500,1446358,1246522,2584271
C6,250,C6-resources-0250,1,3209415.890,3040068.500,3926029,2928544,4845255
C6,250,C6-resources-0250,2,3185715.020,3047999.000,3590670,2944138,5421074
C6,250,C6-resources-0250,3,3740310.240,3663482.500,4200068,3206530,5155278
C6,250,C6-resources-0250,4,3220650.680,3048114.500,3695818,2916593,8678189
C6,250,C6-resources-0250,5,3100305.750,3020846.500,3453519,2914236,5039157
C6,250,C6-resources-0250,6,3096255.810,3018095.500,3411636,2924060,4898837
C6,250,C6-resources-0250,7,3138647.460,3062212.000,3342168,2959320,5264961
C6,250,C6-resources-0250,8,3094714.280,3041891.500,3358344,2898756,4418724
C2,1000,C2-resources-1000,1,44552.570,44074.000,48443,41907,51320
C2,1000,C2-resources-1000,2,43701.740,42761.000,46992,41924,55004
C2,1000,C2-resources-1000,3,43756.170,42754.500,49101,41852,51841
C2,1000,C2-resources-1000,4,43079.030,42371.000,46454,41534,53043
C2,1000,C2-resources-1000,5,43666.740,42802.500,47049,41771,51298
C2,1000,C2-resources-1000,6,43038.530,42461.000,45757,41825,51421
C2,1000,C2-resources-1000,7,43024.750,42424.500,45625,41735,49628
C2,1000,C2-resources-1000,8,43747.390,43435.500,46000,41794,52535
C3,250,C3-resources-0250,1,191218.870,189523.500,203938,183140,233599
C3,250,C3-resources-0250,2,189374.020,188346.000,198422,180869,224168
C3,250,C3-resources-0250,3,187982.050,186818.000,197484,179484,206757
C3,250,C3-resources-0250,4,191529.840,190621.500,200133,184090,213564
C3,250,C3-resources-0250,5,188769.520,187762.000,195523,182595,203768
C3,250,C3-resources-0250,6,220968.160,187544.000,204569,177120,3144228
C3,250,C3-resources-0250,7,201273.930,186387.500,201440,174421,1591819
C3,250,C3-resources-0250,8,186726.920,185318.500,195364,181073,210857
C5,100,C5-resources-0100,1,1370183.000,1338957.500,1454748,1272586,3025481
C5,100,C5-resources-0100,2,1341487.880,1325350.500,1430911,1278448,1543438
C5,100,C5-resources-0100,3,1344897.990,1322058.500,1405320,1285039,2894087
C5,100,C5-resources-0100,4,1340464.490,1309970.000,1411026,1278229,3109705
C5,100,C5-resources-0100,5,1364154.920,1326474.500,1453355,1278145,3304573
C5,100,C5-resources-0100,6,1338481.550,1334952.000,1385865,1266654,1483872
C5,100,C5-resources-0100,7,1349202.970,1319810.000,1429896,1275042,3022627
C5,100,C5-resources-0100,8,1350117.020,1326162.500,1418599,1280222,3016090
C4,5000,C4-resources-5000,1,606589.040,545844.500,1031991,475674,1474194
C4,5000,C4-resources-5000,2,700753.470,639064.000,1049581,474763,1710340
C4,5000,C4-resources-5000,3,720803.340,630939.000,1193477,475256,1623588
C4,5000,C4-resources-5000,4,1126552.140,626193.500,1252100,494381,39730951
C4,5000,C4-resources-5000,5,561621.700,522544.000,783707,485054,918337
C4,5000,C4-resources-5000,6,482783.520,479369.500,506780,471915,536238
C4,5000,C4-resources-5000,7,483252.240,475966.500,514680,457556,790136
C4,5000,C4-resources-5000,8,563546.460,470875.500,595051,458911,8477157
C1,2500,C1-resources-2500,1,17748.810,17526.000,19121,17224,20627
C1,2500,C1-resources-2500,2,17653.890,17398.000,18771,17112,25804
C1,2500,C1-resources-2500,3,17658.950,17394.500,18473,17147,25591
C1,2500,C1-resources-2500,4,17324.130,17076.500,18145,16738,22350
C1,2500,C1-resources-2500,5,17538.120,17030.500,19085,16665,27885
C1,2500,C1-resources-2500,6,17135.280,17060.000,17592,16755,19652
C1,2500,C1-resources-2500,7,17442.200,17012.000,19518,16727,26934
C1,2500,C1-resources-2500,8,17078.560,17015.000,17567,16786,19173
C5,1000,C5-resources-1000,1,1963003.140,1952411.000,2702655,1336367,4301066
C5,1000,C5-resources-1000,2,2423945.240,2329439.000,3145893,1766594,4459944
C5,1000,C5-resources-1000,3,1617186.210,1446998.000,2457347,1272858,3032518
C5,1000,C5-resources-1000,4,1419304.610,1355235.500,1772648,1250820,2719453
C5,1000,C5-resources-1000,5,1443129.330,1364266.500,1884539,1269718,2843321
C5,1000,C5-resources-1000,6,1498011.490,1400231.000,1881608,1260281,2494619
C5,1000,C5-resources-1000,7,1888380.610,1952444.000,2387765,1334194,2979548
C5,1000,C5-resources-1000,8,1974439.270,1937509.500,2547751,1306117,3579356
C3,5000,C3-resources-5000,1,200834.620,191448.500,226343,183966,410422
C3,5000,C3-resources-5000,2,191409.770,188606.000,208464,182072,248465
C3,5000,C3-resources-5000,3,276260.540,195628.500,253199,181824,7620409
C3,5000,C3-resources-5000,4,192850.240,190627.000,219631,177134,329670
C3,5000,C3-resources-5000,5,197696.370,194264.000,224548,187056,235091
C3,5000,C3-resources-5000,6,194181.920,189075.500,228048,182890,282182
C3,5000,C3-resources-5000,7,189533.110,186656.500,210871,181644,228523
C3,5000,C3-resources-5000,8,188494.400,185830.500,208957,181145,234427
C3,2500,C3-resources-2500,1,196617.310,192939.000,217340,188681,225651
C3,2500,C3-resources-2500,2,194275.380,190898.500,208769,187714,241673
C3,2500,C3-resources-2500,3,195012.990,194412.000,202928,187485,215672
C3,2500,C3-resources-2500,4,200189.510,194442.000,213656,187311,489266
C3,2500,C3-resources-2500,5,191900.320,190324.000,197873,187157,223532
C3,2500,C3-resources-2500,6,293293.940,193735.000,285594,181210,9090146
C3,2500,C3-resources-2500,7,280766.380,194447.000,236969,180359,7773902
C3,2500,C3-resources-2500,8,197199.820,194785.000,211538,187842,218069
C4,2500,C4-resources-2500,1,563498.210,437616.500,630644,426143,9803217
C4,2500,C4-resources-2500,2,428049.260,425161.500,455953,398319,477813
C4,2500,C4-resources-2500,3,435870.160,431121.500,469960,415470,494166
C4,2500,C4-resources-2500,4,458621.330,430976.500,458627,417182,2851290
C4,2500,C4-resources-2500,5,429093.690,426833.000,457338,406064,513066
C4,2500,C4-resources-2500,6,432191.470,428515.500,461510,413439,473492
C4,2500,C4-resources-2500,7,429537.460,428267.000,448921,415758,464649
C4,2500,C4-resources-2500,8,454443.590,429299.500,463594,414995,2496201
C3,100,C3-resources-0100,1,181896.770,179907.000,200392,173750,218114
C3,100,C3-resources-0100,2,187449.850,184601.000,200894,179105,224209
C3,100,C3-resources-0100,3,184085.110,182305.000,192633,178409,203717
C3,100,C3-resources-0100,4,185032.150,184076.000,194662,179104,203171
C3,100,C3-resources-0100,5,184035.870,182975.500,191845,178126,199381
C3,100,C3-resources-0100,6,201375.070,193962.500,235366,178431,342241
C3,100,C3-resources-0100,7,267474.860,190021.000,208902,183607,7570740
C3,100,C3-resources-0100,8,197256.150,194221.500,220605,176766,286442
C3,500,C3-resources-0500,1,193064.990,191342.500,213345,177141,257452
C3,500,C3-resources-0500,2,200761.790,195993.000,229316,188826,259971
C3,500,C3-resources-0500,3,211445.430,205275.000,254699,188335,298481
C3,500,C3-resources-0500,4,218108.630,209935.000,256403,192003,331073
C3,500,C3-resources-0500,5,205062.320,201893.000,228076,190204,233580
C3,500,C3-resources-0500,6,217991.970,206508.500,272285,193691,413344
C3,500,C3-resources-0500,7,212963.320,198672.000,220982,187725,1288425
C3,500,C3-resources-0500,8,202930.970,201944.000,216697,189331,224332
C4,1000,C4-resources-1000,1,552441.750,513305.000,726433,432540,1846912
C4,1000,C4-resources-1000,2,543600.820,495216.000,803504,435618,1077276
C4,1000,C4-resources-1000,3,545304.030,488479.000,797961,436892,1067284
C4,1000,C4-resources-1000,4,463213.570,451261.500,516220,429399,708715
C4,1000,C4-resources-1000,5,472074.050,441180.000,532543,420337,2487573
C4,1000,C4-resources-1000,6,453653.580,439833.500,572944,426463,707618
C4,1000,C4-resources-1000,7,449174.220,443290.000,478518,431056,618999
C4,1000,C4-resources-1000,8,505113.670,473814.000,691828,427533,870781
C1,100,C1-resources-0100,1,18606.560,18198.500,20268,17820,39644
C1,100,C1-resources-0100,2,21178.290,19002.500,32489,18015,41070
C1,100,C1-resources-0100,3,19521.350,18492.000,24825,18047,26629
C1,100,C1-resources-0100,4,19084.300,18289.000,22408,17811,36708
C1,100,C1-resources-0100,5,18569.080,18133.000,22048,17871,29664
C1,100,C1-resources-0100,6,18801.880,18210.500,21912,17893,26651
C1,100,C1-resources-0100,7,18434.460,18102.000,20511,17853,27520
C1,100,C1-resources-0100,8,19534.590,18748.500,22981,17977,33061
C3,1000,C3-resources-1000,1,229956.280,208818.500,319446,189587,528602
C3,1000,C3-resources-1000,2,204565.630,198689.000,247873,186442,292551
C3,1000,C3-resources-1000,3,213791.230,205206.000,247113,193945,281649
C3,1000,C3-resources-1000,4,216465.670,205559.000,261619,194379,355100
C3,1000,C3-resources-1000,5,200552.880,197707.500,215869,189410,250648
C3,1000,C3-resources-1000,6,205249.370,201168.500,233629,192654,295447
C3,1000,C3-resources-1000,7,202705.920,196274.000,229361,192811,299634
C3,1000,C3-resources-1000,8,216938.620,190693.500,224679,182557,2172705
C1,250,C1-resources-0250,1,17487.830,17049.000,19386,16664,22012
C1,250,C1-resources-0250,2,17596.570,17134.500,18819,16696,23449
C1,250,C1-resources-0250,3,18014.610,18058.000,20761,16698,25551
C1,250,C1-resources-0250,4,17466.550,16943.000,19191,16668,22906
C1,250,C1-resources-0250,5,18683.190,18134.000,23712,16822,35940
C1,250,C1-resources-0250,6,17729.800,17147.500,19251,16691,30569
C1,250,C1-resources-0250,7,18492.420,18201.000,20712,16701,26945
C1,250,C1-resources-0250,8,17312.410,17032.000,18766,16758,24311
C6,5000,C6-resources-5000,1,3694705.440,3375719.000,4339152,2981451,11684478
C6,5000,C6-resources-5000,2,5000201.690,4643043.500,7205445,3310315,16530466
C6,5000,C6-resources-5000,3,4732396.450,4759713.000,5840205,3016228,15287043
C6,5000,C6-resources-5000,4,5687194.280,5459783.500,6330434,4285079,18106829
C6,5000,C6-resources-5000,5,5117653.670,4944869.000,6199543,3330648,17365776
C6,5000,C6-resources-5000,6,4654916.800,4712009.500,5971283,3226258,8668152
C6,5000,C6-resources-5000,7,3550731.320,3196127.500,5173244,2995188,6077382
C6,5000,C6-resources-5000,8,3224010.120,3124206.500,3713985,3011703,4487012
C2,2500,C2-resources-2500,1,51267.580,49595.000,61686,45431,98854
C2,2500,C2-resources-2500,2,52380.480,50558.500,63032,45675,103165
C2,2500,C2-resources-2500,3,54540.760,52645.500,64917,47731,102873
C2,2500,C2-resources-2500,4,58887.110,53785.000,90447,47855,120307
C2,2500,C2-resources-2500,5,57857.950,53226.500,91240,46611,142684
C2,2500,C2-resources-2500,6,60618.940,53788.500,91489,47171,125403
C2,2500,C2-resources-2500,7,62419.630,54315.500,93388,46465,117632
C2,2500,C2-resources-2500,8,58969.330,53583.000,89466,47943,107010
C5,5000,C5-resources-5000,1,1902699.310,1732597.000,2596868,1362280,7226499
C5,5000,C5-resources-5000,2,1901546.630,1777759.500,2348268,1350338,10069481
C5,5000,C5-resources-5000,3,1814255.880,1677427.000,2240585,1352260,8443522
C5,5000,C5-resources-5000,4,1694469.340,1552527.000,2064357,1281261,8545271
C5,5000,C5-resources-5000,5,1647269.790,1518335.000,1990240,1333982,7964097
C5,5000,C5-resources-5000,6,1661259.590,1553606.500,2081654,1282275,8159118
C5,5000,C5-resources-5000,7,1707821.070,1557943.500,2113340,1343976,8472382
C5,5000,C5-resources-5000,8,1656288.100,1543712.500,2031494,1273780,7566040
