profile,conditions_per_rule,point_id,measured_runs,mean_ns,median_ns,stddev_ns,min_ns,max_ns
C5,16,C5-conditions-016,8,1668298.250,1584813.500,150507.663,1533797,1963234
C6,4,C6-conditions-004,8,2079997.500,2075082.000,27652.994,2050268,2116512
C6,2,C6-conditions-002,8,1903931.125,1894557.000,46896.563,1833021,2012124
C4,16,C4-conditions-016,8,559111.000,547080.000,24722.296,536387,609419
C6,24,C6-conditions-024,8,3680451.750,3674998.000,59946.868,3602210,3777009
C4,4,C4-conditions-004,8,391922.875,384760.000,20944.874,362527,427218
C4,8,C4-conditions-008,8,442602.625,441386.500,15876.738,417803,466580
C3,1,C3-conditions-001,8,221361.250,209709.000,30638.556,196617,297291
C5,1,C5-conditions-001,8,892844.625,895139.500,27639.520,861245,954102
C1,1,C1-conditions-001,8,17952.875,17794.500,959.318,17089,20319
C5,24,C5-conditions-024,8,1817829.125,1820091.500,20773.026,1770482,1838783
C2,4,C2-conditions-004,8,45903.250,45560.500,782.033,45194,47662
C6,32,C6-conditions-032,8,4284878.125,4279711.000,30264.382,4229559,4344304
C3,2,C3-conditions-002,8,172812.750,168856.000,10123.626,167317,199191
C6,1,C6-conditions-001,8,1769604.500,1729592.000,72654.303,1713629,1933345
C6,12,C6-conditions-012,8,2765358.500,2769995.500,41208.841,2708843,2836685
C5,12,C5-conditions-012,8,1360922.625,1359837.000,12561.082,1341665,1387730
C6,16,C6-conditions-016,8,3147497.125,3142709.500,18074.081,3124774,3174170
C3,8,C3-conditions-008,8,219748.750,216455.000,7563.402,215056,238958
C3,4,C3-conditions-004,8,187799.250,186357.000,5298.927,183545,201597
C1,2,C1-conditions-002,8,18359.625,17841.000,1295.096,17360,21521
C2,1,C2-conditions-001,8,47885.250,45672.500,7978.231,42609,68310
C6,8,C6-conditions-008,8,2439370.625,2435397.500,25782.752,2409944,2490599
C4,2,C4-conditions-002,8,320374.125,317214.000,9699.324,312951,344761
C4,12,C4-conditions-012,8,475103.375,472553.000,8950.434,465980,491342
C2,2,C2-conditions-002,8,42758.750,42507.500,853.951,42081,44914
C3,6,C3-conditions-006,8,208741.750,207560.500,6896.984,199912,220588
C2,3,C2-conditions-003,8,44800.125,43697.000,2022.750,43279,49491
C5,8,C5-conditions-008,8,1192586.625,1188204.500,23911.343,1161774,1225974
C5,4,C5-conditions-004,8,1037438.000,1036382.500,14805.742,1020021,1055560
C4,1,C4-conditions-001,8,292956.125,290568.500,6364.945,288285,308708
C5,2,C5-conditions-002,8,957488.625,955635.000,14746.265,940182,976304
