profile,conditions_per_rule,point_id,run,mean_ns,median_ns,p95_ns,min_ns,max_ns
C5,16,C5-conditions-016,1,1761144.420,1713049.000,1894483,1560191,5958114
C5,16,C5-conditions-016,2,1963233.980,1779384.500,2252680,1449701,10879084
C5,16,C5-conditions-016,3,1553813.630,1487484.000,1645895,1424076,6042254
C5,16,C5-conditions-016,4,1589227.720,1494761.500,1770360,1422934,6805412
C5,16,C5-conditions-016,5,1533797.210,1473661.500,1592976,1425448,5734862
C5,16,C5-conditions-016,6,1580399.060,1462809.000,1636353,1420320,6481145
C5,16,C5-conditions-016,7,1540892.470,1474291.500,1661652,1422644,5747740
C5,16,C5-conditions-016,8,1823878.240,1475980.000,2621059,1421534,6705637
C6,4,C6-conditions-004,1,2055296.740,1982643.000,2098115,1912353,7556853
C6,4,C6-conditions-004,2,2055811.110,1993531.000,2115141,1916298,6896879
C6,4,C6-conditions-004,3,2105483.250,2001284.000,2143642,1905116,7089180
C6,4,C6-conditions-004,4,2050267.740,1993522.000,2111229,1918206,6908894
C6,4,C6-conditions-004,5,2094353.020,1973825.000,2103188,1910924,7892513
C6,4,C6-conditions-004,6,2050737.770,1996456.000,2102535,1899928,6938669
C6,4,C6-conditions-004,7,2116511.870,2045783.000,2248804,1917846,7774410
C6,4,C6-conditions-004,8,2111518.320,1993503.000,2134709,1915955,7521848
C6,2,C6-conditions-002,1,2012124.010,1990342.000,2249262,1780305,4322435
C6,2,C6-conditions-002,2,1899963.490,1857519.000,2034777,1800198,4079852
C6,2,C6-conditions-002,3,1914499.870,1850289.500,2088378,1784688,4011579
C6,2,C6-conditions-002,4,1906653.200,1880524.000,2035094,1774081,4001950
C6,2,C6-conditions-002,5,1889151.270,1860342.500,1928024,1773429,4352958
C6,2,C6-conditions-002,6,1887459.190,1862246.000,1954098,1749899,3786864
C6,2,C6-conditions-002,7,1888578.390,1841696.500,1917283,1777501,4026936
C6,2,C6-conditions-002,8,1833021.100,1804954.000,1903122,1747529,3911623
C4,16,C4-conditions-016,1,536386.650,533337.500,560830,518874,584008
C4,16,C4-conditions-016,2,609418.700,532172.500,611340,510762,7133769
C4,16,C4-conditions-016,3,547458.860,533260.500,611171,514260,914608
C4,16,C4-conditions-016,4,546700.810,532614.000,589541,513804,952691
C4,16,C4-conditions-016,5,570910.980,529053.000,575747,511528,4164845
C4,16,C4-conditions-016,6,536884.350,533291.500,566273,511331,601855
C4,16,C4-conditions-016,7,583721.740,535706.000,595433,513276,4311304
C4,16,C4-conditions-016,8,541404.660,536793.500,575942,514751,630203
C6,24,C6-conditions-024,1,3602209.870,3550038.500,3747180,3432451,4880070
C6,24,C6-conditions-024,2,3615616.330,3585028.000,3727799,3472679,4826692
C6,24,C6-conditions-024,3,3631829.900,3589962.500,3763383,3471384,4719000
C6,24,C6-conditions-024,4,3682071.420,3583894.500,3887715,3443909,8992862
C6,24,C6-conditions-024,5,3667924.700,3637313.000,3798742,3435548,4637857
C6,24,C6-conditions-024,6,3711642.900,3685607.500,3858714,3430522,5671549
C6,24,C6-conditions-024,7,3755309.960,3706831.000,3889393,3506697,5492994
C6,24,C6-conditions-024,8,3777009.360,3697391.000,3930275,3487646,6770730
C4,4,C4-conditions-004,1,382822.880,383693.000,405974,360122,418443
C4,4,C4-conditions-004,2,406787.950,386515.000,410260,368882,2266729
C4,4,C4-conditions-004,3,416178.080,414585.000,445453,378787,458541
C4,4,C4-conditions-004,4,374433.350,369002.000,397703,358122,407743
C4,4,C4-conditions-004,5,378719.050,376845.500,404927,358278,410133
C4,4,C4-conditions-004,6,427217.630,409140.000,425806,395796,2041035
C4,4,C4-conditions-004,7,386697.290,384699.000,412818,356051,461249
C4,4,C4-conditions-004,8,362526.830,359667.000,375899,355165,388530
C4,8,C4-conditions-008,1,422502.260,419303.500,444437,400759,489418
C4,8,C4-conditions-008,2,417803.400,415272.000,436340,402378,443884
C4,8,C4-conditions-008,3,443680.290,422920.500,450877,400745,2216382
C4,8,C4-conditions-008,4,438428.170,435176.500,455448,427726,465011
C4,8,C4-conditions-008,5,453842.810,449259.000,478365,431387,494369
C4,8,C4-conditions-008,6,466580.450,466949.000,488044,441314,528029
C4,8,C4-conditions-008,7,458891.960,437803.500,469665,429712,2012551
C4,8,C4-conditions-008,8,439093.160,435663.000,457729,428467,470862
C3,1,C3-conditions-001,1,297291.060,306029.500,336141,208567,354933
C3,1,C3-conditions-001,2,213845.040,211477.000,227809,201418,244914
C3,1,C3-conditions-001,3,222784.310,221448.000,234161,212097,284096
C3,1,C3-conditions-001,4,205572.800,206242.500,212187,198798,228129
C3,1,C3-conditions-001,5,203355.140,202457.000,210744,198574,224232
C3,1,C3-conditions-001,6,196616.810,195788.500,202345,192025,213680
C3,1,C3-conditions-001,7,200942.270,200115.500,215138,192993,230324
C3,1,C3-conditions-001,8,230483.310,201120.500,222273,192872,2801972
C5,1,C5-conditions-001,1,954102.050,913696.500,1013981,854871,4537306
C5,1,C5-conditions-001,2,874209.440,864863.500,914182,835816,1092552
C5,1,C5-conditions-001,3,893748.420,857801.000,894592,814880,4241001
C5,1,C5-conditions-001,4,896531.160,859852.000,890035,824007,4345987
C5,1,C5-conditions-001,5,863032.870,858816.000,894901,829211,960221
C5,1,C5-conditions-001,6,897788.250,860500.500,901285,819870,4264146
C5,1,C5-conditions-001,7,861244.750,859280.000,888865,828946,964525
C5,1,C5-conditions-001,8,902100.810,859646.500,898413,831554,4676161
C1,1,C1-conditions-001,1,18151.720,18115.000,19454,16605,25624
C1,1,C1-conditions-001,2,17922.950,18055.000,18705,16690,31795
C1,1,C1-conditions-001,3,20319.020,18188.000,19575,16726,246223
C1,1,C1-conditions-001,4,17219.790,16978.500,18405,16660,21082
C1,1,C1-conditions-001,5,17832.660,17094.500,21149,16808,31726
C1,1,C1-conditions-001,6,17755.950,17165.000,19626,16659,36728
C1,1,C1-conditions-001,7,17330.770,16900.500,18764,16584,31965
C1,1,C1-conditions-001,8,17089.260,16885.500,18145,16612,19551
C5,24,C5-conditions-024,1,1770481.640,1755808.500,1822242,1679383,2616249
C5,24,C5-conditions-024,2,1812486.270,1776844.000,1961917,1721494,2962478
C5,24,C5-conditions-024,3,1833028.290,1782014.500,2081909,1731340,3256320
C5,24,C5-conditions-024,4,1813603.370,1778955.000,1956668,1742176,2964821
C5,24,C5-conditions-024,5,1836973.230,1786594.000,2103830,1727194,2787848
C5,24,C5-conditions-024,6,1826579.530,1785482.500,2070469,1732692,2722225
C5,24,C5-conditions-024,7,1838783.040,1794953.000,2000051,1724374,2967943
C5,24,C5-conditions-024,8,1810698.190,1727463.000,1884080,1661963,7366436
C2,4,C2-conditions-004,1,45355.160,44375.500,49318,43506,62901
C2,4,C2-conditions-004,2,45193.630,44296.500,51211,43048,59472
C2,4,C2-conditions-004,3,45297.630,44955.500,48660,43618,50963
C2,4,C2-conditions-004,4,45758.570,45028.500,49180,44380,55941
C2,4,C2-conditions-004,5,46252.790,45799.000,50284,44396,56631
C2,4,C2-conditions-004,6,47661.930,45314.500,61374,44214,61964
C2,4,C2-conditions-004,7,45361.610,44984.000,47089,44383,52688
C2,4,C2-conditions-004,8,46343.310,45723.500,51095,44027,63398
C6,32,C6-conditions-032,1,4344304.490,4247046.000,4556437,4118289,6667068
C6,32,C6-conditions-032,2,4304771.300,4207134.500,4395675,4077291,7145610
C6,32,C6-conditions-032,3,4281122.560,4194141.000,4343621,4101965,6960953
C6,32,C6-conditions-032,4,4292081.410,4221839.000,4401759,4078372,7612101
C6,32,C6-conditions-032,5,4277002.060,4211164.500,4550462,4103253,5375396
C6,32,C6-conditions-032,6,4278298.750,4205196.500,4728010,4091504,5132748
C6,32,C6-conditions-032,7,4271885.620,4183716.000,4657076,4106775,6086906
C6,32,C6-conditions-032,8,4229558.740,4176050.000,4361809,4080769,5196367
C3,2,C3-conditions-002,1,167456.480,165442.500,182594,159175,203517
C3,2,C3-conditions-002,2,170473.510,166845.000,186885,160355,248929
C3,2,C3-conditions-002,3,199190.710,164470.000,395783,157034,1313853
C3,2,C3-conditions-002,4,172850.970,166426.500,193188,159290,362060
C3,2,C3-conditions-002,5,167316.720,166295.500,174709,162232,185904
C3,2,C3-conditions-002,6,167500.880,165476.500,178727,160019,211848
C3,2,C3-conditions-002,7,168544.470,165756.000,183442,162916,243144
C3,2,C3-conditions-002,8,169168.260,166667.500,182322,162486,230114
C6,1,C6-conditions-001,1,1788901.040,1709157.500,1811756,1613789,4929591
C6,1,C6-conditions-001,2,1713628.690,1664199.500,1770839,1607993,5488190
C6,1,C6-conditions-001,3,1715986.570,1677535.000,1747056,1623481,5047096
C6,1,C6-conditions-001,4,1733627.130,1686969.000,1813071,1615463,4958972
C6,1,C6-conditions-001,5,1725556.770,1687895.000,1787849,1632285,4724827
C6,1,C6-conditions-001,6,1826660.580,1691493.500,2104954,1608182,4855661
C6,1,C6-conditions-001,7,1933344.810,2008061.500,2073572,1608423,5269669
C6,1,C6-conditions-001,8,1719128.880,1683266.000,1749764,1623493,4819331
C6,12,C6-conditions-012,1,2778521.600,2681677.500,2874812,2531862,7155267
C6,12,C6-conditions-012,2,2789431.980,2683712.500,2866509,2571610,7160663
C6,12,C6-conditions-012,3,2836684.930,2688501.500,2873097,2574708,12493370
C6,12,C6-conditions-012,4,2799385.600,2680499.500,3219978,2549397,6455715
C6,12,C6-conditions-012,5,2761468.780,2669349.000,2778332,2568865,7092182
C6,12,C6-conditions-012,6,2723634.400,2661069.000,2774574,2582127,7756754
C6,12,C6-conditions-012,7,2724897.270,2672228.000,2763502,2563922,6168315
C6,12,C6-conditions-012,8,2708843.070,2677088.000,2787905,2579278,4119466
C5,12,C5-conditions-012,1,1359832.000,1327058.500,1370927,1265894,4485594
C5,12,C5-conditions-012,2,1359841.930,1332070.500,1368394,1260570,4044125
C5,12,C5-conditions-012,3,1350859.080,1322770.500,1370781,1272736,3946912
C5,12,C5-conditions-012,4,1356137.070,1330722.000,1367161,1288588,3934374
C5,12,C5-conditions-012,5,1387730.100,1323976.500,1374933,1250506,4003438
C5,12,C5-conditions-012,6,1364830.260,1331206.500,1384311,1255184,4396804
C5,12,C5-conditions-012,7,1366485.760,1303476.000,1384105,1234766,4584969
C5,12,C5-conditions-012,8,1341664.730,1309224.500,1361541,1256052,4304861
C6,16,C6-conditions-016,1,3168080.060,3108986.500,3305476,2988039,4880898
C6,16,C6-conditions-016,2,3136856.180,3085009.000,3263994,2996455,4816266
C6,16,C6-conditions-016,3,3174169.970,3097606.000,3319082,2958212,5288766
C6,16,C6-conditions-016,4,3136368.060,3096363.500,3231658,3004287,4804335
C6,16,C6-conditions-016,5,3148563.430,3102861.500,3233595,3012181,5195734
C6,16,C6-conditions-016,6,3124774.250,3098731.000,3222452,3012451,3951240
C6,16,C6-conditions-016,7,3126656.930,3105779.000,3207765,3035225,3924885
C6,16,C6-conditions-016,8,3164508.970,3110499.000,3554347,3016572,4057124
C3,8,C3-conditions-008,1,222365.310,210214.500,224586,203143,1336099
C3,8,C3-conditions-008,2,215896.860,211163.500,225722,203180,343082
C3,8,C3-conditions-008,3,216701.400,213866.000,235725,207196,278266
C3,8,C3-conditions-008,4,215055.660,213020.500,224785,207248,238706
C3,8,C3-conditions-008,5,216208.580,215915.500,223763,208581,227558
C3,8,C3-conditions-008,6,217003.180,215450.500,227300,207578,280504
C3,8,C3-conditions-008,7,215801.390,215809.500,224482,208405,231136
C3,8,C3-conditions-008,8,238957.930,213337.000,225106,200913,2695823
C3,4,C3-conditions-004,1,183545.490,182805.000,192067,176763,197170
C3,4,C3-conditions-004,2,186333.100,184456.000,196090,179355,218086
C3,4,C3-conditions-004,3,185896.310,183973.500,193823,180253,229993
C3,4,C3-conditions-004,4,186680.320,185727.000,195829,179502,218352
C3,4,C3-conditions-004,5,201597.080,186049.500,201309,172155,1759850
C3,4,C3-conditions-004,6,186380.850,185528.500,194661,179145,210046
C3,4,C3-conditions-004,7,186483.170,185985.500,192665,179056,205318
C3,4,C3-conditions-004,8,185479.250,185054.000,192147,179105,206717
C1,2,C1-conditions-002,1,19059.160,18557.500,23123,16743,28636
C1,2,C1-conditions-002,2,17737.780,17274.000,19868,16628,23265
C1,2,C1-conditions-002,3,17470.450,16935.000,18876,16646,22471
C1,2,C1-conditions-002,4,17944.420,18102.500,19141,16670,23047
C1,2,C1-conditions-002,5,17619.610,17006.000,19069,16733,25217
C1,2,C1-conditions-002,6,21520.630,18232.500,23463,16719,315255
C1,2,C1-conditions-002,7,18165.050,18164.000,20215,16789,22060
C1,2,C1-conditions-002,8,17360.430,17022.000,19165,16742,21171
C2,1,C2-conditions-001,1,68310.100,44980.000,116596,41722,308061
C2,1,C2-conditions-001,2,44581.000,43433.000,50178,41828,52378
C2,1,C2-conditions-001,3,47769.600,47914.000,53723,41369,70924
C2,1,C2-conditions-001,4,47459.240,47750.500,55571,41669,65900
C2,1,C2-conditions-001,5,46763.630,47421.000,51959,41111,56993
C2,1,C2-conditions-001,6,42608.960,41801.000,48155,40921,56797
C2,1,C2-conditions-001,7,42850.890,41866.000,48066,41154,54264
C2,1,C2-conditions-001,8,42737.560,41906.500,47506,41049,52063
C6,8,C6-conditions-008,1,2490598.620,2394848.500,2688728,2325596,5893512
C6,8,C6-conditions-008,2,2435227.900,2391710.000,2550939,2317637,5667041
C6,8,C6-conditions-008,3,2450753.730,2380137.500,2489381,2312700,5422566
C6,8,C6-conditions-008,4,2420361.200,2379379.500,2475947,2322003,5754990
C6,8,C6-conditions-008,5,2435567.420,2370895.500,2467592,2289278,5368706
C6,8,C6-conditions-008,6,2410900.540,2379422.500,2442218,2303051,5331646
C6,8,C6-conditions-008,7,2461611.360,2386300.000,2613614,2297962,5615706
C6,8,C6-conditions-008,8,2409944.190,2367948.500,2446124,2298553,5880479
C4,2,C4-conditions-002,1,312950.660,310416.000,328344,301900,359769
C4,2,C4-conditions-002,2,313158.890,310845.000,323954,303627,357472
C4,2,C4-conditions-002,3,316028.620,312826.000,334987,302478,356670
C4,2,C4-conditions-002,4,321397.240,309952.000,338175,298662,609271
C4,2,C4-conditions-002,5,344761.120,312590.000,344697,299407,3051502
C4,2,C4-conditions-002,6,321064.490,312867.000,337866,304190,533483
C4,2,C4-conditions-002,7,315233.230,312698.000,330419,304296,352199
C4,2,C4-conditions-002,8,318399.480,316816.000,334443,302111,372254
C4,12,C4-conditions-012,1,465979.590,464103.000,488042,447084,502064
C4,12,C4-conditions-012,2,467238.530,463037.000,496966,444135,518356
C4,12,C4-conditions-012,3,487887.010,463876.500,498051,444873,2200671
C4,12,C4-conditions-012,4,467822.040,462395.000,485898,453654,550233
C4,12,C4-conditions-012,5,471427.210,463267.500,490903,448833,782542
C4,12,C4-conditions-012,6,491342.420,463620.500,527049,447374,2399676
C4,12,C4-conditions-012,7,475450.770,464129.500,512724,446670,733588
C4,12,C4-conditions-012,8,473679.330,466258.000,515388,451271,616987
C2,2,C2-conditions-002,1,44914.180,42520.000,56782,41365,60503
C2,2,C2-conditions-002,2,42936.200,42017.000,47181,41127,54029
C2,2,C2-conditions-002,3,42629.370,41850.000,47022,41093,57361
C2,2,C2-conditions-002,4,42621.150,41741.000,46778,41157,53031
C2,2,C2-conditions-002,5,42191.340,41797.000,44188,41135,48643
C2,2,C2-conditions-002,6,42393.520,41779.000,46439,40998,48434
C2,2,C2-conditions-002,7,42303.800,41753.500,44955,41114,53385
C2,2,C2-conditions-002,8,42081.060,41782.500,44171,41067,45804
C3,6,C3-conditions-006,1,210065.180,199646.500,235301,195498,321706
C3,6,C3-conditions-006,2,204481.940,199752.500,220993,195516,310326
C3,6,C3-conditions-006,3,206524.200,199498.000,230905,185766,500350
C3,6,C3-conditions-006,4,208597.480,203987.000,228363,196002,335641
C3,6,C3-conditions-006,5,201672.690,200853.500,212229,194876,233026
C3,6,C3-conditions-006,6,199911.680,198751.000,207952,194235,214293
C3,6,C3-conditions-006,7,218092.960,197648.500,210231,187432,2205533
C3,6,C3-conditions-006,8,220587.840,197884.000,214455,186056,2314489
C2,3,C2-conditions-003,1,49491.320,46218.500,51341,45510,294512
C2,3,C2-conditions-003,2,46383.990,46020.000,48734,45381,51795
C2,3,C2-conditions-003,3,44872.880,44527.000,48074,42441,53503
C2,3,C2-conditions-003,4,43579.640,42963.000,47587,42187,50189
C2,3,C2-conditions-003,5,43435.360,42929.000,45884,42180,54656
C2,3,C2-conditions-003,6,43544.650,42808.000,46646,42139,52041
C2,3,C2-conditions-003,7,43278.900,42738.500,46541,42119,50797
C2,3,C2-conditions-003,8,43813.530,42968.000,47555,42115,59794
C5,8,C5-conditions-008,1,1161773.790,1160399.000,1204426,1121294,1229919
C5,8,C5-conditions-008,2,1183939.380,1151198.500,1211155,1115933,3758724
C5,8,C5-conditions-008,3,1176703.680,1143322.500,1195506,1098903,4081686
C5,8,C5-conditions-008,4,1164306.220,1158882.500,1210860,1111956,1249607
C5,8,C5-conditions-008,5,1210169.330,1181613.000,1232471,1134201,3965184
C5,8,C5-conditions-008,6,1225357.400,1192416.000,1248539,1111316,4028712
C5,8,C5-conditions-008,7,1192469.970,1187949.000,1241127,1152009,1298175
C5,8,C5-conditions-008,8,1225973.850,1193454.000,1241085,1135880,4123921
C5,4,C5-conditions-004,1,1020020.590,1017376.000,1047293,988092,1139587
C5,4,C5-conditions-004,2,1047624.780,1014938.000,1056371,958507,4000193
C5,4,C5-conditions-004,3,1025140.400,1022135.000,1059687,995639,1101727
C5,4,C5-conditions-004,4,1053167.830,1019599.500,1083413,967844,4049748
C5,4,C5-conditions-004,5,1051788.450,1019983.500,1056296,972235,4246279
C5,4,C5-conditions-004,6,1021993.780,1017824.500,1062983,978207,1109378
C5,4,C5-conditions-004,7,1055560.030,1019849.500,1055879,989553,4389026
C5,4,C5-conditions-004,8,1024208.050,1022481.000,1068315,990748,1082331
C4,1,C4-conditions-001,1,289298.540,286931.000,305135,280741,317801
C4,1,C4-conditions-001,2,290910.180,287250.500,309016,279934,329860
C4,1,C4-conditions-001,3,289061.720,287101.500,303027,276210,332690
C4,1,C4-conditions-001,4,291009.150,288900.500,306065,279565,337558
C4,1,C4-conditions-001,5,288285.100,285586.500,301291,281817,307455
C4,1,C4-conditions-001,6,308708.150,287340.000,310665,276916,2059706
C4,1,C4-conditions-001,7,290227.490,286669.000,308427,281309,340772
C4,1,C4-conditions-001,8,296148.660,297494.000,307440,283727,321511
C5,2,C5-conditions-002,1,966457.740,937287.000,960910,876678,4036305
C5,2,C5-conditions-002,2,940181.930,938021.000,964441,910361,990897
C5,2,C5-conditions-002,3,968445.710,936943.000,969154,894394,3800047
C5,2,C5-conditions-002,4,944003.800,940274.000,970672,923305,1022825
C5,2,C5-conditions-002,5,976304.380,949238.500,975560,887734,3644717
C5,2,C5-conditions-002,6,944811.920,938659.000,976075,924764,1010333
C5,2,C5-conditions-002,7,976159.090,942300.500,977219,895084,3984943
C5,2,C5-conditions-002,8,943544.230,938911.500,974085,921478,1006347
