profile,values_per_attribute,point_id,measured_runs,mean_ns,median_ns,stddev_ns,min_ns,max_ns
C5,32,C5-values-032,8,1573430.750,1470893.500,205277.153,1410400,2055689
C6,32,C6-values-032,8,3273984.250,3262669.500,90479.792,3164560,3476040
C1,8,C1-values-008,8,41599.625,40057.500,6675.583,34115,57779
C2,4,C2-values-004,8,71602.125,71343.000,4580.678,63365,78264
C2,2,C2-values-002,8,70985.000,72293.500,7090.772,61270,80441
C2,64,C2-values-064,8,57132.125,56657.000,7677.416,45409,71659
C1,64,C1-values-064,8,25842.750,25232.000,2724.250,21827,31405
C4,4,C4-values-004,8,449044.875,442363.500,16093.444,429831,476286
C6,8,C6-values-008,8,3319976.000,3207109.000,320913.444,3179710,4168417
C4,2,C4-values-002,8,436598.625,430605.500,13045.353,427157,467482
C1,16,C1-values-016,8,19378.250,19154.500,1957.346,17154,22420
C4,8,C4-values-008,8,438797.250,432855.000,11787.324,428797,460206
C2,8,C2-values-008,8,44059.250,44225.500,540.374,43162,44624
C5,8,C5-values-008,8,1410209.750,1411512.000,8402.184,1398198,1423804
C6,2,C6-values-002,8,3228675.250,3220868.500,51114.302,3158160,3317655
C6,16,C6-values-016,8,3263685.500,3254052.500,101294.758,3153861,3490406
C5,4,C5-values-004,8,1394049.875,1373380.000,37762.624,1348551,1466878
C6,4,C6-values-004,8,3226983.250,3224092.000,22897.469,3191755,3263925
C2,16,C2-values-016,8,45309.500,42633.500,5846.542,42260,60339
C3,4,C3-values-004,8,189408.875,189205.500,6384.459,182353,197829
C5,2,C5-values-002,8,1425801.625,1423152.500,21580.201,1382147,1452455
C4,64,C4-values-064,8,454364.875,453550.500,8942.131,440829,467539
C1,32,C1-values-032,8,34260.875,23947.000,15518.172,22522,62741
C5,16,C5-values-016,8,1393381.625,1415859.500,45066.461,1333328,1445121
C3,64,C3-values-064,8,188560.250,188331.500,2319.074,185522,192333
C3,32,C3-values-032,8,207240.000,189690.000,44520.283,182976,324171
C4,32,C4-values-032,8,467003.750,434239.500,57589.265,432378,567318
C3,2,C3-values-002,8,192948.750,189886.000,8170.117,187538,214025
C3,8,C3-values-008,8,188624.250,188202.500,2782.399,184106,193844
C4,16,C4-values-016,8,465637.250,432434.500,52242.800,422124,554604
C1,2,C1-values-002,8,19566.625,19521.000,1426.840,18098,22502
C3,16,C3-values-016,8,201234.500,190149.000,29496.652,187676,278958
C1,4,C1-values-004,8,19194.500,19146.500,964.319,18033,21062
C6,64,C6-values-064,8,3290155.500,3300409.500,57453.579,3175615,3361139
C2,32,C2-values-032,8,44367.375,43787.000,1370.245,42791,46596
C5,64,C5-values-064,8,1427435.250,1436473.500,28771.532,1357744,1453307
