profile,values_per_attribute,point_id,run,mean_ns,median_ns,p95_ns,min_ns,max_ns
C5,32,C5-values-032,1,2055689.250,1897253.500,3275262,1375092,3515132
C5,32,C5-values-032,2,1621777.020,1453423.000,2145985,1293715,10192124
C5,32,C5-values-032,3,1499734.930,1364545.000,1861095,1281653,7455781
C5,32,C5-values-032,4,1442051.520,1335705.500,1517018,1277560,9507174
C5,32,C5-values-032,5,1410399.640,1322040.000,1499897,1269087,7479081
C5,32,C5-values-032,6,1438132.730,1345712.500,1576718,1271557,7401517
C5,32,C5-values-032,7,1428961.310,1329077.500,1485031,1266878,9309966
C5,32,C5-values-032,8,1690698.970,1326130.000,2448571,1270843,7330140
C6,32,C6-values-032,1,3317973.960,3089554.500,3633987,2952210,11945378
C6,32,C6-values-032,2,3272593.910,3066688.000,3459868,2944938,11429920
C6,32,C6-values-032,3,3183319.770,3064652.500,3383226,2943228,11819709
C6,32,C6-values-032,4,3252745.150,3076421.000,3382202,2939999,10731098
C6,32,C6-values-032,5,3292423.300,3101897.500,3538134,2951616,11714484
C6,32,C6-values-032,6,3232217.500,3089464.500,3460971,2924691,12570662
C6,32,C6-values-032,7,3476040.330,3254237.000,3974096,2962086,12849459
C6,32,C6-values-032,8,3164560.400,3086244.000,3477000,2950692,6524373
C1,8,C1-values-008,1,57779.210,43779.500,127185,35366,251036
C1,8,C1-values-008,2,39777.190,37387.000,56126,33569,79314
C1,8,C1-values-008,3,36832.650,34761.000,42570,32730,78379
C1,8,C1-values-008,4,34114.500,32980.000,39780,31417,55205
C1,8,C1-values-008,5,39060.940,37639.500,54419,31585,71724
C1,8,C1-values-008,6,41181.840,40273.000,56495,30749,65654
C1,8,C1-values-008,7,43712.050,41386.000,51453,38294,89290
C1,8,C1-values-008,8,40338.100,38255.500,48612,37281,63602
C2,4,C2-values-004,1,66759.000,64614.500,80709,59608,84967
C2,4,C2-values-004,2,71748.110,69182.000,95097,55449,113213
C2,4,C2-values-004,3,75041.560,71639.000,93696,65975,111486
C2,4,C2-values-004,4,70937.560,70731.500,93563,56988,116834
C2,4,C2-values-004,5,63364.720,61338.000,75629,57092,111992
C2,4,C2-values-004,6,70727.150,68006.500,92297,58054,134411
C2,4,C2-values-004,7,78263.710,76114.500,92754,69560,119665
C2,4,C2-values-004,8,75973.670,71851.000,93295,69158,118159
C2,2,C2-values-002,1,69666.740,64005.000,90349,57937,135703
C2,2,C2-values-002,2,77908.870,74980.500,103728,58638,152498
C2,2,C2-values-002,3,74920.460,74840.500,87877,58283,131974
C2,2,C2-values-002,4,61269.900,59019.500,65388,56515,106744
C2,2,C2-values-002,5,62696.060,59685.000,77280,56523,119925
C2,2,C2-values-002,6,64004.630,58788.500,92153,55909,149775
C2,2,C2-values-002,7,76971.750,73786.000,104403,59242,123733
C2,2,C2-values-002,8,80440.950,73255.500,116983,68988,174926
C2,64,C2-values-064,1,53667.210,51607.500,73717,42787,102934
C2,64,C2-values-064,2,71658.620,69504.000,85542,54174,148534
C2,64,C2-values-064,3,63056.130,58584.000,77654,56387,175672
C2,64,C2-values-064,4,60174.740,57623.500,79181,46404,117977
C2,64,C2-values-064,5,59123.530,59816.000,81367,42611,137812
C2,64,C2-values-064,6,54190.050,53605.500,74333,42120,99126
C2,64,C2-values-064,7,45408.740,43059.000,55501,42166,100647
C2,64,C2-values-064,8,49776.650,43550.000,74874,42303,112819
C1,64,C1-values-064,1,24465.600,23706.500,31031,18764,38362
C1,64,C1-values-064,2,28083.580,26271.500,43196,20491,53267
C1,64,C1-values-064,3,31405.390,23396.000,34767,20811,324214
C1,64,C1-values-064,4,23857.360,23146.500,30640,20804,37255
C1,64,C1-values-064,5,26638.720,24134.000,44192,18777,73196
C1,64,C1-values-064,6,21827.240,20145.500,27122,19415,33464
C1,64,C1-values-064,7,25050.620,25025.000,28521,20802,36403
C1,64,C1-values-064,8,25412.900,24782.000,28649,24241,37935
C4,4,C4-values-004,1,435605.500,428489.500,470511,414639,507274
C4,4,C4-values-004,2,440818.490,431759.500,504713,410720,537296
C4,4,C4-values-004,3,473796.450,425713.000,470454,404806,4713691
C4,4,C4-values-004,4,451328.950,434765.000,549371,405800,737087
C4,4,C4-values-004,5,440784.490,430898.000,513279,405216,565638
C4,4,C4-values-004,6,443909.080,434656.500,528492,402453,561342
C4,4,C4-values-004,7,429831.260,421978.500,472616,407306,501747
C4,4,C4-values-004,8,476286.220,422478.500,529559,405850,4334823
C6,8,C6-values-008,1,4168416.830,4113629.500,5277342,3039303,7648717
C6,8,C6-values-008,2,3210909.430,3161563.000,3433306,3002850,4623116
C6,8,C6-values-008,3,3185769.570,3129885.000,3430653,3012248,4494965
C6,8,C6-values-008,4,3187248.340,3139304.500,3446876,3019599,4180676
C6,8,C6-values-008,5,3203308.600,3145207.500,3505882,2988704,4805690
C6,8,C6-values-008,6,3179709.860,3133674.000,3449089,3022371,4582180
C6,8,C6-values-008,7,3211762.090,3151925.500,3544219,2975386,4581781
C6,8,C6-values-008,8,3212682.860,3157987.500,3499674,3004141,4520542
C4,2,C4-values-002,1,430866.620,419586.500,481771,406796,523326
C4,2,C4-values-002,2,467481.960,425905.000,498043,408074,3584654
C4,2,C4-values-002,3,431945.430,417488.500,506248,403515,614994
C4,2,C4-values-002,4,428883.530,419496.000,489193,403324,552068
C4,2,C4-values-002,5,429078.740,421634.500,475161,405028,509518
C4,2,C4-values-002,6,430344.130,425015.500,465639,406213,502425
C4,2,C4-values-002,7,447030.520,421999.000,498166,405775,2107696
C4,2,C4-values-002,8,427157.360,420540.000,473872,404464,510155
C1,16,C1-values-016,1,19920.850,18616.500,27474,17801,32977
C1,16,C1-values-016,2,22420.320,19981.500,29956,17690,81908
C1,16,C1-values-016,3,22290.320,18418.500,25692,17742,285199
C1,16,C1-values-016,4,18959.100,18180.500,23743,17722,31092
C1,16,C1-values-016,5,17772.290,17881.500,19434,16655,22065
C1,16,C1-values-016,6,19350.150,17914.500,28122,16593,48246
C1,16,C1-values-016,7,17159.570,16885.500,18427,16574,23369
C1,16,C1-values-016,8,17153.740,16815.000,18948,16486,23271
C4,8,C4-values-008,1,433892.490,429920.500,468163,410410,487492
C4,8,C4-values-008,2,431511.020,428368.000,457357,409189,474816
C4,8,C4-values-008,3,432918.650,427307.500,458348,408644,513975
C4,8,C4-values-008,4,460205.970,425568.000,475171,403520,3104285
C4,8,C4-values-008,5,432379.950,430033.000,461334,409863,491080
C4,8,C4-values-008,6,428797.430,423180.000,463642,410122,476096
C4,8,C4-values-008,7,457881.560,425595.500,471546,402730,3056211
C4,8,C4-values-008,8,432791.360,430587.500,464855,410753,503898
C2,8,C2-values-008,1,44392.300,43459.500,47681,41566,64177
C2,8,C2-values-008,2,43162.300,42273.500,45973,41642,58714
C2,8,C2-values-008,3,44059.270,42431.500,50310,41615,61148
C2,8,C2-values-008,4,43979.750,42378.000,54386,41614,60180
C2,8,C2-values-008,5,43238.970,42321.000,47136,41461,53839
C2,8,C2-values-008,6,44414.740,43088.500,50919,41535,67831
C2,8,C2-values-008,7,44603.300,43308.500,51006,42551,55748
C2,8,C2-values-008,8,44624.360,43286.500,50667,42456,60503
C5,8,C5-values-008,1,1423804.050,1347512.500,1503221,1259689,6954022
C5,8,C5-values-008,2,1411622.590,1345452.500,1413889,1274561,7479507
C5,8,C5-values-008,3,1411401.390,1346945.500,1479096,1273111,6763836
C5,8,C5-values-008,4,1416497.940,1349932.500,1493698,1276762,6613393
C5,8,C5-values-008,5,1398197.550,1346335.500,1437929,1269868,6069371
C5,8,C5-values-008,6,1416732.770,1350713.000,1456210,1266998,7111244
C5,8,C5-values-008,7,1403399.450,1345361.000,1407812,1278658,6399737
C5,8,C5-values-008,8,1400021.650,1341551.000,1462857,1262028,6388708
C6,2,C6-values-002,1,3317654.990,3137908.500,4178183,2977639,7060272
C6,2,C6-values-002,2,3244874.410,3115078.000,3462913,2972350,6535990
C6,2,C6-values-002,3,3182484.600,3134172.500,3379583,2987966,4336567
C6,2,C6-values-002,4,3196347.100,3131352.000,3417564,2975734,4666391
C6,2,C6-values-002,5,3196862.700,3136316.000,3368625,2957662,4743841
C6,2,C6-values-002,6,3285159.830,3169198.500,3677669,3014196,9856345
C6,2,C6-values-002,7,3158159.570,3090731.500,3412908,2990224,4504785
C6,2,C6-values-002,8,3247858.300,3177349.500,3477571,2992168,5030252
C6,16,C6-values-016,1,3260420.760,3117160.500,3542351,2971999,6326853
C6,16,C6-values-016,2,3284115.830,3113731.000,3775020,2955332,12241689
C6,16,C6-values-016,3,3176916.490,3107889.000,3695135,2947359,4280546
C6,16,C6-values-016,4,3153860.670,3086491.000,3452808,2946017,4585078
C6,16,C6-values-016,5,3177617.120,3106896.000,3451665,3006635,4580649
C6,16,C6-values-016,6,3247684.150,3190498.500,3539004,2991249,4752966
C6,16,C6-values-016,7,3490406.420,3247309.000,4938232,3080830,12513245
C6,16,C6-values-016,8,3318462.670,3209296.000,4253609,3018562,6030902
C5,4,C5-values-004,1,1466877.650,1352165.000,1583637,1289526,4133298
C5,4,C5-values-004,2,1428942.380,1338416.500,1523123,1289614,4103903
C5,4,C5-values-004,3,1421742.010,1346872.000,1453911,1267690,4230468
C5,4,C5-values-004,4,1348550.850,1311591.000,1412510,1257571,2672494
C5,4,C5-values-004,5,1376104.100,1335598.500,1427053,1270066,2438680
C5,4,C5-values-004,6,1369172.850,1331391.500,1428265,1275959,2523279
C5,4,C5-values-004,7,1370353.070,1327288.500,1423445,1278765,2662325
C5,4,C5-values-004,8,1370656.460,1331992.500,1438183,1272402,2488985
C6,4,C6-values-004,1,3256037.930,3112953.500,4460776,2971384,7455125
C6,4,C6-values-004,2,3224560.980,3139405.000,4065699,3012583,4906212
C6,4,C6-values-004,3,3209699.670,3130884.000,4013725,2956547,4462737
C6,4,C6-values-004,4,3191754.810,3108143.000,4037354,2959223,5096385
C6,4,C6-values-004,5,3263925.470,3148177.000,3993147,3001915,8355658
C6,4,C6-values-004,6,3237254.810,3141253.000,4196268,3010116,4491932
C6,4,C6-values-004,7,3223622.800,3130397.000,4282106,2943693,4609902
C6,4,C6-values-004,8,3209009.060,3112513.500,4057740,2973368,4586425
C2,16,C2-values-016,1,42415.820,41867.500,44497,41137,58332
C2,16,C2-values-016,2,42514.210,41939.500,45296,41278,51693
C2,16,C2-values-016,3,42703.450,41843.500,45366,40971,55324
C2,16,C2-values-016,4,46751.780,42006.000,76251,41137,84290
C2,16,C2-values-016,5,60338.500,42613.500,48728,41086,1612464
C2,16,C2-values-016,6,42928.190,41917.500,47097,41290,58856
C2,16,C2-values-016,7,42564.070,41882.500,46004,41228,55580
C2,16,C2-values-016,8,42259.990,41813.000,44556,41170,53092
C3,4,C3-values-004,1,194937.700,177420.500,197031,174146,1662632
C3,4,C3-values-004,2,182353.170,179231.500,194660,173778,227804
C3,4,C3-values-004,3,182972.690,180568.500,199569,175285,225529
C3,4,C3-values-004,4,194013.080,179326.000,193141,174745,1444639
C3,4,C3-values-004,5,182783.730,180650.000,201273,173849,207587
C3,4,C3-values-004,6,195983.310,179211.000,200207,172605,1462528
C3,4,C3-values-004,7,184398.050,181624.000,198717,175396,214174
C3,4,C3-values-004,8,197829.370,181108.000,205212,175333,1486250
C5,2,C5-values-002,1,1445893.810,1321546.000,1520576,1264951,3945770
C5,2,C5-values-002,2,1415283.180,1314207.000,2284185,1262430,3050728
C5,2,C5-values-002,3,1421929.220,1332127.500,1925512,1269078,2806728
C5,2,C5-values-002,4,1447931.320,1345708.000,2304379,1282134,3865727
C5,2,C5-values-002,5,1452455.090,1380298.000,1652301,1293391,3048923
C5,2,C5-values-002,6,1424375.810,1361008.500,1675947,1272165,2670521
C5,2,C5-values-002,7,1382147.060,1331588.000,1520463,1257256,2578592
C5,2,C5-values-002,8,1416398.030,1357588.500,1522132,1299954,2649465
C4,64,C4-values-064,1,449854.500,414457.000,535731,399062,2559644
C4,64,C4-values-064,2,467539.430,415424.500,510600,400274,3120185
C4,64,C4-values-064,3,447464.870,430569.500,465455,401167,2331288
C4,64,C4-values-064,4,457246.390,413529.500,450299,400901,2355120
C4,64,C4-values-064,5,446371.630,416380.000,446790,400478,2529194
C4,64,C4-values-064,6,463167.010,411757.500,477643,401723,2911779
C4,64,C4-values-064,7,440828.510,416338.000,466341,401896,2235924
C4,64,C4-values-064,8,462446.130,431098.500,517991,400242,2117363
C1,32,C1-values-032,1,23220.920,23130.500,25418,20663,33943
C1,32,C1-values-032,2,62741.070,59437.000,69879,23160,352113
C1,32,C1-values-032,3,56886.070,56478.500,66187,48233,84991
C1,32,C1-values-032,4,37525.600,24278.000,68247,21874,246899
C1,32,C1-values-032,5,23634.220,23089.500,27680,19635,37533
C1,32,C1-values-032,6,24259.980,23175.000,33593,19282,61971
C1,32,C1-values-032,7,22522.090,21981.000,26720,19307,33489
C1,32,C1-values-032,8,23296.780,22638.000,28159,19141,43751
C5,16,C5-values-016,1,1421577.310,1333400.000,1435461,1260562,9566742
C5,16,C5-values-016,2,1424346.850,1321866.500,1413979,1268731,10468402
C5,16,C5-values-016,3,1333728.610,1331382.000,1389622,1281024,1431003
C5,16,C5-values-016,4,1435985.610,1337997.500,1510480,1271117,9281561
C5,16,C5-values-016,5,1410142.250,1328577.500,1381860,1270526,9226939
C5,16,C5-values-016,6,1342823.300,1335306.000,1449450,1259611,1513223
C5,16,C5-values-016,7,1445121.010,1344713.500,1513211,1265713,10496456
C5,16,C5-values-016,8,1333327.640,1325319.000,1406812,1254560,1580580
C3,64,C3-values-064,1,185977.820,180551.500,211120,174626,311326
C3,64,C3-values-064,2,189188.120,181144.500,218300,173291,306308
C3,64,C3-values-064,3,190927.740,181348.500,236723,173683,305764
C3,64,C3-values-064,4,190218.590,181589.500,232708,174933,288429
C3,64,C3-values-064,5,185522.140,182074.500,203204,175780,239350
C3,64,C3-values-064,6,187475.330,183257.000,211872,178847,231283
C3,64,C3-values-064,7,186839.250,181118.500,212401,175759,250170
C3,64,C3-values-064,8,192333.440,183269.500,245467,174112,277137
C3,32,C3-values-032,1,188517.580,179295.500,225867,174720,256479
C3,32,C3-values-032,2,199330.930,181979.000,315709,175179,458356
C3,32,C3-values-032,3,187883.120,180191.500,224233,174520,282644
C3,32,C3-values-032,4,185773.750,180636.500,204759,174225,259464
C3,32,C3-values-032,5,198404.940,184496.000,270167,175581,362796
C3,32,C3-values-032,6,190862.470,181069.000,237572,174700,292761
C3,32,C3-values-032,7,324170.960,182224.500,247398,174241,13224614
C3,32,C3-values-032,8,182976.300,177910.500,206224,174386,299115
C4,32,C4-values-032,1,435334.320,422021.000,488377,407267,561032
C4,32,C4-values-032,2,433040.120,420763.500,499901,403674,610600
C4,32,C4-values-032,3,567318.050,420984.500,510215,402881,13801458
C4,32,C4-values-032,4,432497.790,423912.500,474780,407946,656591
C4,32,C4-values-032,5,436182.860,424654.500,495532,406137,627731
C4,32,C4-values-032,6,432377.940,419401.500,484185,401341,574327
C4,32,C4-values-032,7,433144.650,425745.000,466444,409178,527539
C4,32,C4-values-032,8,566134.340,434227.500,618211,402422,12100182
C3,2,C3-values-002,1,187538.100,180842.500,229854,177051,261892
C3,2,C3-values-002,2,191297.080,181481.500,234884,177088,312082
C3,2,C3-values-002,3,188715.630,181795.500,220872,176732,268378
C3,2,C3-values-002,4,214025.200,191540.500,324094,178573,351960
C3,2,C3-values-002,5,188555.920,180580.500,232905,177174,288156
C3,2,C3-values-002,6,193685.540,182265.000,243518,176409,404489
C3,2,C3-values-002,7,190685.460,181591.500,228334,177008,368393
C3,2,C3-values-002,8,189086.590,181444.000,222212,177237,256710
C3,8,C3-values-008,1,184106.290,177520.000,222077,173142,361762
C3,8,C3-values-008,2,188148.900,178593.000,236521,173645,306362
C3,8,C3-values-008,3,186376.790,180358.500,221321,173750,244410
C3,8,C3-values-008,4,193844.200,181659.500,244631,174537,290540
C3,8,C3-values-008,5,187289.290,180801.500,213119,174522,276674
C3,8,C3-values-008,6,188256.410,179804.500,228939,174681,297052
C3,8,C3-values-008,7,190753.540,182828.000,221658,175135,298223
C3,8,C3-values-008,8,190218.980,183095.000,214072,177891,277309
C4,16,C4-values-016,1,554604.250,417209.500,530650,401705,12291246
C4,16,C4-values-016,2,431530.830,414434.500,505614,398668,638056
C4,16,C4-values-016,3,494492.920,418136.500,549781,400801,5630931
C4,16,C4-values-016,4,422831.490,415312.000,455954,402276,499921
C4,16,C4-values-016,5,425881.290,417553.500,462776,400292,534828
C4,16,C4-values-016,6,422124.250,412713.000,462911,399732,508593
C4,16,C4-values-016,7,540296.150,414119.000,492502,399373,11630258
C4,16,C4-values-016,8,433337.770,422456.000,495063,399547,612312
C1,2,C1-values-002,1,18098.060,18015.000,20079,16582,23176
C1,2,C1-values-002,2,18202.410,17957.500,22911,16501,31157
C1,2,C1-values-002,3,20221.240,19304.000,30594,16739,39919
C1,2,C1-values-002,4,20273.800,19511.500,24825,17840,43026
C1,2,C1-values-002,5,18875.310,18078.000,22364,17706,34742
C1,2,C1-values-002,6,22502.040,18268.000,23841,17704,349617
C1,2,C1-values-002,7,20167.470,19483.000,24888,17730,27758
C1,2,C1-values-002,8,18193.790,18066.000,18796,17734,21245
C3,16,C3-values-016,1,191127.760,184875.500,232927,179548,249011
C3,16,C3-values-016,2,187832.610,183959.000,209363,178974,229204
C3,16,C3-values-016,3,187675.570,183489.500,210754,175323,314331
C3,16,C3-values-016,4,187723.500,184093.000,208244,178226,250027
C3,16,C3-values-016,5,278957.740,184280.000,224281,175145,9041441
C3,16,C3-values-016,6,196259.350,184981.000,257225,174081,346404
C3,16,C3-values-016,7,190795.820,184764.000,219144,178443,271526
C3,16,C3-values-016,8,189501.950,183211.500,216126,177050,262100
C1,4,C1-values-004,1,19578.570,18375.000,24919,16595,33337
C1,4,C1-values-004,2,18075.030,17803.500,19778,17471,25101
C1,4,C1-values-004,3,21061.760,18435.000,32217,17585,44859
C1,4,C1-values-004,4,19607.890,18545.500,24078,17629,29973
C1,4,C1-values-004,5,19873.330,18161.000,22555,17613,106541
C1,4,C1-values-004,6,18033.250,17878.000,18654,17614,22324
C1,4,C1-values-004,7,18611.760,17938.500,21445,17557,30205
C1,4,C1-values-004,8,18714.120,17910.500,24098,17553,32423
C6,64,C6-values-064,1,3361138.800,3142531.500,3662470,2967696,12707644
C6,64,C6-values-064,2,3332514.540,3143083.000,3452473,2971023,11553410
C6,64,C6-values-064,3,3288664.970,3130514.000,3327749,2980065,10711442
C6,64,C6-values-064,4,3312037.330,3149131.500,3417692,2983829,10629271
C6,64,C6-values-064,5,3335158.200,3166465.000,3450062,3017578,12572987
C6,64,C6-values-064,6,3288782.410,3195619.000,3528518,3015937,7869583
C6,64,C6-values-064,7,3227333.450,3168723.500,3517203,2955542,4679442
C6,64,C6-values-064,8,3175615.460,3108247.000,3480542,2960553,5128210
C2,32,C2-values-032,1,43101.230,41983.500,45869,41314,56434
C2,32,C2-values-032,2,42791.050,42049.000,46666,41004,56629
C2,32,C2-values-032,3,43711.910,41896.000,55114,40970,61236
C2,32,C2-values-032,4,43313.660,42071.000,50080,41340,62539
C2,32,C2-values-032,5,43862.060,41992.500,51419,41030,64300
C2,32,C2-values-032,6,45489.330,42786.500,57179,41237,71561
C2,32,C2-values-032,7,46595.940,44191.000,59246,41146,71509
C2,32,C2-values-032,8,46073.850,44563.500,59048,41223,71616
C5,64,C5-values-064,1,1357744.070,1347684.000,1474733,1262448,1609205
C5,64,C5-values-064,2,1442726.700,1352382.500,1616318,1268423,8136228
C5,64,C5-values-064,3,1453307.330,1357822.500,1610184,1285041,8318892
C5,64,C5-values-064,4,1428353.970,1357471.500,1498436,1287242,7208078
C5,64,C5-values-064,5,1430220.320,1359579.000,1500505,1259326,7129340
C5,64,C5-values-064,6,1443207.710,1356974.500,1567208,1263723,8284338
C5,64,C5-values-064,7,1448754.340,1363241.500,1567243,1285079,6778699
C5,64,C5-values-064,8,1415167.850,1338256.500,1522339,1268023,6955915
