profile,attributes_per_entity,point_id,configuration_json,users_csv,resources_csv,user_attributes_csv,resource_attributes_csv,environment_attributes_csv,abac_rules_csv,rule_conditions_csv
C1,1,C1-attributes-001,config-001/attributes-001/configuration.json,../config-001/users.csv,../config-001/resources.csv,config-001/attributes-001/user_attributes.csv,config-001/attributes-001/resource_attributes.csv,config-001/attributes-001/environment_attributes.csv,config-001/attributes-001/abac_rules.csv,config-001/attributes-001/rule_conditions.csv
C1,2,C1-attributes-002,config-001/attributes-002/configuration.json,../config-001/users.csv,../config-001/resources.csv,config-001/attributes-002/user_attributes.csv,config-001/attributes-002/resource_attributes.csv,config-001/attributes-002/environment_attributes.csv,config-001/attributes-002/abac_rules.csv,config-001/attributes-002/rule_conditions.csv
C1,4,C1-attributes-004,config-001/attributes-004/configuration.json,../config-001/users.csv,../config-001/resources.csv,config-001/attributes-004/user_attributes.csv,config-001/attributes-004/resource_attributes.csv,config-001/attributes-004/environment_attributes.csv,config-001/attributes-004/abac_rules.csv,config-001/attributes-004/rule_conditions.csv
C1,8,C1-attributes-008,config-001/attributes-008/configuration.json,../config-001/users.csv,../config-001/resources.csv,config-001/attributes-008/user_attributes.csv,config-001/attributes-008/resource_attributes.csv,config-001/attributes-008/environment_attributes.csv,config-001/attributes-008/abac_rules.csv,config-001/attributes-008/rule_conditions.csv
C1,12,C1-attributes-012,config-001/attributes-012/configuration.json,../config-001/users.csv,../config-001/resources.csv,config-001/attributes-012/user_attributes.csv,config-001/attributes-012/resource_attributes.csv,config-001/attributes-012/environment_attributes.csv,config-001/attributes-012/abac_rules.csv,config-001/attributes-012/rule_conditions.csv
C1,16,C1-attributes-016,config-001/attributes-016/configuration.json,../config-001/users.csv,../config-001/resources.csv,config-001/attributes-016/user_attributes.csv,config-001/attributes-016/resource_attributes.csv,config-001/attributes-016/environment_attributes.csv,config-001/attributes-016/abac_rules.csv,config-001/attributes-016/rule_conditions.csv
C2,1,C2-attributes-001,config-002/attributes-001/configuration.json,../config-002/users.csv,../config-002/resources.csv,config-002/attributes-001/user_attributes.csv,config-002/attributes-001/resource_attributes.csv,config-002/attributes-001/environment_attributes.csv,config-002/attributes-001/abac_rules.csv,config-002/attributes-001/rule_conditions.csv
C2,2,C2-attributes-002,config-002/attributes-002/configuration.json,../config-002/users.csv,../config-002/resources.csv,config-002/attributes-002/user_attributes.csv,config-002/attributes-002/resource_attributes.csv,config-002/attributes-002/environment_attributes.csv,config-002/attributes-002/abac_rules.csv,config-002/attributes-002/rule_conditions.csv
C2,4,C2-attributes-004,config-002/attributes-004/configuration.json,../config-002/users.csv,../config-002/resources.csv,config-002/attributes-004/user_attributes.csv,config-002/attributes-004/resource_attributes.csv,config-002/attributes-004/environment_attributes.csv,config-002/attributes-004/abac_rules.csv,config-002/attributes-004/rule_conditions.csv
C2,8,C2-attributes-008,config-002/attributes-008/configuration.json,../config-002/users.csv,../config-002/resources.csv,config-002/attributes-008/user_attributes.csv,config-002/attributes-008/resource_attributes.csv,config-002/attributes-008/environment_attributes.csv,config-002/attributes-008/abac_rules.csv,config-002/attributes-008/rule_conditions.csv
C2,12,C2-attributes-012,config-002/attributes-012/configuration.json,../config-002/users.csv,../config-002/resources.csv,config-002/attributes-012/user_attributes.csv,config-002/attributes-012/resource_attributes.csv,config-002/attributes-012/environment_attributes.csv,config-002/attributes-012/abac_rules.csv,config-002/attributes-012/rule_conditions.csv
C2,16,C2-attributes-016,config-002/attributes-016/configuration.json,../config-002/users.csv,../config-002/resources.csv,config-002/attributes-016/user_attributes.csv,config-002/attributes-016/resource_attributes.csv,config-002/attributes-016/environment_attributes.csv,config-002/attributes-016/abac_rules.csv,config-002/attributes-016/rule_conditions.csv
C3,1,C3-attributes-001,config-003/attributes-001/configuration.json,../config-003/users.csv,../config-003/resources.csv,config-003/attributes-001/user_attributes.csv,config-003/attributes-001/resource_attributes.csv,config-003/attributes-001/environment_attributes.csv,config-003/attributes-001/abac_rules.csv,config-003/attributes-001/rule_conditions.csv
C3,2,C3-attributes-002,config-003/attributes-002/configuration.json,../config-003/users.csv,../config-003/resources.csv,config-003/attributes-002/user_attributes.csv,config-003/attributes-002/resource_attributes.csv,config-003/attributes-002/environment_attributes.csv,config-003/attributes-002/abac_rules.csv,config-003/attributes-002/rule_conditions.csv
C3,4,C3-attributes-004,config-003/attributes-004/configuration.json,../config-003/users.csv,../config-003/resources.csv,config-003/attributes-004/user_attributes.csv,config-003/attributes-004/resource_attributes.csv,config-003/attributes-004/environment_attributes.csv,config-003/attributes-004/abac_rules.csv,config-003/attributes-004/rule_conditions.csv
C3,8,C3-attributes-008,config-003/attributes-008/configuration.json,../config-003/users.csv,../config-003/resources.csv,config-003/attributes-008/user_attributes.csv,config-003/attributes-008/resource_attributes.csv,config-003/attributes-008/environment_attributes.csv,config-003/attributes-008/abac_rules.csv,config-003/attributes-008/rule_conditions.csv
C3,12,C3-attributes-012,config-003/attributes-012/configuration.json,../config-003/users.csv,../config-003/resources.csv,config-003/attributes-012/user_attributes.csv,config-003/attributes-012/resource_attributes.csv,config-003/attributes-012/environment_attributes.csv,config-003/attributes-012/abac_rules.csv,config-003/attributes-012/rule_conditions.csv
C3,16,C3-attributes-016,config-003/attributes-016/configuration.json,../config-003/users.csv,../config-003/resources.csv,config-003/attributes-016/user_attributes.csv,config-003/attributes-016/resource_attributes.csv,config-003/attributes-016/environment_attributes.csv,config-003/attributes-016/abac_rules.csv,config-003/attributes-016/rule_conditions.csv
C4,1,C4-attributes-001,config-004/attributes-001/configuration.json,../config-004/users.csv,../config-004/resources.csv,config-004/attributes-001/user_attributes.csv,config-004/attributes-001/resource_attributes.csv,config-004/attributes-001/environment_attributes.csv,config-004/attributes-001/abac_rules.csv,config-004/attributes-001/rule_conditions.csv
C4,2,C4-attributes-002,config-004/attributes-002/configuration.json,../config-004/users.csv,../config-004/resources.csv,config-004/attributes-002/user_attributes.csv,config-004/attributes-002/resource_attributes.csv,config-004/attributes-002/environment_attributes.csv,config-004/attributes-002/abac_rules.csv,config-004/attributes-002/rule_conditions.csv
C4,4,C4-attributes-004,config-004/attributes-004/configuration.json,../config-004/users.csv,../config-004/resources.csv,config-004/attributes-004/user_attributes.csv,config-004/attributes-004/resource_attributes.csv,config-004/attributes-004/environment_attributes.csv,config-004/attributes-004/abac_rules.csv,config-004/attributes-004/rule_conditions.csv
C4,8,C4-attributes-008,config-004/attributes-008/configuration.json,../config-004/users.csv,../config-004/resources.csv,config-004/attributes-008/user_attributes.csv,config-004/attributes-008/resource_attributes.csv,config-004/attributes-008/environment_attributes.csv,config-004/attributes-008/abac_rules.csv,config-004/attributes-008/rule_conditions.csv
C4,12,C4-attributes-012,config-004/attributes-012/configuration.json,../config-004/users.csv,../config-004/resources.csv,config-004/attributes-012/user_attributes.csv,config-004/attributes-012/resource_attributes.csv,config-004/attributes-012/environment_attributes.csv,config-004/attributes-012/abac_rules.csv,config-004/attributes-012/rule_conditions.csv
C4,16,C4-attributes-016,config-004/attributes-016/configuration.json,../config-004/users.csv,../config-004/resources.csv,config-004/attributes-016/user_attributes.csv,config-004/attributes-016/resource_attributes.csv,config-004/attributes-016/environment_attributes.csv,config-004/attributes-016/abac_rules.csv,config-004/attributes-016/rule_conditions.csv
C5,1,C5-attributes-001,config-005/attributes-001/configuration.json,../config-005/users.csv,../config-005/resources.csv,config-005/attributes-001/user_attributes.csv,config-005/attributes-001/resource_attributes.csv,config-005/attributes-001/environment_attributes.csv,config-005/attributes-001/abac_rules.csv,config-005/attributes-001/rule_conditions.csv
C5,2,C5-attributes-002,config-005/attributes-002/configuration.json,../config-005/users.csv,../config-005/resources.csv,config-005/attributes-002/user_attributes.csv,config-005/attributes-002/resource_attributes.csv,config-005/attributes-002/environment_attributes.csv,config-005/attributes-002/abac_rules.csv,config-005/attributes-002/rule_conditions.csv
C5,4,C5-attributes-004,config-005/attributes-004/configuration.json,../config-005/users.csv,../config-005/resources.csv,config-005/attributes-004/user_attributes.csv,config-005/attributes-004/resource_attributes.csv,config-005/attributes-004/environment_attributes.csv,config-005/attributes-004/abac_rules.csv,config-005/attributes-004/rule_conditions.csv
C5,8,C5-attributes-008,config-005/attributes-008/configuration.json,../config-005/users.csv,../config-005/resources.csv,config-005/attributes-008/user_attributes.csv,config-005/attributes-008/resource_attributes.csv,config-005/attributes-008/environment_attributes.csv,config-005/attributes-008/abac_rules.csv,config-005/attributes-008/rule_conditions.csv
C5,12,C5-attributes-012,config-005/attributes-012/configuration.json,../config-005/users.csv,../config-005/resources.csv,config-005/attributes-012/user_attributes.csv,config-005/attributes-012/resource_attributes.csv,config-005/attributes-012/environment_attributes.csv,config-005/attributes-012/abac_rules.csv,config-005/attributes-012/rule_conditions.csv
C5,16,C5-attributes-016,config-005/attributes-016/configuration.json,../config-005/users.csv,../config-005/resources.csv,config-005/attributes-016/user_attributes.csv,config-005/attributes-016/resource_attributes.csv,config-005/attributes-016/environment_attributes.csv,config-005/attributes-016/abac_rules.csv,config-005/attributes-016/rule_conditions.csv
C6,1,C6-attributes-001,config-006/attributes-001/configuration.json,../config-006/users.csv,../config-006/resources.csv,config-006/attributes-001/user_attributes.csv,config-006/attributes-001/resource_attributes.csv,config-006/attributes-001/environment_attributes.csv,config-006/attributes-001/abac_rules.csv,config-006/attributes-001/rule_conditions.csv
C6,2,C6-attributes-002,config-006/attributes-002/configuration.json,../config-006/users.csv,../config-006/resources.csv,config-006/attributes-002/user_attributes.csv,config-006/attributes-002/resource_attributes.csv,config-006/attributes-002/environment_attributes.csv,config-006/attributes-002/abac_rules.csv,config-006/attributes-002/rule_conditions.csv
C6,4,C6-attributes-004,config-006/attributes-004/configuration.json,../config-006/users.csv,../config-006/resources.csv,config-006/attributes-004/user_attributes.csv,config-006/attributes-004/resource_attributes.csv,config-006/attributes-004/environment_attributes.csv,config-006/attributes-004/abac_rules.csv,config-006/attributes-004/rule_conditions.csv
C6,8,C6-attributes-008,config-006/attributes-008/configuration.json,../config-006/users.csv,../config-006/resources.csv,config-006/attributes-008/user_attributes.csv,config-006/attributes-008/resource_attributes.csv,config-006/attributes-008/environment_attributes.csv,config-006/attributes-008/abac_rules.csv,config-006/attributes-008/rule_conditions.csv
C6,12,C6-attributes-012,config-006/attributes-012/configuration.json,../config-006/users.csv,../config-006/resources.csv,config-006/attributes-012/user_attributes.csv,config-006/attributes-012/resource_attributes.csv,config-006/attributes-012/environment_attributes.csv,config-006/attributes-012/abac_rules.csv,config-006/attributes-012/rule_conditions.csv
C6,16,C6-attributes-016,config-006/attributes-016/configuration.json,../config-006/users.csv,../config-006/resources.csv,config-006/attributes-016/user_attributes.csv,config-006/attributes-016/resource_attributes.csv,config-006/attributes-016/environment_attributes.csv,config-006/attributes-016/abac_rules.csv,config-006/attributes-016/rule_conditions.csv
