profile,rule_count,point_id,measured_runs,mean_ns,median_ns,stddev_ns,min_ns,max_ns
C5,10,C5-rules-010,8,218512.625,198193.000,72667.871,140110,330094
C4,500,C4-rules-500,8,2047395.375,1994326.500,118808.965,1982988,2356161
C4,250,C4-rules-250,8,1016121.125,1014378.500,14744.428,987361,1036170
C4,50,C4-rules-050,8,233111.875,225387.500,24579.722,219007,297586
C5,250,C5-rules-250,8,1291006.250,1292319.000,22368.249,1239592,1318362
C6,1,C6-rules-001,8,38409.750,31761.500,18086.360,30874,86246
C5,500,C5-rules-500,8,2617119.750,2608150.000,21151.342,2597141,2652261
C3,1,C3-rules-001,8,21017.375,20951.000,210.097,20762,21397
C3,250,C3-rules-250,8,854208.250,844212.000,21092.324,831667,898316
C3,50,C3-rules-050,8,182417.625,180224.500,6402.168,178296,199101
C2,50,C2-rules-050,8,150429.000,147958.000,6498.623,147082,167473
C6,10,C6-rules-010,8,81595.750,81639.000,581.146,80568,82276
C6,500,C6-rules-500,8,3060125.375,3068303.000,34174.390,3000666,3115014
C4,10,C4-rules-010,8,72735.750,71769.000,3244.414,69624,78226
C1,500,C1-rules-500,8,1370354.500,1374999.500,12150.494,1352550,1383667
C5,50,C5-rules-050,8,281261.875,270674.500,18609.032,269796,316747
C2,250,C2-rules-250,8,707105.750,703150.000,12221.067,685865,725664
C6,100,C6-rules-100,8,630098.625,628900.000,14037.088,614351,655187
C3,10,C3-rules-010,8,48697.500,48635.500,192.117,48363,49014
C4,1,C4-rules-001,8,28236.750,28084.000,2135.395,25659,31020
C1,250,C1-rules-250,8,692649.375,691331.500,10521.384,681465,712646
C5,1,C5-rules-001,8,27393.375,27403.500,347.554,26896,27971
C2,500,C2-rules-500,8,1447274.500,1445181.500,14656.172,1428215,1476411
C3,100,C3-rules-100,8,356357.750,352646.500,6969.560,351631,369654
C1,50,C1-rules-050,8,150258.000,148700.000,5976.508,145366,165561
C5,100,C5-rules-100,8,547408.875,533935.500,19454.894,529123,578147
C3,500,C3-rules-500,8,1751063.375,1754434.000,12282.511,1731418,1765137
C1,100,C1-rules-100,8,292004.250,289514.500,5305.750,287136,302520
C6,50,C6-rules-050,8,340528.000,320531.500,42013.304,314976,445144
C2,10,C2-rules-010,8,46607.625,42912.000,6804.894,42387,63189
C1,1,C1-rules-001,8,17326.375,16843.000,1400.459,16549,21006
C6,250,C6-rules-250,8,1535314.375,1534746.000,24035.000,1497627,1578199
C2,100,C2-rules-100,8,298737.125,296532.000,6621.003,292745,315527
C1,10,C1-rules-010,8,42017.750,41392.000,1711.895,40457,46154
C2,1,C2-rules-001,8,17842.875,17825.000,183.812,17592,18119
C4,100,C4-rules-100,8,420306.875,412230.500,16226.465,407182,455457
