profile,rule_count,point_id,run,mean_ns,median_ns,p95_ns,min_ns,max_ns
C5,10,C5-rules-010,1,319687.130,316096.000,419475,238314,550497
C5,10,C5-rules-010,2,267338.570,255944.500,341529,216044,471799
C5,10,C5-rules-010,3,330093.510,225799.000,306106,185059,9672732
C5,10,C5-rules-010,4,201644.690,197972.500,224875,183718,336640
C5,10,C5-rules-010,5,194741.030,193468.500,238162,164730,277505
C5,10,C5-rules-010,6,150311.730,147228.500,167457,134939,202936
C5,10,C5-rules-010,7,144172.730,138150.000,174353,132535,246150
C5,10,C5-rules-010,8,140109.530,138027.000,169203,124439,191863
C4,500,C4-rules-500,1,1982987.710,1922174.000,1994141,1862316,7220823
C4,500,C4-rules-500,2,2057407.700,1926169.000,2152207,1853061,7572141
C4,500,C4-rules-500,3,2013374.790,1943936.000,2040850,1876239,7708932
C4,500,C4-rules-500,4,1998029.390,1938919.500,2020680,1870791,7136808
C4,500,C4-rules-500,5,2356161.240,1970614.000,3332024,1882649,8184232
C4,500,C4-rules-500,6,1990068.420,1922009.500,2014981,1868706,7748088
C4,500,C4-rules-500,7,1990510.280,1924349.000,2001424,1866653,7614456
C4,500,C4-rules-500,8,1990623.990,1932959.500,2007241,1873564,7388017
C4,250,C4-rules-250,1,1015175.390,1002196.500,1114914,953882,1249875
C4,250,C4-rules-250,2,1036170.310,1000071.500,1053629,960912,4034011
C4,250,C4-rules-250,3,1008341.020,997100.000,1063402,959061,1094133
C4,250,C4-rules-250,4,1032464.560,1006652.000,1050474,959335,3374724
C4,250,C4-rules-250,5,1027116.290,999895.000,1069094,963553,3126469
C4,250,C4-rules-250,6,1008758.670,1002525.000,1060915,963063,1103467
C4,250,C4-rules-250,7,1013582.270,983422.000,1068343,945669,3087839
C4,250,C4-rules-250,8,987360.590,984840.000,1026937,943931,1057844
C4,50,C4-rules-050,1,219713.590,218398.500,231033,209978,257045
C4,50,C4-rules-050,2,222417.810,218834.000,242312,209264,290127
C4,50,C4-rules-050,3,224769.020,225503.000,239661,210556,260687
C4,50,C4-rules-050,4,226005.840,220684.500,249292,213648,316832
C4,50,C4-rules-050,5,229254.980,227506.500,261644,211565,276738
C4,50,C4-rules-050,6,226140.210,225904.000,244461,212488,257935
C4,50,C4-rules-050,7,297586.230,215612.000,240450,206935,5416687
C4,50,C4-rules-050,8,219006.650,217090.500,238359,206349,269307
C5,250,C5-rules-250,1,1318361.870,1261917.000,1329709,1219054,6104448
C5,250,C5-rules-250,2,1313020.690,1267107.500,1324473,1221785,5331906
C5,250,C5-rules-250,3,1239592.030,1233718.000,1278070,1204197,1313658
C5,250,C5-rules-250,4,1293567.010,1248772.000,1326319,1203579,5292611
C5,250,C5-rules-250,5,1299109.400,1242810.500,1356519,1208983,5286896
C5,250,C5-rules-250,6,1289525.420,1237004.500,1294303,1202269,5717102
C5,250,C5-rules-250,7,1283802.870,1236066.000,1315286,1199298,5206185
C5,250,C5-rules-250,8,1291070.680,1237083.000,1310843,1203833,5813948
C6,1,C6-rules-001,1,31245.810,30735.500,33469,29816,40658
C6,1,C6-rules-001,2,31470.550,30971.500,33403,30269,50437
C6,1,C6-rules-001,3,32166.400,31737.000,34395,30988,43149
C6,1,C6-rules-001,4,86246.480,31930.000,37263,30983,5362936
C6,1,C6-rules-001,5,32127.760,31063.500,35659,29738,55150
C6,1,C6-rules-001,6,31095.070,30384.500,34736,29709,42506
C6,1,C6-rules-001,7,30874.130,30533.000,32995,29692,38051
C6,1,C6-rules-001,8,32051.810,31755.000,34160,30878,41076
C5,500,C5-rules-500,1,2652260.700,2570015.000,3042622,2486864,3877818
C5,500,C5-rules-500,2,2621469.570,2575720.000,2776866,2486525,3898460
C5,500,C5-rules-500,3,2597140.630,2570568.000,2701619,2445266,4253590
C5,500,C5-rules-500,4,2601319.510,2582224.000,2667560,2499162,4127441
C5,500,C5-rules-500,5,2650315.160,2607092.500,2880066,2481236,3953378
C5,500,C5-rules-500,6,2613334.540,2577678.000,2702663,2492093,3964129
C5,500,C5-rules-500,7,2602964.770,2570672.500,2688660,2473687,3807667
C5,500,C5-rules-500,8,2598150.680,2570012.500,2678343,2502359,3528770
C3,1,C3-rules-001,1,20924.690,20559.500,23234,20224,26984
C3,1,C3-rules-001,2,21300.120,20780.500,22412,20314,30683
C3,1,C3-rules-001,3,20976.940,20668.000,22616,20296,26291
C3,1,C3-rules-001,4,21056.510,20729.000,22510,20401,28129
C3,1,C3-rules-001,5,21396.540,20784.500,23848,20281,37718
C3,1,C3-rules-001,6,20822.420,20522.500,22342,20114,29747
C3,1,C3-rules-001,7,20899.420,20430.500,22437,20132,30989
C3,1,C3-rules-001,8,20761.560,20411.000,22961,20118,29793
C3,250,C3-rules-250,1,868497.310,859700.500,928605,817229,1213687
C3,250,C3-rules-250,2,898315.520,858198.500,1039632,822771,2998308
C3,250,C3-rules-250,3,868614.830,857240.000,979672,804467,1289326
C3,250,C3-rules-250,4,843281.250,820902.000,883201,792533,2362861
C3,250,C3-rules-250,5,831666.730,819201.000,877002,794059,1131418
C3,250,C3-rules-250,6,844651.960,821831.000,901528,792468,2061558
C3,250,C3-rules-250,7,834866.340,822075.500,894446,789057,1239931
C3,250,C3-rules-250,8,843771.810,815169.500,938402,779946,2269813
C3,50,C3-rules-050,1,180108.380,175023.000,202854,169926,254689
C3,50,C3-rules-050,2,178571.030,176879.500,188980,170541,218167
C3,50,C3-rules-050,3,178295.520,177086.500,185626,173053,199322
C3,50,C3-rules-050,4,180341.380,178511.000,192903,173170,239438
C3,50,C3-rules-050,5,180974.000,179072.500,193607,173907,208668
C3,50,C3-rules-050,6,180003.270,179874.500,185204,174171,208657
C3,50,C3-rules-050,7,181947.330,180497.500,192839,174861,212391
C3,50,C3-rules-050,8,199100.750,179059.000,191504,170404,1997045
C2,50,C2-rules-050,1,147977.590,145678.000,157733,142394,173175
C2,50,C2-rules-050,2,147082.400,144979.000,161012,141716,172940
C2,50,C2-rules-050,3,148292.630,146158.000,158568,141674,167281
C2,50,C2-rules-050,4,147937.810,146296.000,159259,142248,169728
C2,50,C2-rules-050,5,147361.840,144839.000,156967,141691,187870
C2,50,C2-rules-050,6,150007.160,148210.500,160017,141995,172387
C2,50,C2-rules-050,7,147299.200,144922.000,159010,141002,211242
C2,50,C2-rules-050,8,167472.510,145400.500,158295,141100,2177507
C6,10,C6-rules-010,1,81836.470,81715.500,85695,78314,94449
C6,10,C6-rules-010,2,80567.870,80110.500,83646,78420,97158
C6,10,C6-rules-010,3,81008.160,80355.000,85832,77900,99983
C6,10,C6-rules-010,4,81304.770,80432.500,87782,78249,94286
C6,10,C6-rules-010,5,82276.010,81596.500,88968,79057,96915
C6,10,C6-rules-010,6,82059.570,80389.000,92924,78888,97093
C6,10,C6-rules-010,7,81442.220,80330.500,89348,78116,98710
C6,10,C6-rules-010,8,82271.300,81695.500,88015,78731,93555
C6,500,C6-rules-500,1,3081164.030,2970006.000,3158259,2875581,7899310
C6,500,C6-rules-500,2,3073866.610,2977732.000,3080552,2880636,7729271
C6,500,C6-rules-500,3,3115014.210,2967147.500,3091332,2839697,7898658
C6,500,C6-rules-500,4,3062738.940,2974189.500,3062102,2863778,7292531
C6,500,C6-rules-500,5,3083789.210,2974782.500,3104107,2864578,10130783
C6,500,C6-rules-500,6,3031075.140,2984549.500,3216951,2872139,4075911
C6,500,C6-rules-500,7,3032688.990,2978185.000,3216175,2878159,4228618
C6,500,C6-rules-500,8,3000665.980,2971587.000,3074870,2895404,4095143
C4,10,C4-rules-010,1,76683.440,78367.000,85356,66839,103762
C4,10,C4-rules-010,2,70156.970,69427.000,74884,67093,96644
C4,10,C4-rules-010,3,69691.820,68999.000,73943,66949,81489
C4,10,C4-rules-010,4,74465.780,71736.000,84721,66803,91263
C4,10,C4-rules-010,5,73381.430,71668.500,82468,67131,89629
C4,10,C4-rules-010,6,69624.220,68926.000,75681,67023,83347
C4,10,C4-rules-010,7,69656.650,68980.500,74319,67037,76621
C4,10,C4-rules-010,8,78226.400,78123.500,87368,67412,98883
C1,500,C1-rules-500,1,1360322.130,1356929.500,1398327,1294114,1468134
C1,500,C1-rules-500,2,1379238.140,1356922.500,1410648,1299678,3488188
C1,500,C1-rules-500,3,1379155.290,1355166.000,1435160,1310497,3047247
C1,500,C1-rules-500,4,1353987.710,1352764.000,1390637,1302769,1458104
C1,500,C1-rules-500,5,1370843.850,1348085.500,1434718,1304714,3099985
C1,500,C1-rules-500,6,1383072.390,1349468.000,1409253,1298393,3108850
C1,500,C1-rules-500,7,1383666.850,1357273.000,1449992,1302268,3273758
C1,500,C1-rules-500,8,1352549.990,1351054.000,1398703,1308933,1435537
C5,50,C5-rules-050,1,270556.200,268726.000,283254,261243,291763
C5,50,C5-rules-050,2,271801.650,270488.000,279960,265789,290629
C5,50,C5-rules-050,3,316746.530,268144.000,297371,261067,4687556
C5,50,C5-rules-050,4,270626.250,267748.500,288746,259985,304517
C5,50,C5-rules-050,5,270722.810,268923.500,281520,263880,292589
C5,50,C5-rules-050,6,269795.630,268033.000,279897,258772,322642
C5,50,C5-rules-050,7,269904.840,268193.500,279755,260429,284910
C5,50,C5-rules-050,8,309939.930,268391.000,297554,260505,3983827
C2,250,C2-rules-250,1,685865.330,682788.000,704176,671883,720775
C2,250,C2-rules-250,2,699790.060,695508.000,739398,671467,761353
C2,250,C2-rules-250,3,717066.450,698243.000,721809,675425,2536440
C2,250,C2-rules-250,4,701503.700,699275.000,722876,672675,819746
C2,250,C2-rules-250,5,725663.560,702575.000,754840,676753,2604207
C2,250,C2-rules-250,6,702819.280,697894.500,729847,676338,786102
C2,250,C2-rules-250,7,703480.900,700867.500,726760,676649,756076
C2,250,C2-rules-250,8,720656.730,702744.000,734458,681450,2300369
C6,100,C6-rules-100,1,619636.100,612778.000,647041,591946,903111
C6,100,C6-rules-100,2,655186.850,611987.000,655597,583099,4358474
C6,100,C6-rules-100,3,614350.800,611743.000,640374,590242,740680
C6,100,C6-rules-100,4,641138.820,612571.000,644435,578730,3304129
C6,100,C6-rules-100,5,614453.810,611912.500,636623,595938,676660
C6,100,C6-rules-100,6,638222.160,612704.500,650780,579037,2845363
C6,100,C6-rules-100,7,620126.530,617835.000,644167,594772,682125
C6,100,C6-rules-100,8,637673.110,613744.500,649704,585830,2737618
C3,10,C3-rules-010,1,48644.110,48228.500,50775,47063,63916
C3,10,C3-rules-010,2,48869.830,48222.000,51796,47072,56634
C3,10,C3-rules-010,3,48625.310,47871.500,51882,47035,66808
C3,10,C3-rules-010,4,48577.780,47766.500,51093,46952,68544
C3,10,C3-rules-010,5,48858.830,47806.000,52903,46827,64808
C3,10,C3-rules-010,6,48626.750,47986.000,51720,46989,54971
C3,10,C3-rules-010,7,48363.350,47836.500,50904,46965,55675
C3,10,C3-rules-010,8,49014.220,48003.000,55367,46815,65710
C4,1,C4-rules-001,1,26595.530,25761.500,31082,24996,38958
C4,1,C4-rules-001,2,25658.850,25363.000,26587,24957,35552
C4,1,C4-rules-001,3,26400.850,25727.000,30979,25043,37269
C4,1,C4-rules-001,4,26034.900,25696.500,28559,24971,39258
C4,1,C4-rules-001,5,29572.210,26463.500,43504,25671,44973
C4,1,C4-rules-001,6,31020.230,30217.500,35002,29161,40819
C4,1,C4-rules-001,7,30951.580,29598.500,36518,28646,46292
C4,1,C4-rules-001,8,29658.610,29114.500,33584,28641,42321
C1,250,C1-rules-250,1,702699.060,698548.000,728965,655952,993479
C1,250,C1-rules-250,2,697664.620,695040.500,717816,679754,770755
C1,250,C1-rules-250,3,712645.690,684230.500,721316,648959,3562861
C1,250,C1-rules-250,4,681874.840,679484.500,713483,656661,731526
C1,250,C1-rules-250,5,689693.770,672972.000,705308,654134,1861747
C1,250,C1-rules-250,6,682182.300,681270.500,706177,655765,737453
C1,250,C1-rules-250,7,681465.230,679119.000,705802,658907,721392
C1,250,C1-rules-250,8,692969.190,676312.500,722580,656783,1864785
C5,1,C5-rules-001,1,27668.760,27064.500,29663,25935,40180
C5,1,C5-rules-001,2,27970.740,27249.500,31385,26195,45865
C5,1,C5-rules-001,3,27590.850,27205.000,29852,26629,32657
C5,1,C5-rules-001,4,26895.610,26450.500,28855,25954,35383
C5,1,C5-rules-001,5,27061.830,26882.500,28908,25821,33053
C5,1,C5-rules-001,6,27623.660,26984.000,32534,26566,39058
C5,1,C5-rules-001,7,27215.600,26625.000,30433,26027,38694
C5,1,C5-rules-001,8,27118.100,26356.000,32356,25912,36939
C2,500,C2-rules-500,1,1434767.990,1419218.500,1456923,1373740,3037857
C2,500,C2-rules-500,2,1435694.670,1415289.000,1464401,1369725,3074689
C2,500,C2-rules-500,3,1441041.360,1422796.500,1472727,1378148,2956190
C2,500,C2-rules-500,4,1428215.400,1423525.000,1481096,1375596,1516962
C2,500,C2-rules-500,5,1449322.460,1422141.000,1512423,1373019,3078484
C2,500,C2-rules-500,6,1476410.780,1436750.000,1607426,1386987,2972286
C2,500,C2-rules-500,7,1458263.450,1437765.500,1511174,1376498,2940354
C2,500,C2-rules-500,8,1454480.610,1433066.000,1511073,1384970,2979486
C3,100,C3-rules-100,1,353265.930,351269.000,369353,340854,381397
C3,100,C3-rules-100,2,352343.690,349498.000,368748,343706,378715
C3,100,C3-rules-100,3,367033.320,350481.000,374338,333602,1809101
C3,100,C3-rules-100,4,352790.340,351830.000,365217,344356,386908
C3,100,C3-rules-100,5,351630.570,349877.000,361086,343135,383037
C3,100,C3-rules-100,6,352502.820,351113.000,362209,342546,370771
C3,100,C3-rules-100,7,369654.180,354422.000,371559,334866,1821154
C3,100,C3-rules-100,8,351640.820,350204.500,365742,332055,385932
C1,50,C1-rules-050,1,145365.670,143349.500,154437,140279,189356
C1,50,C1-rules-050,2,146531.880,145969.500,150764,141013,164723
C1,50,C1-rules-050,3,147358.050,145985.000,156660,140460,163568
C1,50,C1-rules-050,4,148337.370,147036.000,158195,142750,175333
C1,50,C1-rules-050,5,149063.040,148607.500,155511,143319,163665
C1,50,C1-rules-050,6,149907.200,148804.000,160939,144307,168694
C1,50,C1-rules-050,7,149939.840,149197.500,156737,146713,166051
C1,50,C1-rules-050,8,165561.390,148532.000,161338,139512,1726033
C5,100,C5-rules-100,1,532915.090,530576.500,557299,510587,587412
C5,100,C5-rules-100,2,533174.320,530069.000,566013,511608,594310
C5,100,C5-rules-100,3,578147.330,529107.500,565832,508442,4779203
C5,100,C5-rules-100,4,532708.250,530450.500,558465,510416,571202
C5,100,C5-rules-100,5,567848.310,527866.500,562384,505130,4147957
C5,100,C5-rules-100,6,534696.870,531759.000,558169,514115,604720
C5,100,C5-rules-100,7,529123.420,527812.000,547839,511291,566295
C5,100,C5-rules-100,8,570658.930,530431.500,566144,508579,4114231
C3,500,C3-rules-500,1,1732322.740,1710891.000,1773076,1667254,3438920
C3,500,C3-rules-500,2,1731418.300,1704699.500,1776250,1629490,3766357
C3,500,C3-rules-500,3,1763102.880,1747911.500,1805021,1678844,3550492
C3,500,C3-rules-500,4,1760070.770,1742646.000,1794929,1673481,3564557
C3,500,C3-rules-500,5,1747586.920,1731703.500,1771847,1683372,3501574
C3,500,C3-rules-500,6,1752112.680,1735228.500,1778683,1663045,3568290
C3,500,C3-rules-500,7,1756755.100,1740670.000,1787998,1669254,3556608
C3,500,C3-rules-500,8,1765136.520,1746493.000,1806319,1678064,3506739
C1,100,C1-rules-100,1,298972.230,283274.500,300070,271252,1783142
C1,100,C1-rules-100,2,287136.290,285249.500,298761,276064,338836
C1,100,C1-rules-100,3,288750.490,286927.000,303483,280800,315854
C1,100,C1-rules-100,4,287606.220,285989.000,297105,281316,309812
C1,100,C1-rules-100,5,289663.810,288678.000,303448,274954,324856
C1,100,C1-rules-100,6,292021.070,291001.500,307354,281929,312886
C1,100,C1-rules-100,7,302519.510,288905.000,301718,275053,1627197
C1,100,C1-rules-100,8,289365.430,289983.000,298133,277393,304480
C6,50,C6-rules-050,1,445143.630,319183.500,339131,308601,12679658
C6,50,C6-rules-050,2,314976.310,313929.500,331084,296787,384951
C6,50,C6-rules-050,3,320093.420,318761.000,328895,310738,361516
C6,50,C6-rules-050,4,319897.790,318645.500,339950,306590,367501
C6,50,C6-rules-050,5,362458.220,319371.500,334275,307307,4365656
C6,50,C6-rules-050,6,319343.530,319368.500,326590,298997,354536
C6,50,C6-rules-050,7,320969.600,319524.000,332258,308657,358389
C6,50,C6-rules-050,8,321340.800,319211.500,331413,314413,358063
C2,10,C2-rules-010,1,50730.780,45808.500,55388,43680,357504
C2,10,C2-rules-010,2,45539.170,45054.000,49414,41191,75083
C2,10,C2-rules-010,3,42774.010,42005.000,46097,40961,50470
C2,10,C2-rules-010,4,42387.240,41255.500,46922,40574,60645
C2,10,C2-rules-010,5,63188.830,41695.000,49697,40624,2010510
C2,10,C2-rules-010,6,42646.150,41612.000,48603,40797,59058
C2,10,C2-rules-010,7,42545.270,41657.500,45886,40727,56795
C2,10,C2-rules-010,8,43049.710,42135.500,46252,40771,62815
C1,1,C1-rules-001,1,21006.080,20449.500,26616,16421,32809
C1,1,C1-rules-001,2,16983.790,16743.500,18163,16384,25344
C1,1,C1-rules-001,3,17057.670,16523.500,19346,16144,29417
C1,1,C1-rules-001,4,16548.540,16422.500,17095,16113,19713
C1,1,C1-rules-001,5,16742.170,16515.500,17730,16198,21226
C1,1,C1-rules-001,6,16834.640,16574.500,17840,16311,20491
C1,1,C1-rules-001,7,16850.810,16451.000,18387,16198,27252
C1,1,C1-rules-001,8,16586.220,16499.500,17018,16162,21217
C6,250,C6-rules-250,1,1531889.660,1507309.500,1555463,1455477,3892353
C6,250,C6-rules-250,2,1533157.430,1503685.000,1561406,1448186,3851369
C6,250,C6-rules-250,3,1559110.240,1504214.500,1570336,1443104,4129393
C6,250,C6-rules-250,4,1538588.780,1511426.000,1562906,1462369,3795053
C6,250,C6-rules-250,5,1507607.630,1492965.000,1564938,1412153,3496824
C6,250,C6-rules-250,6,1536334.580,1513725.000,1582482,1427919,3659333
C6,250,C6-rules-250,7,1578199.160,1526511.000,1644112,1446631,3697077
C6,250,C6-rules-250,8,1497626.810,1460706.000,1547536,1414620,4350026
C2,100,C2-rules-100,1,315527.290,289164.500,312720,278481,2729226
C2,100,C2-rules-100,2,292744.940,291875.500,302798,280180,318351
C2,100,C2-rules-100,3,295193.800,292673.000,307526,287758,334222
C2,100,C2-rules-100,4,296103.530,296740.500,306065,287254,314956
C2,100,C2-rules-100,5,296960.030,296502.000,307263,287339,329721
C2,100,C2-rules-100,6,295614.390,295353.500,306682,277526,415147
C2,100,C2-rules-100,7,299355.270,298730.500,311391,287760,322852
C2,100,C2-rules-100,8,298397.580,297194.500,310480,288540,358984
C1,10,C1-rules-010,1,43005.900,41254.500,48433,38840,172390
C1,10,C1-rules-010,2,41645.820,42040.000,46134,38826,50150
C1,10,C1-rules-010,3,41578.210,40950.500,45341,39079,57461
C1,10,C1-rules-010,4,40889.410,39936.000,43818,38966,56017
C1,10,C1-rules-010,5,41205.910,40456.000,44440,38992,54874
C1,10,C1-rules-010,6,41205.880,40582.000,43964,38961,49581
C1,10,C1-rules-010,7,40456.600,39648.500,43149,38686,47057
C1,10,C1-rules-010,8,46154.360,41995.500,58224,38922,331173
C2,1,C2-rules-001,1,18031.750,17526.000,19970,17152,26495
C2,1,C2-rules-001,2,17987.860,17541.500,20037,17156,27440
C2,1,C2-rules-001,3,18118.760,17551.000,20815,17132,26013
C2,1,C2-rules-001,4,17684.370,17526.000,18150,17307,21508
C2,1,C2-rules-001,5,17927.780,17531.000,20530,17206,26732
C2,1,C2-rules-001,6,17677.520,17511.000,19429,17158,22146
C2,1,C2-rules-001,7,17722.050,17505.000,18838,17259,22408
C2,1,C2-rules-001,8,17592.200,17459.000,18253,17130,21052
C4,100,C4-rules-100,1,455457.000,403280.500,451900,391865,3273948
C4,100,C4-rules-100,2,407327.850,404911.000,420913,389523,448474
C4,100,C4-rules-100,3,411570.000,408193.500,439609,397819,450645
C4,100,C4-rules-100,4,409679.490,406823.500,430585,396057,443356
C4,100,C4-rules-100,5,437193.010,408805.000,442828,393965,2432075
C4,100,C4-rules-100,6,407181.510,404869.000,420865,393054,438167
C4,100,C4-rules-100,7,412890.640,411414.500,432433,400749,447720
C4,100,C4-rules-100,8,421154.680,408231.500,425815,391280,1459256
