repeat,profile,attributes_per_entity,point_id,run,mean_ns,median_ns,p95_ns,min_ns,max_ns
1,C5,12,C5-attributes-012,1,1938527.210,1768675.500,2825231,1190711,10917827
1,C5,12,C5-attributes-012,2,1699152.860,1412511.500,2493864,1110992,10934975
1,C5,12,C5-attributes-012,3,1898761.270,1746569.000,3437313,1162717,4848841
1,C5,12,C5-attributes-012,4,1544124.950,1365347.500,2396560,1156612,6509541
1,C5,12,C5-attributes-012,5,1337317.990,1262241.000,1765684,1116578,2276483
1,C5,12,C5-attributes-012,6,1353325.440,1239587.000,1743693,1065599,5507835
1,C5,12,C5-attributes-012,7,1615277.300,1337198.000,2187789,1132587,16816913
1,C5,12,C5-attributes-012,8,1360677.210,1273802.500,1858976,1037244,2500987
1,C6,12,C6-attributes-012,1,2155884.950,2011709.500,2505721,1896430,10201606
1,C6,12,C6-attributes-012,2,2103401.190,1989836.000,2423795,1738956,9542578
1,C6,12,C6-attributes-012,3,2160031.890,1994010.500,2573776,1873397,9099569
1,C6,12,C6-attributes-012,4,2260276.740,1998539.000,2880393,1797696,12109803
1,C6,12,C6-attributes-012,5,2320687.650,2222817.000,2785436,1846846,10820890
1,C6,12,C6-attributes-012,6,2270491.860,2113519.500,2676108,1841281,13014373
1,C6,12,C6-attributes-012,7,2200883.700,2029963.500,2604353,1904021,11713600
1,C6,12,C6-attributes-012,8,2311317.130,2062597.500,2602029,1907163,13648982
1,C1,4,C1-attributes-004,1,32233.620,30065.000,44663,29278,68421
1,C1,4,C1-attributes-004,2,31532.550,30063.000,38956,28964,56605
1,C1,4,C1-attributes-004,3,32613.280,29996.000,46315,29023,121266
1,C1,4,C1-attributes-004,4,31848.590,30282.000,40673,29008,51223
1,C1,4,C1-attributes-004,5,30408.540,29682.000,33320,28963,48055
1,C1,4,C1-attributes-004,6,30595.070,29640.000,35635,29006,44170
1,C1,4,C1-attributes-004,7,30286.020,29491.500,33422,28863,49625
1,C1,4,C1-attributes-004,8,30203.340,29657.500,32823,29098,42992
1,C2,2,C2-attributes-002,1,73635.250,67472.000,110521,64404,131793
1,C2,2,C2-attributes-002,2,71904.260,67657.500,101492,63794,129885
1,C2,2,C2-attributes-002,3,67079.400,64499.500,85549,61460,106044
1,C2,2,C2-attributes-002,4,67539.590,62408.500,96274,61076,129199
1,C2,2,C2-attributes-002,5,68436.740,63749.000,94650,60914,137345
1,C2,2,C2-attributes-002,6,65319.970,62255.000,81324,60863,145969
1,C2,2,C2-attributes-002,7,67808.320,62433.000,93518,61007,109153
1,C2,2,C2-attributes-002,8,64997.200,61908.500,80918,60747,96869
1,C2,1,C2-attributes-001,1,62903.130,58623.000,82539,56953,218937
1,C2,1,C2-attributes-001,2,72641.610,61720.500,125247,58410,148911
1,C2,1,C2-attributes-001,3,63608.330,59873.000,89566,58395,107824
1,C2,1,C2-attributes-001,4,69239.230,62515.500,107227,58568,129667
1,C2,1,C2-attributes-001,5,66622.160,64004.000,87792,60641,99818
1,C2,1,C2-attributes-001,6,64269.300,60748.500,78431,57227,95791
1,C2,1,C2-attributes-001,7,59871.580,57576.000,73690,56476,110883
1,C2,1,C2-attributes-001,8,60265.270,58654.500,72422,56423,87475
1,C2,16,C2-attributes-016,1,93916.800,69936.500,177153,65902,234676
1,C2,16,C2-attributes-016,2,93051.350,71685.500,161725,67281,214949
1,C2,16,C2-attributes-016,3,70404.850,68578.500,87427,65020,103889
1,C2,16,C2-attributes-016,4,67170.730,65747.000,72864,64162,98784
1,C2,16,C2-attributes-016,5,73314.060,71414.000,85496,66157,105832
1,C2,16,C2-attributes-016,6,72997.100,70750.500,83624,69226,117624
1,C2,16,C2-attributes-016,7,70783.110,69163.500,80196,67561,103227
1,C2,16,C2-attributes-016,8,69910.510,68724.000,80758,66078,97767
1,C1,16,C1-attributes-016,1,41983.870,39733.000,44240,38678,190862
1,C1,16,C1-attributes-016,2,42503.360,39450.500,61883,37148,72246
1,C1,16,C1-attributes-016,3,46323.640,42906.500,65436,38590,86063
1,C1,16,C1-attributes-016,4,43999.040,40960.500,58602,39650,69037
1,C1,16,C1-attributes-016,5,48381.950,44852.000,71641,40965,112099
1,C1,16,C1-attributes-016,6,46642.890,43321.500,66158,41956,97979
1,C1,16,C1-attributes-016,7,41767.820,41204.500,45558,39551,60370
1,C1,16,C1-attributes-016,8,43146.810,39997.500,67198,38385,88238
1,C4,2,C4-attributes-002,1,352167.090,347432.500,391391,324116,467775
1,C4,2,C4-attributes-002,2,457488.230,401043.500,516018,364303,4981900
1,C4,2,C4-attributes-002,3,380853.410,370305.500,455626,353408,570490
1,C4,2,C4-attributes-002,4,391922.430,385435.500,454099,346446,599839
1,C4,2,C4-attributes-002,5,336000.580,334885.000,365357,316897,388754
1,C4,2,C4-attributes-002,6,357867.760,350331.000,396670,331389,440918
1,C4,2,C4-attributes-002,7,337489.720,335744.000,352194,324465,437826
1,C4,2,C4-attributes-002,8,342168.980,339033.000,370472,325119,406378
1,C6,4,C6-attributes-004,1,2201109.330,2001750.000,2661643,1862492,11460127
1,C6,4,C6-attributes-004,2,2213361.350,2019172.000,2940214,1848171,10067247
1,C6,4,C6-attributes-004,3,2169228.930,2082409.000,2543427,1885204,8392905
1,C6,4,C6-attributes-004,4,4332975.780,3375240.500,9513826,2228484,19536262
1,C6,4,C6-attributes-004,5,2402837.130,2226823.000,2890120,1963054,11211796
1,C6,4,C6-attributes-004,6,2072236.230,1942880.000,2529704,1863195,8234455
1,C6,4,C6-attributes-004,7,2561309.360,2223263.000,3835831,1900722,10125439
1,C6,4,C6-attributes-004,8,2677976.100,2075191.000,5486731,1903473,17293272
1,C4,1,C4-attributes-001,1,364315.190,349636.500,437195,334151,575680
1,C4,1,C4-attributes-001,2,356600.700,348703.000,397743,336069,463162
1,C4,1,C4-attributes-001,3,483702.180,349647.000,464696,324556,12552418
1,C4,1,C4-attributes-001,4,368216.830,353326.500,446934,330638,582681
1,C4,1,C4-attributes-001,5,359410.260,351859.000,410948,336077,420464
1,C4,1,C4-attributes-001,6,374131.130,354411.500,472957,338584,722439
1,C4,1,C4-attributes-001,7,368316.300,357729.000,418497,334825,597514
1,C4,1,C4-attributes-001,8,365971.670,358614.500,421149,340162,632603
1,C1,8,C1-attributes-008,1,25140.430,24518.500,26933,23857,39172
1,C1,8,C1-attributes-008,2,25568.380,24990.500,27347,24467,43745
1,C1,8,C1-attributes-008,3,109803.080,26033.000,32198,25087,8290270
1,C1,8,C1-attributes-008,4,26145.130,25371.000,31479,23898,35172
1,C1,8,C1-attributes-008,5,27016.580,24648.500,39550,23788,47020
1,C1,8,C1-attributes-008,6,25465.830,24539.000,28519,23368,48254
1,C1,8,C1-attributes-008,7,24308.500,23132.500,29630,22624,40460
1,C1,8,C1-attributes-008,8,23321.780,22875.500,25055,22515,33222
1,C4,4,C4-attributes-004,1,348639.020,345231.500,376365,334133,412864
1,C4,4,C4-attributes-004,2,346502.820,341433.500,373323,332475,413303
1,C4,4,C4-attributes-004,3,343078.070,338753.000,378348,326711,409120
1,C4,4,C4-attributes-004,4,432387.110,341673.500,401912,326163,8362321
1,C4,4,C4-attributes-004,5,340106.870,338459.000,356188,324326,381342
1,C4,4,C4-attributes-004,6,349539.070,334143.500,400116,324093,590393
1,C4,4,C4-attributes-004,7,342948.380,338261.500,359028,327314,428169
1,C4,4,C4-attributes-004,8,338104.040,333887.500,366833,324686,402128
1,C2,4,C2-attributes-004,1,49837.410,46997.000,72834,46217,92846
1,C2,4,C2-attributes-004,2,49744.340,47148.000,60996,46178,88546
1,C2,4,C2-attributes-004,3,48091.100,47063.000,53584,46315,60680
1,C2,4,C2-attributes-004,4,47878.330,46809.000,51048,46132,73637
1,C2,4,C2-attributes-004,5,48288.750,46895.000,55524,46347,77365
1,C2,4,C2-attributes-004,6,47319.790,46825.500,49670,46263,59077
1,C2,4,C2-attributes-004,7,47108.280,46753.000,49255,46228,56394
1,C2,4,C2-attributes-004,8,47417.700,46843.500,50100,46271,56482
1,C5,4,C5-attributes-004,1,1322488.740,1088090.000,2393878,1021573,2601175
1,C5,4,C5-attributes-004,2,1133832.030,1067779.500,1198477,1000068,6184814
1,C5,4,C5-attributes-004,3,1104171.040,1075532.500,1290529,1007218,1529002
1,C5,4,C5-attributes-004,4,1101921.880,1024921.000,1221711,967698,5938918
1,C5,4,C5-attributes-004,5,1048838.410,1016556.500,1208752,968467,1878447
1,C5,4,C5-attributes-004,6,1089575.220,1028112.500,1234979,976717,4405339
1,C5,4,C5-attributes-004,7,1121276.510,1053402.000,1410504,996154,2455731
1,C5,4,C5-attributes-004,8,1107856.330,1038821.500,1299985,969981,4581658
1,C6,1,C6-attributes-001,1,2124631.760,1996769.000,2259877,1916124,9711167
1,C6,1,C6-attributes-001,2,2029212.500,1935252.000,2118580,1844092,8783722
1,C6,1,C6-attributes-001,3,2031844.630,1937721.500,2195623,1837846,8839153
1,C6,1,C6-attributes-001,4,2086330.520,1968997.000,2210382,1761032,11506029
1,C6,1,C6-attributes-001,5,2270780.040,2062180.000,2524837,1916187,11096888
1,C6,1,C6-attributes-001,6,2137204.840,2008266.500,2483784,1913270,9468486
1,C6,1,C6-attributes-001,7,2105059.760,1991881.500,2362813,1845719,8321239
1,C6,1,C6-attributes-001,8,2008828.250,1926686.500,2166790,1724131,8372309
1,C6,8,C6-attributes-008,1,2268588.570,2176214.500,2533660,1819156,10994150
1,C6,8,C6-attributes-008,2,2084910.910,1981131.000,2354753,1823218,9477176
1,C6,8,C6-attributes-008,3,2092502.170,2008834.500,2396336,1814429,8432828
1,C6,8,C6-attributes-008,4,2065116.010,1921998.000,2496724,1802877,9546067
1,C6,8,C6-attributes-008,5,2517756.680,2451333.500,2837935,1939631,11109559
1,C6,8,C6-attributes-008,6,2397816.270,2271067.000,2684942,1993526,11021987
1,C6,8,C6-attributes-008,7,2244612.690,2186298.500,2567488,1775857,8947735
1,C6,8,C6-attributes-008,8,2575210.380,2386156.500,3122782,2059459,15915442
1,C5,2,C5-attributes-002,1,1242085.870,1056417.000,1635193,961254,9993558
1,C5,2,C5-attributes-002,2,973465.650,954604.000,1102918,923584,1274304
1,C5,2,C5-attributes-002,3,1108276.910,970288.500,1551343,881527,8210274
1,C5,2,C5-attributes-002,4,995880.690,975487.500,1152871,917051,1244654
1,C5,2,C5-attributes-002,5,1050743.630,966408.500,1105446,912943,8042660
1,C5,2,C5-attributes-002,6,1057202.490,963429.500,1178038,921788,7239262
1,C5,2,C5-attributes-002,7,997436.260,971770.000,1195967,888091,1328563
1,C5,2,C5-attributes-002,8,1017223.900,955793.500,1056341,907624,5308307
1,C6,2,C6-attributes-002,1,2031546.120,1953134.500,2230122,1847429,7184753
1,C6,2,C6-attributes-002,2,2053938.150,1956735.500,2229507,1747137,8530767
1,C6,2,C6-attributes-002,3,2063183.910,1982357.500,2178287,1886865,7311171
1,C6,2,C6-attributes-002,4,2078086.690,2006396.500,2282570,1872886,7307667
1,C6,2,C6-attributes-002,5,2046195.960,1967497.000,2180321,1864533,8465563
1,C6,2,C6-attributes-002,6,2100528.830,1952241.000,2177069,1874841,7930509
1,C6,2,C6-attributes-002,7,2057941.360,1976514.000,2196073,1864933,7824536
1,C6,2,C6-attributes-002,8,2040846.470,1968940.500,2168036,1846915,7555090
1,C2,8,C2-attributes-008,1,51060.240,50091.500,54712,48669,66258
1,C2,8,C2-attributes-008,2,51417.570,50451.500,58037,49104,66761
1,C2,8,C2-attributes-008,3,52473.210,51080.000,59652,50284,78445
1,C2,8,C2-attributes-008,4,51992.910,50895.000,58847,49100,74931
1,C2,8,C2-attributes-008,5,52206.660,51104.500,56460,50571,80495
1,C2,8,C2-attributes-008,6,52166.050,51018.500,58296,49452,68110
1,C2,8,C2-attributes-008,7,51797.240,50865.000,58135,49151,65243
1,C2,8,C2-attributes-008,8,110625.270,50952.500,62736,49656,5838171
1,C3,2,C3-attributes-002,1,178198.410,175136.500,190675,168735,234839
1,C3,2,C3-attributes-002,2,179223.120,175751.500,193100,170780,296285
1,C3,2,C3-attributes-002,3,183564.660,175147.000,205905,168483,341862
1,C3,2,C3-attributes-002,4,177175.900,176048.500,185649,170960,207764
1,C3,2,C3-attributes-002,5,179322.350,178299.500,188190,171540,196217
1,C3,2,C3-attributes-002,6,179555.730,178455.500,188600,172270,208163
1,C3,2,C3-attributes-002,7,236492.380,174368.000,250670,167510,5749803
1,C3,2,C3-attributes-002,8,176989.560,176580.500,185929,171046,188499
1,C5,1,C5-attributes-001,1,990331.150,970144.500,1091224,939827,1369593
1,C5,1,C5-attributes-001,2,1028020.820,983983.500,1077314,909704,4682087
1,C5,1,C5-attributes-001,3,1000576.480,975653.000,1174994,939595,1347805
1,C5,1,C5-attributes-001,4,1013171.330,973939.500,1077739,928870,3781927
1,C5,1,C5-attributes-001,5,1003256.560,978914.000,1112772,946573,1314004
1,C5,1,C5-attributes-001,6,1016202.830,973079.000,1098157,928824,3839916
1,C5,1,C5-attributes-001,7,999774.220,969914.500,1179884,937425,1287676
1,C5,1,C5-attributes-001,8,1063543.910,992494.000,1211805,917378,4753014
1,C4,16,C4-attributes-016,1,347390.700,344986.500,362285,335519,376770
1,C4,16,C4-attributes-016,2,351394.820,344607.000,368401,336050,633211
1,C4,16,C4-attributes-016,3,418852.550,342230.000,371396,328791,7531693
1,C4,16,C4-attributes-016,4,351840.090,345996.500,366322,334350,567766
1,C4,16,C4-attributes-016,5,349628.440,345630.000,366754,329202,512808
1,C4,16,C4-attributes-016,6,351257.620,343725.500,390047,335078,485760
1,C4,16,C4-attributes-016,7,353823.870,349167.500,375333,335484,625612
1,C4,16,C4-attributes-016,8,413082.450,338568.500,364133,317468,7603120
1,C1,12,C1-attributes-012,1,27298.770,26844.500,29932,26213,33410
1,C1,12,C1-attributes-012,2,27710.660,26900.500,30691,26410,43814
1,C1,12,C1-attributes-012,3,27124.620,26771.500,28995,26301,35020
1,C1,12,C1-attributes-012,4,27341.190,26915.000,28855,26261,49705
1,C1,12,C1-attributes-012,5,25446.370,24933.500,28057,24500,33368
1,C1,12,C1-attributes-012,6,26870.080,26512.000,29232,24467,56148
1,C1,12,C1-attributes-012,7,25307.400,24801.000,27340,24444,30603
1,C1,12,C1-attributes-012,8,25273.080,24813.000,27109,24420,32823
1,C5,8,C5-attributes-008,1,1127806.870,1050123.500,1269366,926760,7246284
1,C5,8,C5-attributes-008,2,1024103.400,1010630.500,1192649,928487,1328136
1,C5,8,C5-attributes-008,3,1113053.720,1014034.000,1312366,929120,7487650
1,C5,8,C5-attributes-008,4,1054178.460,995221.500,1060128,869881,7293177
1,C5,8,C5-attributes-008,5,1156433.230,1088927.000,1502865,897294,2136264
1,C5,8,C5-attributes-008,6,1178062.030,1071759.500,1255609,948929,7644856
1,C5,8,C5-attributes-008,7,1132590.440,1037635.500,1195426,961536,9090835
1,C5,8,C5-attributes-008,8,1086382.180,1056806.500,1429286,908606,1749733
1,C3,16,C3-attributes-016,1,209738.300,207386.000,228653,193504,257972
1,C3,16,C3-attributes-016,2,193217.740,191383.000,212292,178571,246162
1,C3,16,C3-attributes-016,3,191668.710,188051.000,213919,179994,257059
1,C3,16,C3-attributes-016,4,194905.650,193799.000,206541,185079,222046
1,C3,16,C3-attributes-016,5,189004.520,185489.000,204297,179598,265601
1,C3,16,C3-attributes-016,6,285697.010,216732.500,252996,185254,7099530
1,C3,16,C3-attributes-016,7,200388.080,195681.500,229335,183228,273471
1,C3,16,C3-attributes-016,8,188073.530,183841.500,219570,175653,251160
1,C3,12,C3-attributes-012,1,202599.420,197743.000,223996,184018,354464
1,C3,12,C3-attributes-012,2,195147.440,189998.000,223367,181780,246112
1,C3,12,C3-attributes-012,3,188826.510,183068.000,218161,172898,321228
1,C3,12,C3-attributes-012,4,183890.060,178845.500,208683,173003,309996
1,C3,12,C3-attributes-012,5,188824.910,184350.000,219646,172802,320131
1,C3,12,C3-attributes-012,6,196982.150,185534.000,233716,177832,454576
1,C3,12,C3-attributes-012,7,192715.610,184928.000,219113,176688,449311
1,C3,12,C3-attributes-012,8,287255.180,199650.000,271940,184087,7369838
1,C4,12,C4-attributes-012,1,344237.870,334242.000,395811,307202,611890
1,C4,12,C4-attributes-012,2,362292.940,355703.500,400131,325211,643366
1,C4,12,C4-attributes-012,3,367629.610,361574.000,387021,334678,609441
1,C4,12,C4-attributes-012,4,429749.300,358067.500,530537,325084,5328173
1,C4,12,C4-attributes-012,5,342610.330,339441.500,362629,323023,414870
1,C4,12,C4-attributes-012,6,343806.300,339817.000,366254,321306,432518
1,C4,12,C4-attributes-012,7,355292.800,352545.000,386210,326045,457822
1,C4,12,C4-attributes-012,8,424722.370,368033.000,425494,333321,5450867
1,C3,1,C3-attributes-001,1,177961.430,173604.500,203591,166766,253827
1,C3,1,C3-attributes-001,2,178466.420,174423.000,196555,168847,232799
1,C3,1,C3-attributes-001,3,176141.490,171348.500,192249,166196,347241
1,C3,1,C3-attributes-001,4,215171.710,187681.500,386149,167053,664423
1,C3,1,C3-attributes-001,5,174557.810,170997.000,198227,163906,216978
1,C3,1,C3-attributes-001,6,170528.260,167154.000,193978,152760,238006
1,C3,1,C3-attributes-001,7,173299.590,171661.000,187696,158913,244892
1,C3,1,C3-attributes-001,8,175300.760,172260.500,190401,167543,240943
1,C3,4,C3-attributes-004,1,179046.310,178199.000,186257,170790,199026
1,C3,4,C3-attributes-004,2,176322.000,176078.500,183662,170788,190239
1,C3,4,C3-attributes-004,3,177099.120,176301.000,185385,170102,191705
1,C3,4,C3-attributes-004,4,179808.360,178007.500,193671,171059,214733
1,C3,4,C3-attributes-004,5,176717.160,176136.000,186174,170735,196546
1,C3,4,C3-attributes-004,6,180006.080,177868.000,197769,170844,209536
1,C3,4,C3-attributes-004,7,226845.620,174854.500,190593,168388,5044532
1,C3,4,C3-attributes-004,8,181927.720,176677.000,202951,170876,273628
1,C4,8,C4-attributes-008,1,332681.230,327390.500,366072,302425,433192
1,C4,8,C4-attributes-008,2,338507.160,335251.000,359472,319784,497287
1,C4,8,C4-attributes-008,3,346003.520,338612.000,408752,317727,466772
1,C4,8,C4-attributes-008,4,393145.620,329378.500,383070,300896,6194926
1,C4,8,C4-attributes-008,5,335281.890,333426.000,365769,313272,382963
1,C4,8,C4-attributes-008,6,350471.420,344881.500,393846,327375,448883
1,C4,8,C4-attributes-008,7,387192.190,341265.000,395952,318433,4491626
1,C4,8,C4-attributes-008,8,351558.870,348208.500,376161,328351,421111
1,C1,1,C1-attributes-001,1,18854.150,18671.000,20585,17414,38356
1,C1,1,C1-attributes-001,2,18428.200,18094.500,20004,17458,26433
1,C1,1,C1-attributes-001,3,19378.490,18655.500,24650,17457,32789
1,C1,1,C1-attributes-001,4,19794.290,19123.000,24810,17473,31914
1,C1,1,C1-attributes-001,5,19388.050,18979.000,20644,18600,29018
1,C1,1,C1-attributes-001,6,21497.520,19182.500,29912,18610,39705
1,C1,1,C1-attributes-001,7,21637.130,20246.500,26564,18678,37643
1,C1,1,C1-attributes-001,8,22941.720,19255.500,22095,18652,348932
1,C3,8,C3-attributes-008,1,440950.490,429885.500,510992,378246,988396
1,C3,8,C3-attributes-008,2,248538.680,199525.500,393119,174437,408926
1,C3,8,C3-attributes-008,3,186097.100,183574.500,203707,175696,222210
1,C3,8,C3-attributes-008,4,187716.030,183613.000,198147,174019,334800
1,C3,8,C3-attributes-008,5,196055.160,186691.500,236796,180433,308564
1,C3,8,C3-attributes-008,6,194286.400,190676.000,214361,179750,316253
1,C3,8,C3-attributes-008,7,190960.820,188464.500,208251,179017,232353
1,C3,8,C3-attributes-008,8,248772.140,187528.000,231395,176123,5609620
1,C1,2,C1-attributes-002,1,21111.260,19518.500,33640,18014,50478
1,C1,2,C1-attributes-002,2,21641.180,19497.000,33921,17923,73542
1,C1,2,C1-attributes-002,3,20507.420,19643.500,24136,19370,38088
1,C1,2,C1-attributes-002,4,20714.750,19594.500,27075,19359,41751
1,C1,2,C1-attributes-002,5,19887.370,19532.500,21212,19322,36390
1,C1,2,C1-attributes-002,6,19655.720,19523.500,20185,19305,22736
1,C1,2,C1-attributes-002,7,19905.140,19628.500,22016,19259,26851
1,C1,2,C1-attributes-002,8,19294.410,19448.500,20650,18012,32182
1,C6,16,C6-attributes-016,1,2302829.690,2036692.500,3329998,1866899,10996368
1,C6,16,C6-attributes-016,2,2332338.010,1964413.500,3576557,1827001,4602785
1,C6,16,C6-attributes-016,3,2038191.140,1964954.500,2200911,1752066,7669588
1,C6,16,C6-attributes-016,4,2100631.000,2025577.000,2423731,1871458,5530176
1,C6,16,C6-attributes-016,5,2026518.180,1986831.500,2263679,1753341,3761519
1,C6,16,C6-attributes-016,6,2044127.570,1990974.000,2296999,1880585,3997535
1,C6,16,C6-attributes-016,7,2023358.990,1962821.500,2309770,1846005,3018591
1,C6,16,C6-attributes-016,8,2000985.380,1968839.500,2161157,1850769,2804355
1,C2,12,C2-attributes-012,1,56988.390,56209.500,60483,55143,71404
1,C2,12,C2-attributes-012,2,57468.290,56114.000,63514,54344,67191
1,C2,12,C2-attributes-012,3,57369.810,56022.000,63306,55089,68420
1,C2,12,C2-attributes-012,4,57167.540,55964.500,63415,55070,79148
1,C2,12,C2-attributes-012,5,58389.130,57319.500,64887,55187,71656
1,C2,12,C2-attributes-012,6,59476.000,57667.000,66174,56538,90112
1,C2,12,C2-attributes-012,7,59739.240,58931.000,65564,57392,69935
1,C2,12,C2-attributes-012,8,58316.240,58047.500,61731,56556,67575
1,C5,16,C5-attributes-016,1,1026815.530,976680.000,1138186,875256,3364322
1,C5,16,C5-attributes-016,2,1083469.520,978493.500,1095552,903772,7814148
1,C5,16,C5-attributes-016,3,1072724.390,1016016.500,1209926,901931,3256209
1,C5,16,C5-attributes-016,4,1063325.170,1014106.000,1136257,957671,3015237
1,C5,16,C5-attributes-016,5,1078314.460,1022570.500,1172717,979901,2982248
1,C5,16,C5-attributes-016,6,1062055.530,1024775.000,1196558,976413,2388210
1,C5,16,C5-attributes-016,7,1011396.490,991895.500,1089318,873991,2008019
1,C5,16,C5-attributes-016,8,1074372.160,975876.500,1098351,893762,9638292
2,C5,12,C5-attributes-012,1,1337116.700,1275201.000,1772723,1078240,2445613
2,C5,12,C5-attributes-012,2,1263359.200,1169467.500,1395938,993831,9378210
2,C5,12,C5-attributes-012,3,1070014.390,1052954.000,1205391,964028,1356943
2,C5,12,C5-attributes-012,4,1101094.330,1028800.000,1213682,927187,6946570
2,C5,12,C5-attributes-012,5,1075559.510,998236.500,1127871,946411,7155083
2,C5,12,C5-attributes-012,6,1005661.960,976960.000,1169005,905993,1592708
2,C5,12,C5-attributes-012,7,1106337.370,964139.500,1856133,869584,7105533
2,C5,12,C5-attributes-012,8,984856.700,973557.000,1066313,927173,1175555
2,C6,12,C6-attributes-012,1,2343385.640,2216827.500,2586893,2035927,12375096
2,C6,12,C6-attributes-012,2,2342002.910,2174018.500,2580532,1961558,14719326
2,C6,12,C6-attributes-012,3,2212694.980,2114701.000,2317579,1896541,10984525
2,C6,12,C6-attributes-012,4,2119529.780,2091920.000,2354382,1949240,2409919
2,C6,12,C6-attributes-012,5,2270408.640,2152730.500,2528248,1953596,11619952
2,C6,12,C6-attributes-012,6,2383073.770,2142491.000,2581343,2004912,12252490
2,C6,12,C6-attributes-012,7,2250169.470,2134607.500,2479823,1922441,10904841
2,C6,12,C6-attributes-012,8,2107747.050,2089233.000,2402848,1856214,2820723
2,C1,4,C1-attributes-004,1,46176.800,44216.000,52061,42830,82283
2,C1,4,C1-attributes-004,2,46039.680,43328.500,57772,42697,115628
2,C1,4,C1-attributes-004,3,44711.540,43288.000,46863,42614,84799
2,C1,4,C1-attributes-004,4,44931.380,42876.000,60022,40759,77990
2,C1,4,C1-attributes-004,5,44200.040,41508.000,54871,40877,95744
2,C1,4,C1-attributes-004,6,43778.190,41444.000,53894,40749,95514
2,C1,4,C1-attributes-004,7,53349.600,42482.000,91354,40628,208821
2,C1,4,C1-attributes-004,8,44897.670,42979.500,53378,42100,79848
2,C2,2,C2-attributes-002,1,88844.430,84996.000,110121,82085,133385
2,C2,2,C2-attributes-002,2,85346.090,82854.000,103163,78349,133688
2,C2,2,C2-attributes-002,3,81850.130,79206.500,94862,75464,127961
2,C2,2,C2-attributes-002,4,92764.450,82555.000,142749,75840,207166
2,C2,2,C2-attributes-002,5,86400.120,83454.500,98879,78635,138749
2,C2,2,C2-attributes-002,6,86193.610,82587.500,109428,77973,149132
2,C2,2,C2-attributes-002,7,99518.970,82065.000,173279,75732,208547
2,C2,2,C2-attributes-002,8,92246.030,82783.500,127908,77523,227173
2,C2,1,C2-attributes-001,1,76327.620,74839.500,89430,71248,101294
2,C2,1,C2-attributes-001,2,76650.730,74840.000,92063,71158,108023
2,C2,1,C2-attributes-001,3,87260.880,76058.500,156973,74231,201741
2,C2,1,C2-attributes-001,4,80254.470,78045.000,91619,74055,118750
2,C2,1,C2-attributes-001,5,81082.390,77920.000,98406,76712,113637
2,C2,1,C2-attributes-001,6,81884.950,77988.500,108765,73721,131128
2,C2,1,C2-attributes-001,7,78625.470,74709.000,98429,73182,121897
2,C2,1,C2-attributes-001,8,79741.760,77305.500,90429,73940,118400
2,C2,16,C2-attributes-016,1,61256.830,60427.500,64425,59352,75089
2,C2,16,C2-attributes-016,2,64744.880,62309.000,77940,59483,90993
2,C2,16,C2-attributes-016,3,61787.180,60522.000,64908,59352,109903
2,C2,16,C2-attributes-016,4,62196.690,60695.500,72588,59360,86985
2,C2,16,C2-attributes-016,5,64283.170,61289.500,79593,59600,107264
2,C2,16,C2-attributes-016,6,61278.740,60212.500,64320,59125,91600
2,C2,16,C2-attributes-016,7,60243.530,58861.000,70409,57834,74253
2,C2,16,C2-attributes-016,8,60554.640,58537.000,73394,57473,86527
2,C1,16,C1-attributes-016,1,29642.360,29043.500,33586,27554,44429
2,C1,16,C1-attributes-016,2,30700.180,29871.000,35996,28459,45087
2,C1,16,C1-attributes-016,3,30579.390,29977.500,33602,29506,44446
2,C1,16,C1-attributes-016,4,31649.650,30171.000,38834,29561,54691
2,C1,16,C1-attributes-016,5,32236.040,30289.500,41334,29613,75158
2,C1,16,C1-attributes-016,6,31567.390,30290.500,38378,29527,60911
2,C1,16,C1-attributes-016,7,30893.450,30055.500,34521,29590,47432
2,C1,16,C1-attributes-016,8,30580.930,29962.500,33535,29446,45607
2,C4,2,C4-attributes-002,1,337133.210,333173.500,363441,321221,422531
2,C4,2,C4-attributes-002,2,338777.900,332654.500,382986,322447,414776
2,C4,2,C4-attributes-002,3,333711.160,328494.000,353292,320700,448050
2,C4,2,C4-attributes-002,4,337405.980,328984.000,378035,320921,457958
2,C4,2,C4-attributes-002,5,435854.270,334131.500,383440,309539,9930179
2,C4,2,C4-attributes-002,6,340876.710,332459.000,376352,320558,497348
2,C4,2,C4-attributes-002,7,334087.600,330128.000,361232,319049,390668
2,C4,2,C4-attributes-002,8,334072.080,329526.500,375566,317690,425494
2,C6,4,C6-attributes-004,1,2089800.750,1978127.500,2158626,1900504,11345241
2,C6,4,C6-attributes-004,2,2087482.320,1976193.000,2159028,1859703,10896048
2,C6,4,C6-attributes-004,3,2074266.570,2034576.000,2351705,1914059,2739890
2,C6,4,C6-attributes-004,4,2101308.640,1995019.500,2181385,1904647,11005285
2,C6,4,C6-attributes-004,5,2148979.400,1960373.000,2220649,1732967,20285239
2,C6,4,C6-attributes-004,6,2069013.440,1922129.000,2482318,1787457,11353626
2,C6,4,C6-attributes-004,7,1896382.820,1889521.500,2004976,1803304,2067357
2,C6,4,C6-attributes-004,8,2081301.270,1944997.500,2327349,1837965,10339252
2,C4,1,C4-attributes-001,1,443098.300,336459.000,361339,323283,10620079
2,C4,1,C4-attributes-001,2,341041.100,339430.500,357068,330153,379994
2,C4,1,C4-attributes-001,3,342026.560,339909.500,356199,329318,389906
2,C4,1,C4-attributes-001,4,344005.830,341625.000,359970,328825,400901
2,C4,1,C4-attributes-001,5,345323.470,344160.000,366879,330467,382218
2,C4,1,C4-attributes-001,6,348103.730,343949.500,372624,330564,419889
2,C4,1,C4-attributes-001,7,344537.730,341989.500,370347,329997,412641
2,C4,1,C4-attributes-001,8,343050.650,341503.000,361071,328111,373728
2,C1,8,C1-attributes-008,1,24184.930,23819.500,25655,23213,37815
2,C1,8,C1-attributes-008,2,23894.000,23336.500,25038,22908,44150
2,C1,8,C1-attributes-008,3,23017.080,23311.500,24383,21398,29547
2,C1,8,C1-attributes-008,4,23124.920,23206.000,24750,21358,37088
2,C1,8,C1-attributes-008,5,22744.490,21797.500,25414,21467,40816
2,C1,8,C1-attributes-008,6,22334.900,21756.000,25078,21371,27123
2,C1,8,C1-attributes-008,7,22811.070,21892.000,27278,21370,39432
2,C1,8,C1-attributes-008,8,22205.160,21631.000,24498,21337,30436
2,C4,4,C4-attributes-004,1,425145.850,332238.000,362582,296524,9619156
2,C4,4,C4-attributes-004,2,337219.790,332750.500,365113,320006,439728
2,C4,4,C4-attributes-004,3,345761.030,333290.500,386199,321120,668839
2,C4,4,C4-attributes-004,4,336720.400,330706.500,365139,321460,459438
2,C4,4,C4-attributes-004,5,340470.400,332487.000,368842,321435,590362
2,C4,4,C4-attributes-004,6,348565.600,335180.000,386229,321754,702388
2,C4,4,C4-attributes-004,7,331029.950,326645.500,351792,319209,368825
2,C4,4,C4-attributes-004,8,328436.010,325381.500,351877,312223,367380
2,C2,4,C2-attributes-004,1,48814.030,43956.500,79192,42374,83807
2,C2,4,C2-attributes-004,2,47665.790,43036.500,75545,42199,114985
2,C2,4,C2-attributes-004,3,44843.230,43986.500,48097,42140,61702
2,C2,4,C2-attributes-004,4,45157.240,44548.500,49687,43191,56061
2,C2,4,C2-attributes-004,5,46634.380,45733.500,53419,44196,66157
2,C2,4,C2-attributes-004,6,45623.500,44680.000,48943,44032,61566
2,C2,4,C2-attributes-004,7,47160.880,46080.000,54805,44183,70235
2,C2,4,C2-attributes-004,8,46139.090,45625.500,49946,44050,61382
2,C5,4,C5-attributes-004,1,1134874.280,1010917.000,1147915,959326,11612771
2,C5,4,C5-attributes-004,2,1000304.630,992227.000,1067498,954437,1129456
2,C5,4,C5-attributes-004,3,1085736.370,992320.500,1061867,956184,9592037
2,C5,4,C5-attributes-004,4,1003230.730,997475.500,1061092,954017,1135524
2,C5,4,C5-attributes-004,5,996383.610,992913.500,1050044,953971,1247899
2,C5,4,C5-attributes-004,6,1103207.700,992330.000,1103992,952728,10608226
2,C5,4,C5-attributes-004,7,997033.480,990274.500,1057923,956649,1096371
2,C5,4,C5-attributes-004,8,1074874.470,988662.500,1079146,949111,8715632
2,C6,1,C6-attributes-001,1,2120200.110,2008732.000,2191038,1889475,10793791
2,C6,1,C6-attributes-001,2,2215967.940,2014499.000,2921409,1903464,10113168
2,C6,1,C6-attributes-001,3,2097546.280,1988216.000,2329071,1806849,9503873
2,C6,1,C6-attributes-001,4,1915972.250,1908301.000,2045529,1785399,2114729
2,C6,1,C6-attributes-001,5,2032775.910,1926179.000,2063073,1733907,11150732
2,C6,1,C6-attributes-001,6,2011783.290,1919172.500,2120147,1719440,10764558
2,C6,1,C6-attributes-001,7,2013689.780,1903288.500,2119512,1791770,10577765
2,C6,1,C6-attributes-001,8,2015501.550,1917981.500,2074252,1806971,9858292
2,C6,8,C6-attributes-008,1,2372280.200,2168480.000,2741444,1948562,13417410
2,C6,8,C6-attributes-008,2,2349863.000,2215642.000,2684780,1908799,10159283
2,C6,8,C6-attributes-008,3,2943035.240,2161465.500,4110831,1951409,44824887
2,C6,8,C6-attributes-008,4,2234232.510,2105631.000,2555555,1951904,9502461
2,C6,8,C6-attributes-008,5,2247962.840,2151311.500,2480048,1923396,10479261
2,C6,8,C6-attributes-008,6,2210391.020,2100475.000,2444780,1964994,9536697
2,C6,8,C6-attributes-008,7,2283703.920,2194330.000,2392531,2004472,10697243
2,C6,8,C6-attributes-008,8,2302790.800,2192381.500,2442721,2020625,10009741
2,C5,2,C5-attributes-002,1,995335.970,986598.500,1117094,928381,1320634
2,C5,2,C5-attributes-002,2,1025416.260,1000187.500,1153489,956530,1636335
2,C5,2,C5-attributes-002,3,1028727.630,987832.000,1101171,924576,2960036
2,C5,2,C5-attributes-002,4,992008.400,980495.000,1062907,945536,1190843
2,C5,2,C5-attributes-002,5,1022868.760,988545.500,1104870,954787,2740114
2,C5,2,C5-attributes-002,6,995100.250,985413.500,1069350,934154,1221416
2,C5,2,C5-attributes-002,7,1021174.230,984820.000,1136035,927606,2621742
2,C5,2,C5-attributes-002,8,1013949.950,982173.000,1121114,939655,2078324
2,C6,2,C6-attributes-002,1,2038158.980,1981718.500,2118099,1912373,6051457
2,C6,2,C6-attributes-002,2,2050137.180,1990396.000,2144148,1905205,6159308
2,C6,2,C6-attributes-002,3,2058998.000,1993633.000,2260992,1910731,5867953
2,C6,2,C6-attributes-002,4,2023824.280,1966515.000,2146763,1904001,6166051
2,C6,2,C6-attributes-002,5,2023708.930,1974664.000,2090939,1890678,6010272
2,C6,2,C6-attributes-002,6,2057726.480,1986583.500,2201903,1912426,6630536
2,C6,2,C6-attributes-002,7,2034272.460,1971778.000,2117629,1902382,6281596
2,C6,2,C6-attributes-002,8,2002388.050,1982230.000,2154451,1878601,2304352
2,C2,8,C2-attributes-008,1,127654.840,51212.500,73380,48768,7188612
2,C2,8,C2-attributes-008,2,53506.740,53612.500,58724,49568,68291
2,C2,8,C2-attributes-008,3,56174.100,55195.000,62129,53666,76607
2,C2,8,C2-attributes-008,4,56580.700,55684.500,58951,54865,80687
2,C2,8,C2-attributes-008,5,59728.970,55720.000,87750,54654,104538
2,C2,8,C2-attributes-008,6,56604.490,55535.500,61095,54762,74025
2,C2,8,C2-attributes-008,7,61503.410,56177.500,96744,54695,105998
2,C2,8,C2-attributes-008,8,57892.290,56599.500,63258,54721,88516
2,C3,2,C3-attributes-002,1,184290.370,178695.000,211559,170454,333683
2,C3,2,C3-attributes-002,2,182113.380,179015.500,207705,169820,253859
2,C3,2,C3-attributes-002,3,178251.430,176361.000,193114,169669,225465
2,C3,2,C3-attributes-002,4,244267.610,174277.000,201489,165372,6699872
2,C3,2,C3-attributes-002,5,267909.970,170195.500,358690,156293,8692733
2,C3,2,C3-attributes-002,6,169934.640,167590.500,194190,155453,243186
2,C3,2,C3-attributes-002,7,171592.360,168297.500,189696,158699,197277
2,C3,2,C3-attributes-002,8,172892.470,170354.000,189742,160098,258775
2,C5,1,C5-attributes-001,1,1091808.350,1038876.500,1184056,979603,4214121
2,C5,1,C5-attributes-001,2,1002009.820,972032.000,1143439,926728,1620708
2,C5,1,C5-attributes-001,3,998973.520,972121.500,1049302,860683,3618528
2,C5,1,C5-attributes-001,4,992243.220,936449.000,1048891,855608,4681844
2,C5,1,C5-attributes-001,5,978046.470,967453.000,1056974,917253,1168034
2,C5,1,C5-attributes-001,6,1027743.830,976121.000,1138875,915663,3695184
2,C5,1,C5-attributes-001,7,993856.380,972046.500,1119602,933181,1405179
2,C5,1,C5-attributes-001,8,986785.480,955099.500,1157071,860801,2443225
2,C4,16,C4-attributes-016,1,339571.320,337724.000,358824,320553,371976
2,C4,16,C4-attributes-016,2,338146.590,335526.000,357959,323960,377784
2,C4,16,C4-attributes-016,3,338054.980,335087.000,357495,321032,382757
2,C4,16,C4-attributes-016,4,341354.780,339031.500,361164,325492,430536
2,C4,16,C4-attributes-016,5,342976.460,339481.000,370906,323302,435410
2,C4,16,C4-attributes-016,6,421179.430,339246.500,372787,320569,8119573
2,C4,16,C4-attributes-016,7,340567.000,338606.500,361628,323970,406675
2,C4,16,C4-attributes-016,8,341307.650,337452.000,371740,324101,423650
2,C1,12,C1-attributes-012,1,26291.930,25821.500,34140,23851,37412
2,C1,12,C1-attributes-012,2,27395.300,26366.500,31203,25241,38572
2,C1,12,C1-attributes-012,3,27790.020,26774.000,33877,25714,53578
2,C1,12,C1-attributes-012,4,27459.200,26716.000,30466,26190,48300
2,C1,12,C1-attributes-012,5,28109.600,27011.500,33933,26333,50504
2,C1,12,C1-attributes-012,6,27796.810,27155.500,31237,26397,41973
2,C1,12,C1-attributes-012,7,27857.180,27163.500,33660,26096,39914
2,C1,12,C1-attributes-012,8,27670.500,26744.500,31852,26163,43703
2,C5,8,C5-attributes-008,1,1102198.300,1011961.000,1163943,947902,6718624
2,C5,8,C5-attributes-008,2,1021392.550,1010916.500,1078995,983703,1201955
2,C5,8,C5-attributes-008,3,1110500.720,1005114.000,1098330,955429,10686072
2,C5,8,C5-attributes-008,4,1095753.190,1022326.500,1166943,967376,6606106
2,C5,8,C5-attributes-008,5,1016044.380,1003396.500,1098568,955896,1438863
2,C5,8,C5-attributes-008,6,1101892.050,1009290.500,1206988,958563,7568733
2,C5,8,C5-attributes-008,7,1038650.830,1010214.000,1164724,961541,1661494
2,C5,8,C5-attributes-008,8,1095512.350,1009375.000,1206592,957555,7544019
2,C3,16,C3-attributes-016,1,199062.420,195996.000,215565,188704,240838
2,C3,16,C3-attributes-016,2,197968.400,195055.000,214817,187028,231124
2,C3,16,C3-attributes-016,3,194775.130,190184.500,215191,185701,274662
2,C3,16,C3-attributes-016,4,200351.290,195522.500,218205,186518,341057
2,C3,16,C3-attributes-016,5,198201.690,195148.500,220507,187289,236771
2,C3,16,C3-attributes-016,6,198208.810,195119.500,210329,187785,270357
2,C3,16,C3-attributes-016,7,196343.890,194430.500,214478,186279,224131
2,C3,16,C3-attributes-016,8,268310.940,193937.000,216736,176045,7395503
2,C3,12,C3-attributes-012,1,201404.150,194696.500,233569,189091,265578
2,C3,12,C3-attributes-012,2,202629.350,197720.000,218228,188926,364897
2,C3,12,C3-attributes-012,3,202296.300,194490.500,238609,184982,356978
2,C3,12,C3-attributes-012,4,199740.380,196078.000,222560,187009,278102
2,C3,12,C3-attributes-012,5,204349.360,196517.000,252416,187081,364741
2,C3,12,C3-attributes-012,6,268374.550,193645.000,232507,173363,7210437
2,C3,12,C3-attributes-012,7,182724.050,176254.500,222394,165178,279159
2,C3,12,C3-attributes-012,8,183193.080,182255.000,200155,170800,217026
2,C4,12,C4-attributes-012,1,378778.170,369606.000,419046,350325,519399
2,C4,12,C4-attributes-012,2,379357.330,373605.000,407389,359391,479644
2,C4,12,C4-attributes-012,3,465399.690,369480.500,414857,346957,9586128
2,C4,12,C4-attributes-012,4,375586.700,372834.500,398575,355712,453843
2,C4,12,C4-attributes-012,5,371192.380,367732.500,399568,347950,438651
2,C4,12,C4-attributes-012,6,376833.290,372980.500,411092,355783,445095
2,C4,12,C4-attributes-012,7,364319.680,360190.500,389653,345186,453842
2,C4,12,C4-attributes-012,8,413399.660,344951.500,420073,300955,6531784
2,C3,1,C3-attributes-001,1,189305.390,187696.500,208038,175440,217530
2,C3,1,C3-attributes-001,2,187485.070,184929.500,201189,178718,246654
2,C3,1,C3-attributes-001,3,188898.360,185783.500,203098,180113,245583
2,C3,1,C3-attributes-001,4,183873.720,181884.000,194547,174776,249468
2,C3,1,C3-attributes-001,5,181642.790,180574.500,189693,174140,199849
2,C3,1,C3-attributes-001,6,259517.080,187832.000,211562,180123,7048745
2,C3,1,C3-attributes-001,7,186046.920,183598.000,214891,167988,226163
2,C3,1,C3-attributes-001,8,203315.780,199242.500,224770,189468,280000
2,C3,4,C3-attributes-004,1,282536.070,265982.000,349826,250423,536532
2,C3,4,C3-attributes-004,2,269502.290,264429.000,303480,250336,322564
2,C3,4,C3-attributes-004,3,312661.990,280174.000,533468,249990,638689
2,C3,4,C3-attributes-004,4,355084.900,263681.000,305464,240667,8782247
2,C3,4,C3-attributes-004,5,253360.930,247602.500,284008,239577,400937
2,C3,4,C3-attributes-004,6,232835.500,229260.000,251200,222683,271448
2,C3,4,C3-attributes-004,7,243476.400,241908.500,263928,231635,279524
2,C3,4,C3-attributes-004,8,251519.380,247492.500,273463,230901,376263
2,C4,8,C4-attributes-008,1,420556.890,415426.500,459497,395881,494016
2,C4,8,C4-attributes-008,2,485775.870,386889.000,443360,370092,9271830
2,C4,8,C4-attributes-008,3,371799.770,365302.500,408792,350371,619098
2,C4,8,C4-attributes-008,4,380068.900,357232.000,456897,339941,1036497
2,C4,8,C4-attributes-008,5,343644.270,339731.000,369349,327443,444161
2,C4,8,C4-attributes-008,6,361041.400,353420.500,395460,323270,782182
2,C4,8,C4-attributes-008,7,432549.530,353591.000,408871,331931,7280568
2,C4,8,C4-attributes-008,8,356450.990,354214.000,384104,330679,433769
2,C1,1,C1-attributes-001,1,32641.520,17976.500,66940,17510,116946
2,C1,1,C1-attributes-001,2,18890.760,18015.000,24879,17611,37065
2,C1,1,C1-attributes-001,3,20829.290,18412.000,28385,17689,31559
2,C1,1,C1-attributes-001,4,18920.990,18238.500,22339,17670,32496
2,C1,1,C1-attributes-001,5,18456.490,18107.500,20402,17524,24175
2,C1,1,C1-attributes-001,6,19145.660,17931.000,19404,17516,105511
2,C1,1,C1-attributes-001,7,19381.460,18471.500,26680,17752,30725
2,C1,1,C1-attributes-001,8,19301.720,18120.500,26596,17707,40558
2,C3,8,C3-attributes-008,1,210206.790,203379.000,230845,193777,361302
2,C3,8,C3-attributes-008,2,307305.440,203629.500,244317,187577,9930424
2,C3,8,C3-attributes-008,3,231400.060,207870.000,371239,186142,404704
2,C3,8,C3-attributes-008,4,210979.020,204022.000,236568,197172,374061
2,C3,8,C3-attributes-008,5,223181.740,202910.000,365224,193225,398564
2,C3,8,C3-attributes-008,6,212372.110,200535.000,236075,190591,760571
2,C3,8,C3-attributes-008,7,201992.210,198622.000,217567,187381,388659
2,C3,8,C3-attributes-008,8,198536.300,194618.000,223679,187184,253137
2,C1,2,C1-attributes-002,1,19472.400,18858.000,22126,18443,37356
2,C1,2,C1-attributes-002,2,19024.130,18714.000,19442,18391,34668
2,C1,2,C1-attributes-002,3,20611.830,19019.500,29814,18428,37669
2,C1,2,C1-attributes-002,4,19764.260,19091.500,22145,18482,33590
2,C1,2,C1-attributes-002,5,23833.870,19278.500,24321,18492,234091
2,C1,2,C1-attributes-002,6,19708.570,19026.000,23972,18454,31480
2,C1,2,C1-attributes-002,7,19869.850,18926.000,25280,18521,32790
2,C1,2,C1-attributes-002,8,19276.730,18817.000,22212,18449,31177
2,C6,16,C6-attributes-016,1,2108846.340,1991662.000,2159796,1835850,11229336
2,C6,16,C6-attributes-016,2,2148029.610,2003543.000,2288185,1899905,7628224
2,C6,16,C6-attributes-016,3,2110919.670,2017868.000,2231808,1850786,8175030
2,C6,16,C6-attributes-016,4,2089314.490,2010474.500,2278105,1896492,7153207
2,C6,16,C6-attributes-016,5,2134663.560,1998725.000,2363624,1887092,7232376
2,C6,16,C6-attributes-016,6,2071194.490,1991631.500,2162214,1876567,7948893
2,C6,16,C6-attributes-016,7,2068054.860,1995079.000,2198988,1864581,7271390
2,C6,16,C6-attributes-016,8,2158873.500,2019875.000,2365361,1892009,8017273
2,C2,12,C2-attributes-012,1,60851.390,59707.000,64109,58943,79512
2,C2,12,C2-attributes-012,2,59329.870,58413.000,62822,57320,74764
2,C2,12,C2-attributes-012,3,62170.330,58365.000,88553,57470,123745
2,C2,12,C2-attributes-012,4,60961.020,59825.000,64640,58038,86049
2,C2,12,C2-attributes-012,5,60137.580,59571.000,65305,57571,73389
2,C2,12,C2-attributes-012,6,60795.350,59897.500,64052,59092,83279
2,C2,12,C2-attributes-012,7,61103.820,58768.000,69301,57605,138185
2,C2,12,C2-attributes-012,8,60296.000,58404.000,69578,57515,105020
2,C5,16,C5-attributes-016,1,1074788.160,1046090.500,1203859,942878,2152661
2,C5,16,C5-attributes-016,2,1096543.580,1040468.000,1193277,965943,4823366
2,C5,16,C5-attributes-016,3,1145792.150,1060397.500,1380817,1005442,5411711
2,C5,16,C5-attributes-016,4,1135044.800,1053949.500,1368893,996204,4718473
2,C5,16,C5-attributes-016,5,1074975.420,1023561.000,1154492,972749,5436709
2,C5,16,C5-attributes-016,6,1080693.580,1021619.000,1190207,974686,4740535
2,C5,16,C5-attributes-016,7,1064820.760,1018681.000,1088266,984497,4482694
2,C5,16,C5-attributes-016,8,1041795.470,1031392.000,1100952,993103,1587390
3,C5,12,C5-attributes-012,1,1285476.320,1185809.000,1538444,1037902,8570165
3,C5,12,C5-attributes-012,2,1195944.960,1175763.000,1383005,1059565,1638868
3,C5,12,C5-attributes-012,3,1624250.660,1638032.000,2005942,1000790,15350202
3,C5,12,C5-attributes-012,4,1165265.090,1032520.000,1304144,944984,8018026
3,C5,12,C5-attributes-012,5,1170079.580,1128878.500,1509279,998530,2311928
3,C5,12,C5-attributes-012,6,1078632.870,1014907.500,1129531,942978,6337698
3,C5,12,C5-attributes-012,7,1059002.620,1016652.000,1175540,949722,1986587
3,C5,12,C5-attributes-012,8,1072171.670,1006145.500,1130004,950884,6111445
3,C6,12,C6-attributes-012,1,2017916.970,1914175.000,2157174,1816553,9583443
3,C6,12,C6-attributes-012,2,1972360.050,1936852.000,2193492,1813058,2565550
3,C6,12,C6-attributes-012,3,1989012.700,1888658.500,2089234,1755963,9589130
3,C6,12,C6-attributes-012,4,2008871.290,1918896.000,2119846,1827390,9111305
3,C6,12,C6-attributes-012,5,3082463.920,2888333.500,4364488,1792529,14271371
3,C6,12,C6-attributes-012,6,2589619.430,2338898.500,3702495,2002026,10385492
3,C6,12,C6-attributes-012,7,2326141.050,2195897.000,2995347,1905574,11479917
3,C6,12,C6-attributes-012,8,2157241.080,2064816.000,2631191,1868388,3274771
3,C1,4,C1-attributes-004,1,40015.940,38620.000,48908,37841,57993
3,C1,4,C1-attributes-004,2,40601.300,38623.000,52772,38023,75231
3,C1,4,C1-attributes-004,3,44906.330,41352.000,63303,39416,90810
3,C1,4,C1-attributes-004,4,42409.390,39941.000,58065,39127,81918
3,C1,4,C1-attributes-004,5,142267.980,40088.500,61291,39265,9968496
3,C1,4,C1-attributes-004,6,45014.090,42799.500,59925,40700,77333
3,C1,4,C1-attributes-004,7,47746.010,41961.000,77959,40496,120819
3,C1,4,C1-attributes-004,8,45974.620,43289.000,64338,42128,81551
3,C2,2,C2-attributes-002,1,76755.650,75329.500,86033,71569,110124
3,C2,2,C2-attributes-002,2,84010.700,72740.000,148926,71493,192606
3,C2,2,C2-attributes-002,3,79559.190,75924.500,95734,71942,170200
3,C2,2,C2-attributes-002,4,85322.610,79843.000,110616,74855,149914
3,C2,2,C2-attributes-002,5,80753.320,77647.500,94983,74043,148448
3,C2,2,C2-attributes-002,6,99000.070,78031.000,154494,71966,193517
3,C2,2,C2-attributes-002,7,82851.280,79657.500,102847,74231,115972
3,C2,2,C2-attributes-002,8,78412.280,75702.500,89256,74016,115154
3,C2,1,C2-attributes-001,1,70263.450,68174.000,79589,65349,95312
3,C2,1,C2-attributes-001,2,73945.690,71556.000,90821,67624,110197
3,C2,1,C2-attributes-001,3,76670.440,74472.500,89434,72942,100320
3,C2,1,C2-attributes-001,4,76106.730,74191.500,87761,73116,98426
3,C2,1,C2-attributes-001,5,78780.260,75240.500,91426,72294,158434
3,C2,1,C2-attributes-001,6,78035.320,76506.500,88341,72693,99499
3,C2,1,C2-attributes-001,7,78896.550,73739.000,108187,71762,144895
3,C2,1,C2-attributes-001,8,75851.920,73039.000,93796,71718,123698
3,C2,16,C2-attributes-016,1,55400.330,54070.500,65442,50924,84105
3,C2,16,C2-attributes-016,2,65442.420,57302.000,110101,53733,147506
3,C2,16,C2-attributes-016,3,62580.950,58993.000,83664,53777,98265
3,C2,16,C2-attributes-016,4,55232.270,54082.500,63071,53218,75562
3,C2,16,C2-attributes-016,5,57423.540,55392.500,71428,53092,84589
3,C2,16,C2-attributes-016,6,59479.060,57245.000,68393,54454,81612
3,C2,16,C2-attributes-016,7,56900.020,55410.000,67390,54512,76668
3,C2,16,C2-attributes-016,8,58053.940,55732.500,66341,53022,81543
3,C1,16,C1-attributes-016,1,27515.880,27069.000,29079,26184,34091
3,C1,16,C1-attributes-016,2,29049.770,27474.000,34706,26806,52011
3,C1,16,C1-attributes-016,3,29747.200,29134.500,34288,27218,41448
3,C1,16,C1-attributes-016,4,30595.800,28848.000,40131,28116,48756
3,C1,16,C1-attributes-016,5,30303.400,28677.000,37365,28126,68460
3,C1,16,C1-attributes-016,6,29256.240,28699.000,31515,28003,44243
3,C1,16,C1-attributes-016,7,29462.230,28729.500,34670,28146,40447
3,C1,16,C1-attributes-016,8,30228.900,29264.500,35772,28506,41632
3,C4,2,C4-attributes-002,1,323400.990,322175.000,338444,310748,403945
3,C4,2,C4-attributes-002,2,329430.520,323849.500,363285,313640,396447
3,C4,2,C4-attributes-002,3,322170.340,321108.500,332000,312269,368021
3,C4,2,C4-attributes-002,4,327139.620,326119.500,342134,312770,352568
3,C4,2,C4-attributes-002,5,408492.630,303411.500,363224,284844,9975132
3,C4,2,C4-attributes-002,6,310085.840,305854.500,343899,293657,368319
3,C4,2,C4-attributes-002,7,317711.900,314883.000,343424,297217,361950
3,C4,2,C4-attributes-002,8,327747.590,321637.500,380138,303549,446546
3,C6,4,C6-attributes-004,1,1987067.070,1858837.500,2152198,1754819,10955361
3,C6,4,C6-attributes-004,2,2043259.630,1902126.000,2222523,1810101,11524164
3,C6,4,C6-attributes-004,3,2032468.350,1894749.500,2269859,1789724,9759098
3,C6,4,C6-attributes-004,4,2002531.520,1883706.500,2220653,1760187,9530413
3,C6,4,C6-attributes-004,5,2018307.750,1890018.000,2205904,1762808,10347671
3,C6,4,C6-attributes-004,6,2011003.470,1907319.500,2212022,1800714,9111555
3,C6,4,C6-attributes-004,7,2021722.990,1907119.500,2190589,1785595,9479622
3,C6,4,C6-attributes-004,8,2038677.050,1917952.500,2269249,1788425,10449092
3,C4,1,C4-attributes-001,1,324870.980,322858.000,338393,314299,345899
3,C4,1,C4-attributes-001,2,333359.780,327928.500,363464,313119,381158
3,C4,1,C4-attributes-001,3,402388.070,321050.500,341723,304255,8221426
3,C4,1,C4-attributes-001,4,321155.430,318891.500,334229,311726,352876
3,C4,1,C4-attributes-001,5,329894.940,325064.500,359977,311433,407137
3,C4,1,C4-attributes-001,6,324738.260,323838.500,336360,312664,353588
3,C4,1,C4-attributes-001,7,322070.560,319850.000,340465,308262,353164
3,C4,1,C4-attributes-001,8,332012.370,327745.000,357877,310639,412414
3,C1,8,C1-attributes-008,1,22934.770,22939.000,25374,21208,31807
3,C1,8,C1-attributes-008,2,24710.490,23704.500,28926,22586,52053
3,C1,8,C1-attributes-008,3,22666.930,22204.000,26548,21108,35058
3,C1,8,C1-attributes-008,4,23408.420,23013.500,26189,21090,34096
3,C1,8,C1-attributes-008,5,23357.060,22902.000,26971,21060,31489
3,C1,8,C1-attributes-008,6,22102.630,21420.500,25156,21089,35077
3,C1,8,C1-attributes-008,7,21975.290,21371.500,24573,20959,30987
3,C1,8,C1-attributes-008,8,22059.660,21323.000,25350,20969,28813
3,C4,4,C4-attributes-004,1,329685.260,321434.000,359160,310083,457654
3,C4,4,C4-attributes-004,2,334904.600,325710.000,382767,312084,411020
3,C4,4,C4-attributes-004,3,329033.180,321999.000,370128,310280,471285
3,C4,4,C4-attributes-004,4,332663.110,325174.000,371604,311356,421816
3,C4,4,C4-attributes-004,5,329340.120,323892.500,364078,311584,391055
3,C4,4,C4-attributes-004,6,402827.250,316713.000,334422,303561,8631607
3,C4,4,C4-attributes-004,7,336879.960,326889.500,392629,288472,608929
3,C4,4,C4-attributes-004,8,331696.550,327530.000,370503,305838,467204
3,C2,4,C2-attributes-004,1,54496.820,46441.000,91320,44188,116914
3,C2,4,C2-attributes-004,2,60101.800,49575.500,92654,45345,116428
3,C2,4,C2-attributes-004,3,46520.270,46002.500,49094,45298,55015
3,C2,4,C2-attributes-004,4,51265.940,48569.000,80225,45670,87502
3,C2,4,C2-attributes-004,5,50427.440,47460.500,71807,46482,84003
3,C2,4,C2-attributes-004,6,47772.140,47170.000,51076,46466,55693
3,C2,4,C2-attributes-004,7,48442.350,47257.000,53934,46404,68091
3,C2,4,C2-attributes-004,8,47639.960,47035.000,51779,46411,58902
3,C5,4,C5-attributes-004,1,979690.070,967192.000,1113526,839824,1766232
3,C5,4,C5-attributes-004,2,937123.780,922872.000,1005075,870659,1178107
3,C5,4,C5-attributes-004,3,1007819.780,940683.500,1116323,902117,5508417
3,C5,4,C5-attributes-004,4,954787.310,939421.000,1066653,906667,1257663
3,C5,4,C5-attributes-004,5,991764.560,942851.000,1071330,865882,4611916
3,C5,4,C5-attributes-004,6,959505.800,943967.500,1058540,904895,1245478
3,C5,4,C5-attributes-004,7,1004993.170,947063.500,1113066,897134,4856599
3,C5,4,C5-attributes-004,8,960445.050,936631.000,1092444,905825,1205275
3,C6,1,C6-attributes-001,1,2068766.370,1959201.000,2185896,1850876,11197155
3,C6,1,C6-attributes-001,2,1994062.930,1900398.000,2133368,1713309,10208915
3,C6,1,C6-attributes-001,3,1991794.880,1882360.500,2114851,1792671,10492111
3,C6,1,C6-attributes-001,4,1970754.720,1893726.500,2104425,1778503,7919719
3,C6,1,C6-attributes-001,5,1978510.260,1894743.000,2171350,1683645,8044614
3,C6,1,C6-attributes-001,6,2006819.570,1912589.000,2211919,1680854,8562108
3,C6,1,C6-attributes-001,7,2038316.770,1898203.500,2407457,1808391,8780894
3,C6,1,C6-attributes-001,8,2073672.290,1947121.500,2482368,1699421,11598394
3,C6,8,C6-attributes-008,1,2092170.840,2041941.500,2381822,1858850,3470089
3,C6,8,C6-attributes-008,2,2116025.240,2068807.500,2452655,1895136,3254528
3,C6,8,C6-attributes-008,3,2092330.630,2037108.000,2499945,1858398,3009219
3,C6,8,C6-attributes-008,4,2143465.500,2081494.500,2433478,1855307,4117636
3,C6,8,C6-attributes-008,5,2209332.570,2151590.500,2566254,1961820,3327434
3,C6,8,C6-attributes-008,6,2081609.980,2049916.500,2397290,1850241,2612232
3,C6,8,C6-attributes-008,7,2147117.650,2077181.500,2477887,1883954,3004983
3,C6,8,C6-attributes-008,8,2164009.340,2114762.500,2501675,1915542,3339614
3,C5,2,C5-attributes-002,1,1000118.630,951353.000,1115605,898977,4083542
3,C5,2,C5-attributes-002,2,962430.540,950926.500,1054005,903655,1190333
3,C5,2,C5-attributes-002,3,980665.110,950155.500,1072064,881946,2451215
3,C5,2,C5-attributes-002,4,976096.180,956217.500,1105243,912573,1270014
3,C5,2,C5-attributes-002,5,1046289.570,949570.000,1095493,857992,9248348
3,C5,2,C5-attributes-002,6,974900.870,951848.500,1122924,897065,1314403
3,C5,2,C5-attributes-002,7,985075.710,947868.000,1124392,885847,2840363
3,C5,2,C5-attributes-002,8,960523.530,936437.500,1090953,905633,1203472
3,C6,2,C6-attributes-002,1,2136575.980,2001070.500,2453881,1728674,8590721
3,C6,2,C6-attributes-002,2,2075322.050,1973948.000,2251700,1853991,8397356
3,C6,2,C6-attributes-002,3,2107325.590,1988551.000,2486187,1885705,7881684
3,C6,2,C6-attributes-002,4,2002760.090,1873521.000,2362244,1704304,9430744
3,C6,2,C6-attributes-002,5,2055634.990,1918141.000,2273440,1779874,11414350
3,C6,2,C6-attributes-002,6,2055796.700,1952925.500,2335322,1788364,8358458
3,C6,2,C6-attributes-002,7,2025870.300,1932313.000,2201429,1834844,7602587
3,C6,2,C6-attributes-002,8,2013110.550,1937181.000,2195508,1724408,8118530
3,C2,8,C2-attributes-008,1,48855.610,48519.000,52258,46884,57105
3,C2,8,C2-attributes-008,2,47327.340,46409.500,51204,45513,65190
3,C2,8,C2-attributes-008,3,48900.590,47717.000,58065,45723,63481
3,C2,8,C2-attributes-008,4,49368.780,48144.000,56420,45955,66766
3,C2,8,C2-attributes-008,5,48759.300,47747.500,53584,46784,60090
3,C2,8,C2-attributes-008,6,49414.580,48267.500,55801,46858,64801
3,C2,8,C2-attributes-008,7,48830.360,47917.500,54722,46814,67248
3,C2,8,C2-attributes-008,8,50171.060,48980.500,57290,47120,78961
3,C3,2,C3-attributes-002,1,174044.150,172864.500,184296,165811,189886
3,C3,2,C3-attributes-002,2,177137.000,175900.000,187988,169589,201513
3,C3,2,C3-attributes-002,3,171835.700,170862.500,181174,164765,189724
3,C3,2,C3-attributes-002,4,233531.710,163743.000,186243,149837,6732344
3,C3,2,C3-attributes-002,5,167259.600,167169.000,180180,149404,196082
3,C3,2,C3-attributes-002,6,172196.180,169723.500,189424,163956,211755
3,C3,2,C3-attributes-002,7,173924.850,171290.000,187995,167089,205167
3,C3,2,C3-attributes-002,8,179739.260,176766.000,192996,167248,244364
3,C5,1,C5-attributes-001,1,993339.400,979386.500,1093371,927299,1158110
3,C5,1,C5-attributes-001,2,1057821.160,965609.500,1055283,906614,9286061
3,C5,1,C5-attributes-001,3,983032.810,973067.000,1052965,929618,1122921
3,C5,1,C5-attributes-001,4,1051397.000,974949.500,1067469,902429,7576830
3,C5,1,C5-attributes-001,5,1010483.160,979003.500,1158199,929491,1715355
3,C5,1,C5-attributes-001,6,1028838.340,976243.500,1133494,936993,4157810
3,C5,1,C5-attributes-001,7,1004211.100,969447.000,1175137,918368,1981827
3,C5,1,C5-attributes-001,8,1098071.260,1036946.000,1255633,939543,4766957
3,C4,16,C4-attributes-016,1,349004.640,344277.500,366322,339142,388106
3,C4,16,C4-attributes-016,2,357014.190,349971.000,391993,337527,570924
3,C4,16,C4-attributes-016,3,370637.740,364159.000,409114,343243,445752
3,C4,16,C4-attributes-016,4,354567.720,352177.000,377149,334895,415598
3,C4,16,C4-attributes-016,5,397173.380,328483.000,409064,294413,6651680
3,C4,16,C4-attributes-016,6,353486.790,333810.500,453525,312279,693060
3,C4,16,C4-attributes-016,7,336635.210,332135.500,367591,322180,398480
3,C4,16,C4-attributes-016,8,337885.820,330677.500,375701,321314,408154
3,C1,12,C1-attributes-012,1,25995.140,25644.500,28414,25217,34567
3,C1,12,C1-attributes-012,2,26344.980,25684.500,31479,23636,34934
3,C1,12,C1-attributes-012,3,24326.970,23908.000,26254,23498,29045
3,C1,12,C1-attributes-012,4,24401.990,23874.000,25982,23423,44499
3,C1,12,C1-attributes-012,5,24407.860,23875.500,26333,23530,33574
3,C1,12,C1-attributes-012,6,24647.340,23996.000,26504,23533,33578
3,C1,12,C1-attributes-012,7,25919.700,25626.500,28374,25143,31644
3,C1,12,C1-attributes-012,8,26189.340,25512.000,29245,24271,43267
3,C5,8,C5-attributes-008,1,1030126.680,996350.000,1194502,947004,1682397
3,C5,8,C5-attributes-008,2,1118105.900,988434.500,1540550,927129,7796591
3,C5,8,C5-attributes-008,3,994818.180,984109.500,1065366,939773,1200570
3,C5,8,C5-attributes-008,4,1045660.510,972960.500,1081233,929442,7200982
3,C5,8,C5-attributes-008,5,1071809.050,995317.500,1125548,939793,7131974
3,C5,8,C5-attributes-008,6,1012553.260,993074.500,1138821,935534,1246161
3,C5,8,C5-attributes-008,7,1059817.640,986952.500,1097900,939463,6938736
3,C5,8,C5-attributes-008,8,989605.650,978395.500,1074787,938888,1108657
3,C3,16,C3-attributes-016,1,270276.300,184126.500,233042,163319,8464914
3,C3,16,C3-attributes-016,2,194998.270,186346.500,232585,172500,289395
3,C3,16,C3-attributes-016,3,194702.800,190881.500,219483,178229,309446
3,C3,16,C3-attributes-016,4,188011.410,184394.500,210507,175374,243856
3,C3,16,C3-attributes-016,5,185109.110,180274.000,207117,176307,246898
3,C3,16,C3-attributes-016,6,187763.900,182834.500,218589,176135,231251
3,C3,16,C3-attributes-016,7,185698.700,182322.000,209301,176100,239625
3,C3,16,C3-attributes-016,8,193803.860,188673.500,223571,176980,249659
3,C3,12,C3-attributes-012,1,188680.880,184249.500,209095,177830,272836
3,C3,12,C3-attributes-012,2,181642.200,180125.000,191535,175284,201199
3,C3,12,C3-attributes-012,3,183791.660,179082.500,192353,175446,411419
3,C3,12,C3-attributes-012,4,184192.480,183321.000,197508,175239,214893
3,C3,12,C3-attributes-012,5,186699.180,183332.500,203285,176073,212382
3,C3,12,C3-attributes-012,6,184920.240,183562.000,193355,177641,225384
3,C3,12,C3-attributes-012,7,188558.020,187529.500,205007,176033,220627
3,C3,12,C3-attributes-012,8,248831.400,179061.000,190098,175575,7047616
3,C4,12,C4-attributes-012,1,347525.670,344651.500,366050,330595,385507
3,C4,12,C4-attributes-012,2,422293.310,347335.500,389477,333053,7360901
3,C4,12,C4-attributes-012,3,344280.690,340581.000,360288,326331,512322
3,C4,12,C4-attributes-012,4,354380.080,340839.500,389239,329313,1008127
3,C4,12,C4-attributes-012,5,343751.710,341744.000,360268,329655,369202
3,C4,12,C4-attributes-012,6,342359.490,341185.000,361101,326781,375549
3,C4,12,C4-attributes-012,7,417717.360,341514.500,392362,325426,7350955
3,C4,12,C4-attributes-012,8,347040.170,343480.000,368960,335218,400584
3,C3,1,C3-attributes-001,1,175394.660,171448.000,194381,162082,237153
3,C3,1,C3-attributes-001,2,183730.920,172623.500,224545,165999,334058
3,C3,1,C3-attributes-001,3,170287.400,168675.000,182491,165826,202830
3,C3,1,C3-attributes-001,4,233693.340,170400.500,231148,159668,5768627
3,C3,1,C3-attributes-001,5,176947.060,168412.000,224412,163045,338982
3,C3,1,C3-attributes-001,6,177134.550,171700.000,196438,164526,298191
3,C3,1,C3-attributes-001,7,183935.820,172090.500,248502,165268,341377
3,C3,1,C3-attributes-001,8,171008.670,169532.500,180304,165140,209673
3,C3,4,C3-attributes-004,1,232486.220,166340.500,190762,152425,6645030
3,C3,4,C3-attributes-004,2,179003.100,172345.500,211900,163798,316664
3,C3,4,C3-attributes-004,3,174327.510,168466.000,188603,163646,325664
3,C3,4,C3-attributes-004,4,174929.910,172232.500,194601,164233,209007
3,C3,4,C3-attributes-004,5,171325.040,167210.000,182801,163357,322533
3,C3,4,C3-attributes-004,6,174318.460,171031.500,195400,165209,206972
3,C3,4,C3-attributes-004,7,171519.440,170789.000,179637,164660,197589
3,C3,4,C3-attributes-004,8,179545.650,172907.000,218182,162768,250945
3,C4,8,C4-attributes-008,1,321797.280,318330.000,351111,305895,397350
3,C4,8,C4-attributes-008,2,331050.160,320739.500,358945,305721,656010
3,C4,8,C4-attributes-008,3,330217.580,320819.000,372296,302407,468208
3,C4,8,C4-attributes-008,4,393000.840,321089.000,393475,305990,6125920
3,C4,8,C4-attributes-008,5,312987.990,309392.500,347163,287661,554613
3,C4,8,C4-attributes-008,6,343589.060,334402.500,389335,315687,660993
3,C4,8,C4-attributes-008,7,332201.580,327789.500,347978,321591,451652
3,C4,8,C4-attributes-008,8,337071.180,331050.500,366435,321861,419506
3,C1,1,C1-attributes-001,1,20678.800,19539.500,25512,17517,30489
3,C1,1,C1-attributes-001,2,18085.800,17811.000,19609,17432,23803
3,C1,1,C1-attributes-001,3,18397.800,17851.500,19502,17338,36244
3,C1,1,C1-attributes-001,4,20645.560,18463.500,34003,17556,35412
3,C1,1,C1-attributes-001,5,17868.330,17669.000,19315,16185,37048
3,C1,1,C1-attributes-001,6,19213.210,16482.500,18150,16138,211147
3,C1,1,C1-attributes-001,7,17901.520,17579.000,18840,16172,28212
3,C1,1,C1-attributes-001,8,17467.480,17485.000,18644,16080,20641
3,C3,8,C3-attributes-008,1,182967.980,180723.500,201064,171636,216096
3,C3,8,C3-attributes-008,2,282683.130,187811.000,245558,171423,8596108
3,C3,8,C3-attributes-008,3,223969.990,205236.000,365419,189129,395365
3,C3,8,C3-attributes-008,4,207865.940,198165.000,241396,186333,369355
3,C3,8,C3-attributes-008,5,199145.690,195043.000,211633,186742,313902
3,C3,8,C3-attributes-008,6,202523.870,194885.000,229064,186667,361374
3,C3,8,C3-attributes-008,7,200001.160,195319.500,224266,186551,286433
3,C3,8,C3-attributes-008,8,200341.590,190778.000,232882,165488,897217
3,C1,2,C1-attributes-002,1,19802.290,19045.000,23787,18348,34353
3,C1,2,C1-attributes-002,2,20118.290,18760.500,22842,18246,76345
3,C1,2,C1-attributes-002,3,19441.090,18990.000,20598,18304,37620
3,C1,2,C1-attributes-002,4,19079.090,18840.500,20185,18279,24442
3,C1,2,C1-attributes-002,5,22783.280,18696.500,32211,18135,238695
3,C1,2,C1-attributes-002,6,20274.250,18425.000,19595,18023,167925
3,C1,2,C1-attributes-002,7,19523.750,19236.500,21509,18241,27218
3,C1,2,C1-attributes-002,8,19746.280,18652.500,23977,18136,40572
3,C6,16,C6-attributes-016,1,2215421.930,2085082.000,2751011,1946226,7807629
3,C6,16,C6-attributes-016,2,2146654.570,1997571.000,2513934,1824532,12950941
3,C6,16,C6-attributes-016,3,2152741.060,1978512.000,2553070,1730220,8590928
3,C6,16,C6-attributes-016,4,2117307.700,2013614.500,2645306,1814625,6902611
3,C6,16,C6-attributes-016,5,2100341.500,2021498.000,2399225,1817651,7219261
3,C6,16,C6-attributes-016,6,2109366.280,1986972.500,2430378,1862826,6335689
3,C6,16,C6-attributes-016,7,2101584.140,1975614.500,2495709,1859592,7481201
3,C6,16,C6-attributes-016,8,2094751.980,1965868.500,2266924,1824762,7636270
3,C2,12,C2-attributes-012,1,53581.120,52409.500,59099,51782,68757
3,C2,12,C2-attributes-012,2,55817.430,54060.000,66629,51954,80173
3,C2,12,C2-attributes-012,3,57253.550,55013.500,68814,51917,114507
3,C2,12,C2-attributes-012,4,55989.770,54679.500,62040,52321,83149
3,C2,12,C2-attributes-012,5,55534.920,54140.000,64071,51871,72848
3,C2,12,C2-attributes-012,6,54529.210,53695.000,60728,51777,72658
3,C2,12,C2-attributes-012,7,54896.320,52767.500,66212,51842,85051
3,C2,12,C2-attributes-012,8,53184.820,52220.000,59266,50440,75361
3,C5,16,C5-attributes-016,1,1054955.500,972322.000,1254505,873268,6108426
3,C5,16,C5-attributes-016,2,1102380.240,988117.000,1401649,891468,6913055
3,C5,16,C5-attributes-016,3,1117294.980,1000728.000,1232386,852882,10327031
3,C5,16,C5-attributes-016,4,1090874.980,1001618.000,1449302,855158,5523766
3,C5,16,C5-attributes-016,5,1053194.130,996493.500,1139196,901135,5849100
3,C5,16,C5-attributes-016,6,1075103.140,988534.500,1209397,871298,7053884
3,C5,16,C5-attributes-016,7,1058932.700,996185.000,1157816,932907,5257438
3,C5,16,C5-attributes-016,8,1102546.470,988609.500,1395791,935108,6264783
