resource_name,attribute_name,attribute_value
data/abac_benchmark/resource_0001,r_attr_01,value_00
data/abac_benchmark/resource_0002,r_attr_01,value_01
data/abac_benchmark/resource_0003,r_attr_01,value_01
data/abac_benchmark/resource_0004,r_attr_01,value_02
data/abac_benchmark/resource_0005,r_attr_01,value_03
data/abac_benchmark/resource_0006,r_attr_01,value_03
data/abac_benchmark/resource_0007,r_attr_01,value_00
data/abac_benchmark/resource_0008,r_attr_01,value_03
data/abac_benchmark/resource_0009,r_attr_01,value_01
data/abac_benchmark/resource_0010,r_attr_01,value_00
data/abac_benchmark/resource_0011,r_attr_01,value_01
data/abac_benchmark/resource_0012,r_attr_01,value_00
data/abac_benchmark/resource_0013,r_attr_01,value_01
data/abac_benchmark/resource_0014,r_attr_01,value_03
data/abac_benchmark/resource_0015,r_attr_01,value_01
data/abac_benchmark/resource_0016,r_attr_01,value_02
data/abac_benchmark/resource_0017,r_attr_01,value_02
data/abac_benchmark/resource_0018,r_attr_01,value_02
data/abac_benchmark/resource_0019,r_attr_01,value_02
data/abac_benchmark/resource_0020,r_attr_01,value_01
data/abac_benchmark/resource_0021,r_attr_01,value_02
data/abac_benchmark/resource_0022,r_attr_01,value_01
data/abac_benchmark/resource_0023,r_attr_01,value_00
data/abac_benchmark/resource_0024,r_attr_01,value_01
data/abac_benchmark/resource_0025,r_attr_01,value_03
data/abac_benchmark/resource_0026,r_attr_01,value_03
data/abac_benchmark/resource_0027,r_attr_01,value_02
data/abac_benchmark/resource_0028,r_attr_01,value_03
data/abac_benchmark/resource_0029,r_attr_01,value_01
data/abac_benchmark/resource_0030,r_attr_01,value_00
data/abac_benchmark/resource_0031,r_attr_01,value_02
data/abac_benchmark/resource_0032,r_attr_01,value_03
data/abac_benchmark/resource_0033,r_attr_01,value_03
data/abac_benchmark/resource_0034,r_attr_01,value_02
data/abac_benchmark/resource_0035,r_attr_01,value_03
data/abac_benchmark/resource_0036,r_attr_01,value_00
data/abac_benchmark/resource_0037,r_attr_01,value_03
data/abac_benchmark/resource_0038,r_attr_01,value_02
data/abac_benchmark/resource_0039,r_attr_01,value_02
data/abac_benchmark/resource_0040,r_attr_01,value_02
data/abac_benchmark/resource_0041,r_attr_01,value_02
data/abac_benchmark/resource_0042,r_attr_01,value_02
data/abac_benchmark/resource_0043,r_attr_01,value_01
data/abac_benchmark/resource_0044,r_attr_01,value_03
data/abac_benchmark/resource_0045,r_attr_01,value_02
data/abac_benchmark/resource_0046,r_attr_01,value_03
data/abac_benchmark/resource_0047,r_attr_01,value_02
data/abac_benchmark/resource_0048,r_attr_01,value_00
data/abac_benchmark/resource_0049,r_attr_01,value_02
data/abac_benchmark/resource_0050,r_attr_01,value_02
data/abac_benchmark/resource_0051,r_attr_01,value_03
data/abac_benchmark/resource_0052,r_attr_01,value_02
data/abac_benchmark/resource_0053,r_attr_01,value_00
data/abac_benchmark/resource_0054,r_attr_01,value_01
data/abac_benchmark/resource_0055,r_attr_01,value_03
data/abac_benchmark/resource_0056,r_attr_01,value_00
data/abac_benchmark/resource_0057,r_attr_01,value_00
data/abac_benchmark/resource_0058,r_attr_01,value_02
data/abac_benchmark/resource_0059,r_attr_01,value_01
data/abac_benchmark/resource_0060,r_attr_01,value_01
data/abac_benchmark/resource_0061,r_attr_01,value_01
data/abac_benchmark/resource_0062,r_attr_01,value_02
data/abac_benchmark/resource_0063,r_attr_01,value_01
data/abac_benchmark/resource_0064,r_attr_01,value_02
data/abac_benchmark/resource_0065,r_attr_01,value_01
data/abac_benchmark/resource_0066,r_attr_01,value_02
data/abac_benchmark/resource_0067,r_attr_01,value_00
data/abac_benchmark/resource_0068,r_attr_01,value_02
data/abac_benchmark/resource_0069,r_attr_01,value_02
data/abac_benchmark/resource_0070,r_attr_01,value_03
data/abac_benchmark/resource_0071,r_attr_01,value_03
data/abac_benchmark/resource_0072,r_attr_01,value_01
data/abac_benchmark/resource_0073,r_attr_01,value_00
data/abac_benchmark/resource_0074,r_attr_01,value_01
data/abac_benchmark/resource_0075,r_attr_01,value_02
data/abac_benchmark/resource_0076,r_attr_01,value_03
data/abac_benchmark/resource_0077,r_attr_01,value_03
data/abac_benchmark/resource_0078,r_attr_01,value_03
data/abac_benchmark/resource_0079,r_attr_01,value_02
data/abac_benchmark/resource_0080,r_attr_01,value_02
data/abac_benchmark/resource_0081,r_attr_01,value_03
data/abac_benchmark/resource_0082,r_attr_01,value_00
data/abac_benchmark/resource_0083,r_attr_01,value_01
data/abac_benchmark/resource_0084,r_attr_01,value_00
data/abac_benchmark/resource_0085,r_attr_01,value_03
data/abac_benchmark/resource_0086,r_attr_01,value_02
data/abac_benchmark/resource_0087,r_attr_01,value_00
data/abac_benchmark/resource_0088,r_attr_01,value_03
data/abac_benchmark/resource_0089,r_attr_01,value_00
data/abac_benchmark/resource_0090,r_attr_01,value_02
data/abac_benchmark/resource_0091,r_attr_01,value_00
data/abac_benchmark/resource_0092,r_attr_01,value_02
data/abac_benchmark/resource_0093,r_attr_01,value_01
data/abac_benchmark/resource_0094,r_attr_01,value_02
data/abac_benchmark/resource_0095,r_attr_01,value_03
data/abac_benchmark/resource_0096,r_attr_01,value_02
data/abac_benchmark/resource_0097,r_attr_01,value_00
data/abac_benchmark/resource_0098,r_attr_01,value_03
data/abac_benchmark/resource_0099,r_attr_01,value_01
data/abac_benchmark/resource_0100,r_attr_01,value_03
