profile,attributes_per_entity,point_id,measured_runs,mean_ns,median_ns,stddev_ns,min_ns,max_ns
C5,12,C5-attributes-012,8,979299.500,961572.500,71557.727,884987,1108545
C6,12,C6-attributes-012,8,1894768.000,1899543.000,28518.327,1854034,1940632
C1,4,C1-attributes-004,8,26582.625,26727.000,487.531,25671,27095
C2,2,C2-attributes-002,8,50532.250,49901.000,2361.822,48360,55915
C2,1,C2-attributes-001,8,51644.625,51793.500,2912.436,47989,55583
C2,16,C2-attributes-016,8,58662.750,58468.500,1139.897,57036,60923
C1,16,C1-attributes-016,8,31748.125,31632.000,705.040,30984,32864
C4,2,C4-attributes-002,8,317000.500,313805.500,10598.630,309083,343882
C6,4,C6-attributes-004,8,1895860.125,1882574.500,41887.944,1833044,1977399
C4,1,C4-attributes-001,8,327191.625,312962.000,26121.004,309096,372443
C1,8,C1-attributes-008,8,26883.000,26833.000,320.702,26525,27663
C4,4,C4-attributes-004,8,310171.125,309375.500,5191.980,305192,322953
C2,4,C2-attributes-004,8,46989.750,43833.000,7689.990,42989,67199
C5,4,C5-attributes-004,8,929277.375,939457.500,18833.571,901198,948682
C6,1,C6-attributes-001,8,1832033.500,1819718.500,28605.802,1801044,1891629
C6,8,C6-attributes-008,8,1878583.625,1890027.000,30470.183,1831739,1921206
C5,2,C5-attributes-002,8,897463.000,903731.000,9717.594,880999,906802
C6,2,C6-attributes-002,8,1855247.125,1856791.500,27438.601,1810636,1888978
C2,8,C2-attributes-008,8,46550.250,46387.000,685.103,45960,48180
C3,2,C3-attributes-002,8,175403.750,164607.500,21934.480,159670,221486
C5,1,C5-attributes-001,8,937353.125,919738.500,30974.829,897644,985577
C4,16,C4-attributes-016,8,337860.625,326290.000,26906.872,309947,387667
C1,12,C1-attributes-012,8,24931.625,24854.500,269.442,24673,25460
C5,8,C5-attributes-008,8,964734.500,949452.500,33878.989,934653,1027026
C3,16,C3-attributes-016,8,188307.625,178992.000,15581.340,176278,216481
C3,12,C3-attributes-012,8,954647.625,385710.000,899358.420,276777,2753626
C4,12,C4-attributes-012,8,349601.375,336327.000,20865.999,328211,383134
C3,1,C3-attributes-001,8,222479.000,220955.500,16604.055,200042,253409
C3,4,C3-attributes-004,8,175274.750,173888.000,5503.356,169461,189012
C4,8,C4-attributes-008,8,338573.250,336963.500,16926.966,316701,360467
C1,1,C1-attributes-001,8,25168.875,22169.500,5274.518,20296,33802
C3,8,C3-attributes-008,8,175332.500,172364.000,8265.812,166294,192502
C1,2,C1-attributes-002,8,23601.000,21993.500,2801.938,21396,29381
C6,16,C6-attributes-016,8,2161966.750,2143333.000,56812.267,2098867,2291414
C2,12,C2-attributes-012,8,97266.750,70265.000,72108.446,63359,287724
C5,16,C5-attributes-016,8,1571262.500,1578610.500,295403.227,1099624,1999750
