profile,attributes_per_entity,point_id,run,mean_ns,median_ns,p95_ns,min_ns,max_ns
C5,12,C5-attributes-012,1,1938527.210,1768675.500,2825231,1190711,10917827
C5,12,C5-attributes-012,2,1699152.860,1412511.500,2493864,1110992,10934975
C5,12,C5-attributes-012,3,1898761.270,1746569.000,3437313,1162717,4848841
C5,12,C5-attributes-012,4,1544124.950,1365347.500,2396560,1156612,6509541
C5,12,C5-attributes-012,5,1337317.990,1262241.000,1765684,1116578,2276483
C5,12,C5-attributes-012,6,1353325.440,1239587.000,1743693,1065599,5507835
C5,12,C5-attributes-012,7,1615277.300,1337198.000,2187789,1132587,16816913
C5,12,C5-attributes-012,8,1360677.210,1273802.500,1858976,1037244,2500987
C6,12,C6-attributes-012,1,2155884.950,2011709.500,2505721,1896430,10201606
C6,12,C6-attributes-012,2,2103401.190,1989836.000,2423795,1738956,9542578
C6,12,C6-attributes-012,3,2160031.890,1994010.500,2573776,1873397,9099569
C6,12,C6-attributes-012,4,2260276.740,1998539.000,2880393,1797696,12109803
C6,12,C6-attributes-012,5,2320687.650,2222817.000,2785436,1846846,10820890
C6,12,C6-attributes-012,6,2270491.860,2113519.500,2676108,1841281,13014373
C6,12,C6-attributes-012,7,2200883.700,2029963.500,2604353,1904021,11713600
C6,12,C6-attributes-012,8,2311317.130,2062597.500,2602029,1907163,13648982
C1,4,C1-attributes-004,1,32233.620,30065.000,44663,29278,68421
C1,4,C1-attributes-004,2,31532.550,30063.000,38956,28964,56605
C1,4,C1-attributes-004,3,32613.280,29996.000,46315,29023,121266
C1,4,C1-attributes-004,4,31848.590,30282.000,40673,29008,51223
C1,4,C1-attributes-004,5,30408.540,29682.000,33320,28963,48055
C1,4,C1-attributes-004,6,30595.070,29640.000,35635,29006,44170
C1,4,C1-attributes-004,7,30286.020,29491.500,33422,28863,49625
C1,4,C1-attributes-004,8,30203.340,29657.500,32823,29098,42992
C2,2,C2-attributes-002,1,73635.250,67472.000,110521,64404,131793
C2,2,C2-attributes-002,2,71904.260,67657.500,101492,63794,129885
C2,2,C2-attributes-002,3,67079.400,64499.500,85549,61460,106044
C2,2,C2-attributes-002,4,67539.590,62408.500,96274,61076,129199
C2,2,C2-attributes-002,5,68436.740,63749.000,94650,60914,137345
C2,2,C2-attributes-002,6,65319.970,62255.000,81324,60863,145969
C2,2,C2-attributes-002,7,67808.320,62433.000,93518,61007,109153
C2,2,C2-attributes-002,8,64997.200,61908.500,80918,60747,96869
C2,1,C2-attributes-001,1,62903.130,58623.000,82539,56953,218937
C2,1,C2-attributes-001,2,72641.610,61720.500,125247,58410,148911
C2,1,C2-attributes-001,3,63608.330,59873.000,89566,58395,107824
C2,1,C2-attributes-001,4,69239.230,62515.500,107227,58568,129667
C2,1,C2-attributes-001,5,66622.160,64004.000,87792,60641,99818
C2,1,C2-attributes-001,6,64269.300,60748.500,78431,57227,95791
C2,1,C2-attributes-001,7,59871.580,57576.000,73690,56476,110883
C2,1,C2-attributes-001,8,60265.270,58654.500,72422,56423,87475
C2,16,C2-attributes-016,1,93916.800,69936.500,177153,65902,234676
C2,16,C2-attributes-016,2,93051.350,71685.500,161725,67281,214949
C2,16,C2-attributes-016,3,70404.850,68578.500,87427,65020,103889
C2,16,C2-attributes-016,4,67170.730,65747.000,72864,64162,98784
C2,16,C2-attributes-016,5,73314.060,71414.000,85496,66157,105832
C2,16,C2-attributes-016,6,72997.100,70750.500,83624,69226,117624
C2,16,C2-attributes-016,7,70783.110,69163.500,80196,67561,103227
C2,16,C2-attributes-016,8,69910.510,68724.000,80758,66078,97767
C1,16,C1-attributes-016,1,41983.870,39733.000,44240,38678,190862
C1,16,C1-attributes-016,2,42503.360,39450.500,61883,37148,72246
C1,16,C1-attributes-016,3,46323.640,42906.500,65436,38590,86063
C1,16,C1-attributes-016,4,43999.040,40960.500,58602,39650,69037
C1,16,C1-attributes-016,5,48381.950,44852.000,71641,40965,112099
C1,16,C1-attributes-016,6,46642.890,43321.500,66158,41956,97979
C1,16,C1-attributes-016,7,41767.820,41204.500,45558,39551,60370
C1,16,C1-attributes-016,8,43146.810,39997.500,67198,38385,88238
C4,2,C4-attributes-002,1,352167.090,347432.500,391391,324116,467775
C4,2,C4-attributes-002,2,457488.230,401043.500,516018,364303,4981900
C4,2,C4-attributes-002,3,380853.410,370305.500,455626,353408,570490
C4,2,C4-attributes-002,4,391922.430,385435.500,454099,346446,599839
C4,2,C4-attributes-002,5,336000.580,334885.000,365357,316897,388754
C4,2,C4-attributes-002,6,357867.760,350331.000,396670,331389,440918
C4,2,C4-attributes-002,7,337489.720,335744.000,352194,324465,437826
C4,2,C4-attributes-002,8,342168.980,339033.000,370472,325119,406378
C6,4,C6-attributes-004,1,2201109.330,2001750.000,2661643,1862492,11460127
C6,4,C6-attributes-004,2,2213361.350,2019172.000,2940214,1848171,10067247
C6,4,C6-attributes-004,3,2169228.930,2082409.000,2543427,1885204,8392905
C6,4,C6-attributes-004,4,4332975.780,3375240.500,9513826,2228484,19536262
C6,4,C6-attributes-004,5,2402837.130,2226823.000,2890120,1963054,11211796
C6,4,C6-attributes-004,6,2072236.230,1942880.000,2529704,1863195,8234455
C6,4,C6-attributes-004,7,2561309.360,2223263.000,3835831,1900722,10125439
C6,4,C6-attributes-004,8,2677976.100,2075191.000,5486731,1903473,17293272
C4,1,C4-attributes-001,1,364315.190,349636.500,437195,334151,575680
C4,1,C4-attributes-001,2,356600.700,348703.000,397743,336069,463162
C4,1,C4-attributes-001,3,483702.180,349647.000,464696,324556,12552418
C4,1,C4-attributes-001,4,368216.830,353326.500,446934,330638,582681
C4,1,C4-attributes-001,5,359410.260,351859.000,410948,336077,420464
C4,1,C4-attributes-001,6,374131.130,354411.500,472957,338584,722439
C4,1,C4-attributes-001,7,368316.300,357729.000,418497,334825,597514
C4,1,C4-attributes-001,8,365971.670,358614.500,421149,340162,632603
C1,8,C1-attributes-008,1,25140.430,24518.500,26933,23857,39172
C1,8,C1-attributes-008,2,25568.380,24990.500,27347,24467,43745
C1,8,C1-attributes-008,3,109803.080,26033.000,32198,25087,8290270
C1,8,C1-attributes-008,4,26145.130,25371.000,31479,23898,35172
C1,8,C1-attributes-008,5,27016.580,24648.500,39550,23788,47020
C1,8,C1-attributes-008,6,25465.830,24539.000,28519,23368,48254
C1,8,C1-attributes-008,7,24308.500,23132.500,29630,22624,40460
C1,8,C1-attributes-008,8,23321.780,22875.500,25055,22515,33222
C4,4,C4-attributes-004,1,348639.020,345231.500,376365,334133,412864
C4,4,C4-attributes-004,2,346502.820,341433.500,373323,332475,413303
C4,4,C4-attributes-004,3,343078.070,338753.000,378348,326711,409120
C4,4,C4-attributes-004,4,432387.110,341673.500,401912,326163,8362321
C4,4,C4-attributes-004,5,340106.870,338459.000,356188,324326,381342
C4,4,C4-attributes-004,6,349539.070,334143.500,400116,324093,590393
C4,4,C4-attributes-004,7,342948.380,338261.500,359028,327314,428169
C4,4,C4-attributes-004,8,338104.040,333887.500,366833,324686,402128
C2,4,C2-attributes-004,1,49837.410,46997.000,72834,46217,92846
C2,4,C2-attributes-004,2,49744.340,47148.000,60996,46178,88546
C2,4,C2-attributes-004,3,48091.100,47063.000,53584,46315,60680
C2,4,C2-attributes-004,4,47878.330,46809.000,51048,46132,73637
C2,4,C2-attributes-004,5,48288.750,46895.000,55524,46347,77365
C2,4,C2-attributes-004,6,47319.790,46825.500,49670,46263,59077
C2,4,C2-attributes-004,7,47108.280,46753.000,49255,46228,56394
C2,4,C2-attributes-004,8,47417.700,46843.500,50100,46271,56482
C5,4,C5-attributes-004,1,1322488.740,1088090.000,2393878,1021573,2601175
C5,4,C5-attributes-004,2,1133832.030,1067779.500,1198477,1000068,6184814
C5,4,C5-attributes-004,3,1104171.040,1075532.500,1290529,1007218,1529002
C5,4,C5-attributes-004,4,1101921.880,1024921.000,1221711,967698,5938918
C5,4,C5-attributes-004,5,1048838.410,1016556.500,1208752,968467,1878447
C5,4,C5-attributes-004,6,1089575.220,1028112.500,1234979,976717,4405339
C5,4,C5-attributes-004,7,1121276.510,1053402.000,1410504,996154,2455731
C5,4,C5-attributes-004,8,1107856.330,1038821.500,1299985,969981,4581658
C6,1,C6-attributes-001,1,2124631.760,1996769.000,2259877,1916124,9711167
C6,1,C6-attributes-001,2,2029212.500,1935252.000,2118580,1844092,8783722
C6,1,C6-attributes-001,3,2031844.630,1937721.500,2195623,1837846,8839153
C6,1,C6-attributes-001,4,2086330.520,1968997.000,2210382,1761032,11506029
C6,1,C6-attributes-001,5,2270780.040,2062180.000,2524837,1916187,11096888
C6,1,C6-attributes-001,6,2137204.840,2008266.500,2483784,1913270,9468486
C6,1,C6-attributes-001,7,2105059.760,1991881.500,2362813,1845719,8321239
C6,1,C6-attributes-001,8,2008828.250,1926686.500,2166790,1724131,8372309
C6,8,C6-attributes-008,1,2268588.570,2176214.500,2533660,1819156,10994150
C6,8,C6-attributes-008,2,2084910.910,1981131.000,2354753,1823218,9477176
C6,8,C6-attributes-008,3,2092502.170,2008834.500,2396336,1814429,8432828
C6,8,C6-attributes-008,4,2065116.010,1921998.000,2496724,1802877,9546067
C6,8,C6-attributes-008,5,2517756.680,2451333.500,2837935,1939631,11109559
C6,8,C6-attributes-008,6,2397816.270,2271067.000,2684942,1993526,11021987
C6,8,C6-attributes-008,7,2244612.690,2186298.500,2567488,1775857,8947735
C6,8,C6-attributes-008,8,2575210.380,2386156.500,3122782,2059459,15915442
C5,2,C5-attributes-002,1,1242085.870,1056417.000,1635193,961254,9993558
C5,2,C5-attributes-002,2,973465.650,954604.000,1102918,923584,1274304
C5,2,C5-attributes-002,3,1108276.910,970288.500,1551343,881527,8210274
C5,2,C5-attributes-002,4,995880.690,975487.500,1152871,917051,1244654
C5,2,C5-attributes-002,5,1050743.630,966408.500,1105446,912943,8042660
C5,2,C5-attributes-002,6,1057202.490,963429.500,1178038,921788,7239262
C5,2,C5-attributes-002,7,997436.260,971770.000,1195967,888091,1328563
C5,2,C5-attributes-002,8,1017223.900,955793.500,1056341,907624,5308307
C6,2,C6-attributes-002,1,2031546.120,1953134.500,2230122,1847429,7184753
C6,2,C6-attributes-002,2,2053938.150,1956735.500,2229507,1747137,8530767
C6,2,C6-attributes-002,3,2063183.910,1982357.500,2178287,1886865,7311171
C6,2,C6-attributes-002,4,2078086.690,2006396.500,2282570,1872886,7307667
C6,2,C6-attributes-002,5,2046195.960,1967497.000,2180321,1864533,8465563
C6,2,C6-attributes-002,6,2100528.830,1952241.000,2177069,1874841,7930509
C6,2,C6-attributes-002,7,2057941.360,1976514.000,2196073,1864933,7824536
C6,2,C6-attributes-002,8,2040846.470,1968940.500,2168036,1846915,7555090
C2,8,C2-attributes-008,1,51060.240,50091.500,54712,48669,66258
C2,8,C2-attributes-008,2,51417.570,50451.500,58037,49104,66761
C2,8,C2-attributes-008,3,52473.210,51080.000,59652,50284,78445
C2,8,C2-attributes-008,4,51992.910,50895.000,58847,49100,74931
C2,8,C2-attributes-008,5,52206.660,51104.500,56460,50571,80495
C2,8,C2-attributes-008,6,52166.050,51018.500,58296,49452,68110
C2,8,C2-attributes-008,7,51797.240,50865.000,58135,49151,65243
C2,8,C2-attributes-008,8,110625.270,50952.500,62736,49656,5838171
C3,2,C3-attributes-002,1,178198.410,175136.500,190675,168735,234839
C3,2,C3-attributes-002,2,179223.120,175751.500,193100,170780,296285
C3,2,C3-attributes-002,3,183564.660,175147.000,205905,168483,341862
C3,2,C3-attributes-002,4,177175.900,176048.500,185649,170960,207764
C3,2,C3-attributes-002,5,179322.350,178299.500,188190,171540,196217
C3,2,C3-attributes-002,6,179555.730,178455.500,188600,172270,208163
C3,2,C3-attributes-002,7,236492.380,174368.000,250670,167510,5749803
C3,2,C3-attributes-002,8,176989.560,176580.500,185929,171046,188499
C5,1,C5-attributes-001,1,990331.150,970144.500,1091224,939827,1369593
C5,1,C5-attributes-001,2,1028020.820,983983.500,1077314,909704,4682087
C5,1,C5-attributes-001,3,1000576.480,975653.000,1174994,939595,1347805
C5,1,C5-attributes-001,4,1013171.330,973939.500,1077739,928870,3781927
C5,1,C5-attributes-001,5,1003256.560,978914.000,1112772,946573,1314004
C5,1,C5-attributes-001,6,1016202.830,973079.000,1098157,928824,3839916
C5,1,C5-attributes-001,7,999774.220,969914.500,1179884,937425,1287676
C5,1,C5-attributes-001,8,1063543.910,992494.000,1211805,917378,4753014
C4,16,C4-attributes-016,1,347390.700,344986.500,362285,335519,376770
C4,16,C4-attributes-016,2,351394.820,344607.000,368401,336050,633211
C4,16,C4-attributes-016,3,418852.550,342230.000,371396,328791,7531693
C4,16,C4-attributes-016,4,351840.090,345996.500,366322,334350,567766
C4,16,C4-attributes-016,5,349628.440,345630.000,366754,329202,512808
C4,16,C4-attributes-016,6,351257.620,343725.500,390047,335078,485760
C4,16,C4-attributes-016,7,353823.870,349167.500,375333,335484,625612
C4,16,C4-attributes-016,8,413082.450,338568.500,364133,317468,7603120
C1,12,C1-attributes-012,1,27298.770,26844.500,29932,26213,33410
C1,12,C1-attributes-012,2,27710.660,26900.500,30691,26410,43814
C1,12,C1-attributes-012,3,27124.620,26771.500,28995,26301,35020
C1,12,C1-attributes-012,4,27341.190,26915.000,28855,26261,49705
C1,12,C1-attributes-012,5,25446.370,24933.500,28057,24500,33368
C1,12,C1-attributes-012,6,26870.080,26512.000,29232,24467,56148
C1,12,C1-attributes-012,7,25307.400,24801.000,27340,24444,30603
C1,12,C1-attributes-012,8,25273.080,24813.000,27109,24420,32823
C5,8,C5-attributes-008,1,1127806.870,1050123.500,1269366,926760,7246284
C5,8,C5-attributes-008,2,1024103.400,1010630.500,1192649,928487,1328136
C5,8,C5-attributes-008,3,1113053.720,1014034.000,1312366,929120,7487650
C5,8,C5-attributes-008,4,1054178.460,995221.500,1060128,869881,7293177
C5,8,C5-attributes-008,5,1156433.230,1088927.000,1502865,897294,2136264
C5,8,C5-attributes-008,6,1178062.030,1071759.500,1255609,948929,7644856
C5,8,C5-attributes-008,7,1132590.440,1037635.500,1195426,961536,9090835
C5,8,C5-attributes-008,8,1086382.180,1056806.500,1429286,908606,1749733
C3,16,C3-attributes-016,1,209738.300,207386.000,228653,193504,257972
C3,16,C3-attributes-016,2,193217.740,191383.000,212292,178571,246162
C3,16,C3-attributes-016,3,191668.710,188051.000,213919,179994,257059
C3,16,C3-attributes-016,4,194905.650,193799.000,206541,185079,222046
C3,16,C3-attributes-016,5,189004.520,185489.000,204297,179598,265601
C3,16,C3-attributes-016,6,285697.010,216732.500,252996,185254,7099530
C3,16,C3-attributes-016,7,200388.080,195681.500,229335,183228,273471
C3,16,C3-attributes-016,8,188073.530,183841.500,219570,175653,251160
C3,12,C3-attributes-012,1,202599.420,197743.000,223996,184018,354464
C3,12,C3-attributes-012,2,195147.440,189998.000,223367,181780,246112
C3,12,C3-attributes-012,3,188826.510,183068.000,218161,172898,321228
C3,12,C3-attributes-012,4,183890.060,178845.500,208683,173003,309996
C3,12,C3-attributes-012,5,188824.910,184350.000,219646,172802,320131
C3,12,C3-attributes-012,6,196982.150,185534.000,233716,177832,454576
C3,12,C3-attributes-012,7,192715.610,184928.000,219113,176688,449311
C3,12,C3-attributes-012,8,287255.180,199650.000,271940,184087,7369838
C4,12,C4-attributes-012,1,344237.870,334242.000,395811,307202,611890
C4,12,C4-attributes-012,2,362292.940,355703.500,400131,325211,643366
C4,12,C4-attributes-012,3,367629.610,361574.000,387021,334678,609441
C4,12,C4-attributes-012,4,429749.300,358067.500,530537,325084,5328173
C4,12,C4-attributes-012,5,342610.330,339441.500,362629,323023,414870
C4,12,C4-attributes-012,6,343806.300,339817.000,366254,321306,432518
C4,12,C4-attributes-012,7,355292.800,352545.000,386210,326045,457822
C4,12,C4-attributes-012,8,424722.370,368033.000,425494,333321,5450867
C3,1,C3-attributes-001,1,177961.430,173604.500,203591,166766,253827
C3,1,C3-attributes-001,2,178466.420,174423.000,196555,168847,232799
C3,1,C3-attributes-001,3,176141.490,171348.500,192249,166196,347241
C3,1,C3-attributes-001,4,215171.710,187681.500,386149,167053,664423
C3,1,C3-attributes-001,5,174557.810,170997.000,198227,163906,216978
C3,1,C3-attributes-001,6,170528.260,167154.000,193978,152760,238006
C3,1,C3-attributes-001,7,173299.590,171661.000,187696,158913,244892
C3,1,C3-attributes-001,8,175300.760,172260.500,190401,167543,240943
C3,4,C3-attributes-004,1,179046.310,178199.000,186257,170790,199026
C3,4,C3-attributes-004,2,176322.000,176078.500,183662,170788,190239
C3,4,C3-attributes-004,3,177099.120,176301.000,185385,170102,191705
C3,4,C3-attributes-004,4,179808.360,178007.500,193671,171059,214733
C3,4,C3-attributes-004,5,176717.160,176136.000,186174,170735,196546
C3,4,C3-attributes-004,6,180006.080,177868.000,197769,170844,209536
C3,4,C3-attributes-004,7,226845.620,174854.500,190593,168388,5044532
C3,4,C3-attributes-004,8,181927.720,176677.000,202951,170876,273628
C4,8,C4-attributes-008,1,332681.230,327390.500,366072,302425,433192
C4,8,C4-attributes-008,2,338507.160,335251.000,359472,319784,497287
C4,8,C4-attributes-008,3,346003.520,338612.000,408752,317727,466772
C4,8,C4-attributes-008,4,393145.620,329378.500,383070,300896,6194926
C4,8,C4-attributes-008,5,335281.890,333426.000,365769,313272,382963
C4,8,C4-attributes-008,6,350471.420,344881.500,393846,327375,448883
C4,8,C4-attributes-008,7,387192.190,341265.000,395952,318433,4491626
C4,8,C4-attributes-008,8,351558.870,348208.500,376161,328351,421111
C1,1,C1-attributes-001,1,18854.150,18671.000,20585,17414,38356
C1,1,C1-attributes-001,2,18428.200,18094.500,20004,17458,26433
C1,1,C1-attributes-001,3,19378.490,18655.500,24650,17457,32789
C1,1,C1-attributes-001,4,19794.290,19123.000,24810,17473,31914
C1,1,C1-attributes-001,5,19388.050,18979.000,20644,18600,29018
C1,1,C1-attributes-001,6,21497.520,19182.500,29912,18610,39705
C1,1,C1-attributes-001,7,21637.130,20246.500,26564,18678,37643
C1,1,C1-attributes-001,8,22941.720,19255.500,22095,18652,348932
C3,8,C3-attributes-008,1,440950.490,429885.500,510992,378246,988396
C3,8,C3-attributes-008,2,248538.680,199525.500,393119,174437,408926
C3,8,C3-attributes-008,3,186097.100,183574.500,203707,175696,222210
C3,8,C3-attributes-008,4,187716.030,183613.000,198147,174019,334800
C3,8,C3-attributes-008,5,196055.160,186691.500,236796,180433,308564
C3,8,C3-attributes-008,6,194286.400,190676.000,214361,179750,316253
C3,8,C3-attributes-008,7,190960.820,188464.500,208251,179017,232353
C3,8,C3-attributes-008,8,248772.140,187528.000,231395,176123,5609620
C1,2,C1-attributes-002,1,21111.260,19518.500,33640,18014,50478
C1,2,C1-attributes-002,2,21641.180,19497.000,33921,17923,73542
C1,2,C1-attributes-002,3,20507.420,19643.500,24136,19370,38088
C1,2,C1-attributes-002,4,20714.750,19594.500,27075,19359,41751
C1,2,C1-attributes-002,5,19887.370,19532.500,21212,19322,36390
C1,2,C1-attributes-002,6,19655.720,19523.500,20185,19305,22736
C1,2,C1-attributes-002,7,19905.140,19628.500,22016,19259,26851
C1,2,C1-attributes-002,8,19294.410,19448.500,20650,18012,32182
C6,16,C6-attributes-016,1,2302829.690,2036692.500,3329998,1866899,10996368
C6,16,C6-attributes-016,2,2332338.010,1964413.500,3576557,1827001,4602785
C6,16,C6-attributes-016,3,2038191.140,1964954.500,2200911,1752066,7669588
C6,16,C6-attributes-016,4,2100631.000,2025577.000,2423731,1871458,5530176
C6,16,C6-attributes-016,5,2026518.180,1986831.500,2263679,1753341,3761519
C6,16,C6-attributes-016,6,2044127.570,1990974.000,2296999,1880585,3997535
C6,16,C6-attributes-016,7,2023358.990,1962821.500,2309770,1846005,3018591
C6,16,C6-attributes-016,8,2000985.380,1968839.500,2161157,1850769,2804355
C2,12,C2-attributes-012,1,56988.390,56209.500,60483,55143,71404
C2,12,C2-attributes-012,2,57468.290,56114.000,63514,54344,67191
C2,12,C2-attributes-012,3,57369.810,56022.000,63306,55089,68420
C2,12,C2-attributes-012,4,57167.540,55964.500,63415,55070,79148
C2,12,C2-attributes-012,5,58389.130,57319.500,64887,55187,71656
C2,12,C2-attributes-012,6,59476.000,57667.000,66174,56538,90112
C2,12,C2-attributes-012,7,59739.240,58931.000,65564,57392,69935
C2,12,C2-attributes-012,8,58316.240,58047.500,61731,56556,67575
C5,16,C5-attributes-016,1,1026815.530,976680.000,1138186,875256,3364322
C5,16,C5-attributes-016,2,1083469.520,978493.500,1095552,903772,7814148
C5,16,C5-attributes-016,3,1072724.390,1016016.500,1209926,901931,3256209
C5,16,C5-attributes-016,4,1063325.170,1014106.000,1136257,957671,3015237
C5,16,C5-attributes-016,5,1078314.460,1022570.500,1172717,979901,2982248
C5,16,C5-attributes-016,6,1062055.530,1024775.000,1196558,976413,2388210
C5,16,C5-attributes-016,7,1011396.490,991895.500,1089318,873991,2008019
C5,16,C5-attributes-016,8,1074372.160,975876.500,1098351,893762,9638292
