profile,values_per_attribute,point_id,configuration_json,users_csv,resources_csv,user_attributes_csv,resource_attributes_csv,environment_attributes_csv,abac_rules_csv,rule_conditions_csv
C1,2,C1-values-002,config-001/values-002/configuration.json,../config-001/users.csv,../config-001/resources.csv,config-001/values-002/user_attributes.csv,config-001/values-002/resource_attributes.csv,config-001/values-002/environment_attributes.csv,config-001/values-002/abac_rules.csv,config-001/values-002/rule_conditions.csv
C1,4,C1-values-004,config-001/values-004/configuration.json,../config-001/users.csv,../config-001/resources.csv,config-001/values-004/user_attributes.csv,config-001/values-004/resource_attributes.csv,config-001/values-004/environment_attributes.csv,config-001/values-004/abac_rules.csv,config-001/values-004/rule_conditions.csv
C1,8,C1-values-008,config-001/values-008/configuration.json,../config-001/users.csv,../config-001/resources.csv,config-001/values-008/user_attributes.csv,config-001/values-008/resource_attributes.csv,config-001/values-008/environment_attributes.csv,config-001/values-008/abac_rules.csv,config-001/values-008/rule_conditions.csv
C1,16,C1-values-016,config-001/values-016/configuration.json,../config-001/users.csv,../config-001/resources.csv,config-001/values-016/user_attributes.csv,config-001/values-016/resource_attributes.csv,config-001/values-016/environment_attributes.csv,config-001/values-016/abac_rules.csv,config-001/values-016/rule_conditions.csv
C1,32,C1-values-032,config-001/values-032/configuration.json,../config-001/users.csv,../config-001/resources.csv,config-001/values-032/user_attributes.csv,config-001/values-032/resource_attributes.csv,config-001/values-032/environment_attributes.csv,config-001/values-032/abac_rules.csv,config-001/values-032/rule_conditions.csv
C1,64,C1-values-064,config-001/values-064/configuration.json,../config-001/users.csv,../config-001/resources.csv,config-001/values-064/user_attributes.csv,config-001/values-064/resource_attributes.csv,config-001/values-064/environment_attributes.csv,config-001/values-064/abac_rules.csv,config-001/values-064/rule_conditions.csv
C2,2,C2-values-002,config-002/values-002/configuration.json,../config-002/users.csv,../config-002/resources.csv,config-002/values-002/user_attributes.csv,config-002/values-002/resource_attributes.csv,config-002/values-002/environment_attributes.csv,config-002/values-002/abac_rules.csv,config-002/values-002/rule_conditions.csv
C2,4,C2-values-004,config-002/values-004/configuration.json,../config-002/users.csv,../config-002/resources.csv,config-002/values-004/user_attributes.csv,config-002/values-004/resource_attributes.csv,config-002/values-004/environment_attributes.csv,config-002/values-004/abac_rules.csv,config-002/values-004/rule_conditions.csv
C2,8,C2-values-008,config-002/values-008/configuration.json,../config-002/users.csv,../config-002/resources.csv,config-002/values-008/user_attributes.csv,config-002/values-008/resource_attributes.csv,config-002/values-008/environment_attributes.csv,config-002/values-008/abac_rules.csv,config-002/values-008/rule_conditions.csv
C2,16,C2-values-016,config-002/values-016/configuration.json,../config-002/users.csv,../config-002/resources.csv,config-002/values-016/user_attributes.csv,config-002/values-016/resource_attributes.csv,config-002/values-016/environment_attributes.csv,config-002/values-016/abac_rules.csv,config-002/values-016/rule_conditions.csv
C2,32,C2-values-032,config-002/values-032/configuration.json,../config-002/users.csv,../config-002/resources.csv,config-002/values-032/user_attributes.csv,config-002/values-032/resource_attributes.csv,config-002/values-032/environment_attributes.csv,config-002/values-032/abac_rules.csv,config-002/values-032/rule_conditions.csv
C2,64,C2-values-064,config-002/values-064/configuration.json,../config-002/users.csv,../config-002/resources.csv,config-002/values-064/user_attributes.csv,config-002/values-064/resource_attributes.csv,config-002/values-064/environment_attributes.csv,config-002/values-064/abac_rules.csv,config-002/values-064/rule_conditions.csv
C3,2,C3-values-002,config-003/values-002/configuration.json,../config-003/users.csv,../config-003/resources.csv,config-003/values-002/user_attributes.csv,config-003/values-002/resource_attributes.csv,config-003/values-002/environment_attributes.csv,config-003/values-002/abac_rules.csv,config-003/values-002/rule_conditions.csv
C3,4,C3-values-004,config-003/values-004/configuration.json,../config-003/users.csv,../config-003/resources.csv,config-003/values-004/user_attributes.csv,config-003/values-004/resource_attributes.csv,config-003/values-004/environment_attributes.csv,config-003/values-004/abac_rules.csv,config-003/values-004/rule_conditions.csv
C3,8,C3-values-008,config-003/values-008/configuration.json,../config-003/users.csv,../config-003/resources.csv,config-003/values-008/user_attributes.csv,config-003/values-008/resource_attributes.csv,config-003/values-008/environment_attributes.csv,config-003/values-008/abac_rules.csv,config-003/values-008/rule_conditions.csv
C3,16,C3-values-016,config-003/values-016/configuration.json,../config-003/users.csv,../config-003/resources.csv,config-003/values-016/user_attributes.csv,config-003/values-016/resource_attributes.csv,config-003/values-016/environment_attributes.csv,config-003/values-016/abac_rules.csv,config-003/values-016/rule_conditions.csv
C3,32,C3-values-032,config-003/values-032/configuration.json,../config-003/users.csv,../config-003/resources.csv,config-003/values-032/user_attributes.csv,config-003/values-032/resource_attributes.csv,config-003/values-032/environment_attributes.csv,config-003/values-032/abac_rules.csv,config-003/values-032/rule_conditions.csv
C3,64,C3-values-064,config-003/values-064/configuration.json,../config-003/users.csv,../config-003/resources.csv,config-003/values-064/user_attributes.csv,config-003/values-064/resource_attributes.csv,config-003/values-064/environment_attributes.csv,config-003/values-064/abac_rules.csv,config-003/values-064/rule_conditions.csv
C4,2,C4-values-002,config-004/values-002/configuration.json,../config-004/users.csv,../config-004/resources.csv,config-004/values-002/user_attributes.csv,config-004/values-002/resource_attributes.csv,config-004/values-002/environment_attributes.csv,config-004/values-002/abac_rules.csv,config-004/values-002/rule_conditions.csv
C4,4,C4-values-004,config-004/values-004/configuration.json,../config-004/users.csv,../config-004/resources.csv,config-004/values-004/user_attributes.csv,config-004/values-004/resource_attributes.csv,config-004/values-004/environment_attributes.csv,config-004/values-004/abac_rules.csv,config-004/values-004/rule_conditions.csv
C4,8,C4-values-008,config-004/values-008/configuration.json,../config-004/users.csv,../config-004/resources.csv,config-004/values-008/user_attributes.csv,config-004/values-008/resource_attributes.csv,config-004/values-008/environment_attributes.csv,config-004/values-008/abac_rules.csv,config-004/values-008/rule_conditions.csv
C4,16,C4-values-016,config-004/values-016/configuration.json,../config-004/users.csv,../config-004/resources.csv,config-004/values-016/user_attributes.csv,config-004/values-016/resource_attributes.csv,config-004/values-016/environment_attributes.csv,config-004/values-016/abac_rules.csv,config-004/values-016/rule_conditions.csv
C4,32,C4-values-032,config-004/values-032/configuration.json,../config-004/users.csv,../config-004/resources.csv,config-004/values-032/user_attributes.csv,config-004/values-032/resource_attributes.csv,config-004/values-032/environment_attributes.csv,config-004/values-032/abac_rules.csv,config-004/values-032/rule_conditions.csv
C4,64,C4-values-064,config-004/values-064/configuration.json,../config-004/users.csv,../config-004/resources.csv,config-004/values-064/user_attributes.csv,config-004/values-064/resource_attributes.csv,config-004/values-064/environment_attributes.csv,config-004/values-064/abac_rules.csv,config-004/values-064/rule_conditions.csv
C5,2,C5-values-002,config-005/values-002/configuration.json,../config-005/users.csv,../config-005/resources.csv,config-005/values-002/user_attributes.csv,config-005/values-002/resource_attributes.csv,config-005/values-002/environment_attributes.csv,config-005/values-002/abac_rules.csv,config-005/values-002/rule_conditions.csv
C5,4,C5-values-004,config-005/values-004/configuration.json,../config-005/users.csv,../config-005/resources.csv,config-005/values-004/user_attributes.csv,config-005/values-004/resource_attributes.csv,config-005/values-004/environment_attributes.csv,config-005/values-004/abac_rules.csv,config-005/values-004/rule_conditions.csv
C5,8,C5-values-008,config-005/values-008/configuration.json,../config-005/users.csv,../config-005/resources.csv,config-005/values-008/user_attributes.csv,config-005/values-008/resource_attributes.csv,config-005/values-008/environment_attributes.csv,config-005/values-008/abac_rules.csv,config-005/values-008/rule_conditions.csv
C5,16,C5-values-016,config-005/values-016/configuration.json,../config-005/users.csv,../config-005/resources.csv,config-005/values-016/user_attributes.csv,config-005/values-016/resource_attributes.csv,config-005/values-016/environment_attributes.csv,config-005/values-016/abac_rules.csv,config-005/values-016/rule_conditions.csv
C5,32,C5-values-032,config-005/values-032/configuration.json,../config-005/users.csv,../config-005/resources.csv,config-005/values-032/user_attributes.csv,config-005/values-032/resource_attributes.csv,config-005/values-032/environment_attributes.csv,config-005/values-032/abac_rules.csv,config-005/values-032/rule_conditions.csv
C5,64,C5-values-064,config-005/values-064/configuration.json,../config-005/users.csv,../config-005/resources.csv,config-005/values-064/user_attributes.csv,config-005/values-064/resource_attributes.csv,config-005/values-064/environment_attributes.csv,config-005/values-064/abac_rules.csv,config-005/values-064/rule_conditions.csv
C6,2,C6-values-002,config-006/values-002/configuration.json,../config-006/users.csv,../config-006/resources.csv,config-006/values-002/user_attributes.csv,config-006/values-002/resource_attributes.csv,config-006/values-002/environment_attributes.csv,config-006/values-002/abac_rules.csv,config-006/values-002/rule_conditions.csv
C6,4,C6-values-004,config-006/values-004/configuration.json,../config-006/users.csv,../config-006/resources.csv,config-006/values-004/user_attributes.csv,config-006/values-004/resource_attributes.csv,config-006/values-004/environment_attributes.csv,config-006/values-004/abac_rules.csv,config-006/values-004/rule_conditions.csv
C6,8,C6-values-008,config-006/values-008/configuration.json,../config-006/users.csv,../config-006/resources.csv,config-006/values-008/user_attributes.csv,config-006/values-008/resource_attributes.csv,config-006/values-008/environment_attributes.csv,config-006/values-008/abac_rules.csv,config-006/values-008/rule_conditions.csv
C6,16,C6-values-016,config-006/values-016/configuration.json,../config-006/users.csv,../config-006/resources.csv,config-006/values-016/user_attributes.csv,config-006/values-016/resource_attributes.csv,config-006/values-016/environment_attributes.csv,config-006/values-016/abac_rules.csv,config-006/values-016/rule_conditions.csv
C6,32,C6-values-032,config-006/values-032/configuration.json,../config-006/users.csv,../config-006/resources.csv,config-006/values-032/user_attributes.csv,config-006/values-032/resource_attributes.csv,config-006/values-032/environment_attributes.csv,config-006/values-032/abac_rules.csv,config-006/values-032/rule_conditions.csv
C6,64,C6-values-064,config-006/values-064/configuration.json,../config-006/users.csv,../config-006/resources.csv,config-006/values-064/user_attributes.csv,config-006/values-064/resource_attributes.csv,config-006/values-064/environment_attributes.csv,config-006/values-064/abac_rules.csv,config-006/values-064/rule_conditions.csv
