profile,environment_conditions_per_rule,point_id,measured_runs,mean_ns,median_ns,stddev_ns,min_ns,max_ns
C5,5,C5-environment-05,8,1531971.250,1520323.500,102824.721,1403707,1686003
C6,5,C6-environment-05,8,3274776.875,3265899.500,62760.405,3190597,3393095
C4,2,C4-environment-02,8,445590.875,422018.500,74748.544,400069,639975
C3,3,C3-environment-03,8,201549.000,200632.500,4001.419,196658,211370
C5,2,C5-environment-02,8,1166266.375,1165295.500,40786.860,1110898,1214485
C5,1,C5-environment-01,8,1098668.750,1104080.000,37479.288,1048295,1148368
C4,3,C4-environment-03,8,429725.375,419922.500,24994.668,415750,495145
C5,4,C5-environment-04,8,1291752.000,1285082.500,27796.244,1265115,1349512
C6,1,C6-environment-01,8,2626399.500,2624780.500,8971.139,2614168,2644379
C5,3,C5-environment-03,8,1217764.250,1217295.000,19537.922,1195961,1240084
C2,1,C2-environment-01,8,40373.000,40288.500,473.970,39683,41130
C1,1,C1-environment-01,8,27810.125,25756.000,3778.696,24623,35326
C3,1,C3-environment-01,8,162451.375,161115.000,6118.317,152080,172851
C6,3,C6-environment-03,8,2778289.750,2781010.000,21790.420,2746133,2811583
C2,2,C2-environment-02,8,47673.625,43934.500,8899.486,42717,70770
C6,4,C6-environment-04,8,2980891.625,2945162.000,82372.295,2921976,3186046
C4,1,C4-environment-01,8,362365.375,359752.500,7730.808,356824,382585
C1,2,C1-environment-02,8,18785.250,18420.500,947.596,17904,20570
C6,2,C6-environment-02,8,2652993.250,2649415.000,23579.595,2612370,2688001
C3,2,C3-environment-02,8,169255.500,167062.000,5652.172,165240,183432
