profile,environment_conditions_per_rule,point_id,run,mean_ns,median_ns,p95_ns,min_ns,max_ns
C5,5,C5-environment-05,1,1663762.610,1564347.000,1868693,1375950,9124023
C5,5,C5-environment-05,2,1686002.890,1551843.500,2055638,1311551,9782830
C5,5,C5-environment-05,3,1590305.300,1491097.000,2025031,1283446,7531913
C5,5,C5-environment-05,4,1471329.880,1373222.000,1642478,1274411,7809583
C5,5,C5-environment-05,5,1438414.410,1321713.500,1574784,1263728,9411068
C5,5,C5-environment-05,6,1569317.140,1312436.000,2314870,1247008,8479121
C5,5,C5-environment-05,7,1432930.710,1302985.000,2303448,1250852,2582159
C5,5,C5-environment-05,8,1403707.400,1303595.500,1639648,1257773,7136409
C6,5,C6-environment-05,1,3264999.650,3116736.000,3516000,2992522,12921783
C6,5,C6-environment-05,2,3301562.240,3093905.000,3325300,2985036,12490801
C6,5,C6-environment-05,3,3235456.040,3095792.000,3545990,2979770,11492445
C6,5,C6-environment-05,4,3209626.260,3102038.000,3388326,2973435,11430508
C6,5,C6-environment-05,5,3266798.920,3132744.000,3590178,2950954,11356152
C6,5,C6-environment-05,6,3336080.070,3136403.500,3477904,2985670,11621268
C6,5,C6-environment-05,7,3393094.910,3282703.000,3584621,3041492,13199071
C6,5,C6-environment-05,8,3190596.720,3089478.000,3310724,2967167,11443568
C4,2,C4-environment-02,1,407726.550,399908.500,442147,386348,551637
C4,2,C4-environment-02,2,422313.670,407515.000,493891,390091,723516
C4,2,C4-environment-02,3,403724.280,397094.000,428368,387110,454318
C4,2,C4-environment-02,4,639974.510,418460.000,911973,387377,10345703
C4,2,C4-environment-02,5,421896.130,420187.000,461211,384168,485551
C4,2,C4-environment-02,6,446880.600,435472.000,560695,388114,854444
C4,2,C4-environment-02,7,422140.610,413666.000,465417,383542,543694
C4,2,C4-environment-02,8,400068.610,397323.000,426585,380482,459494
C3,3,C3-environment-03,1,200573.430,200263.000,223666,185674,243233
C3,3,C3-environment-03,2,196657.550,192466.500,226804,185201,233228
C3,3,C3-environment-03,3,199834.640,197847.000,222518,184911,252472
C3,3,C3-environment-03,4,201707.660,198100.000,235315,185690,274059
C3,3,C3-environment-03,5,200691.670,197732.000,218028,184872,243799
C3,3,C3-environment-03,6,201747.440,197395.000,228926,188566,259638
C3,3,C3-environment-03,7,211369.940,202554.500,253061,194270,273600
C3,3,C3-environment-03,8,199809.220,198352.000,232164,184764,249214
C5,2,C5-environment-02,1,1214485.350,1130532.000,1188828,1087724,9071208
C5,2,C5-environment-02,2,1143974.890,1139682.000,1207263,1092583,1276516
C5,2,C5-environment-02,3,1208670.740,1121118.500,1321435,1068496,7685559
C5,2,C5-environment-02,4,1119743.560,1095250.500,1222389,1070767,1368003
C5,2,C5-environment-02,5,1186615.820,1106636.000,1248626,1071221,7653735
C5,2,C5-environment-02,6,1134418.890,1126518.500,1186413,1077232,1271893
C5,2,C5-environment-02,7,1211322.510,1135568.500,1210874,1083806,7648555
C5,2,C5-environment-02,8,1110898.230,1104402.500,1152421,1066796,1283423
C5,1,C5-environment-01,1,1128712.790,1054139.500,1155515,1007303,7598180
C5,1,C5-environment-01,2,1062418.480,1055143.000,1152676,1005774,1233991
C5,1,C5-environment-01,3,1135473.700,1052290.000,1148764,1009789,8261124
C5,1,C5-environment-01,4,1057922.110,1053597.000,1109851,1010797,1178657
C5,1,C5-environment-01,5,1082403.290,1080347.000,1143638,1014493,1270275
C5,1,C5-environment-01,6,1148368.180,1070690.000,1165109,1013903,8127788
C5,1,C5-environment-01,7,1048294.970,1042379.500,1095061,1001702,1156928
C5,1,C5-environment-01,8,1125757.070,1044562.000,1122162,1006860,8512652
C4,3,C4-environment-03,1,422903.400,419557.000,446096,404416,489093
C4,3,C4-environment-03,2,420805.940,415799.500,454260,402958,481389
C4,3,C4-environment-03,3,495144.750,413606.500,465942,402982,7718078
C4,3,C4-environment-03,4,415750.230,411239.000,443389,398568,484311
C4,3,C4-environment-03,5,428406.670,425193.500,473572,401569,542144
C4,3,C4-environment-03,6,417892.710,413407.000,442132,400645,488520
C4,3,C4-environment-03,7,417860.000,412603.000,443369,402265,506210
C4,3,C4-environment-03,8,419038.960,414595.500,445365,401406,515857
C5,4,C5-environment-04,1,1265557.230,1260027.000,1342699,1204537,1412220
C5,4,C5-environment-04,2,1349512.140,1268988.000,1417980,1207808,7631323
C5,4,C5-environment-04,3,1269794.950,1263576.000,1329490,1203691,1380925
C5,4,C5-environment-04,4,1306397.660,1250801.000,1347983,1200155,5872748
C5,4,C5-environment-04,5,1270654.380,1267364.000,1343813,1203098,1371160
C5,4,C5-environment-04,6,1307473.830,1259325.500,1350919,1206005,5071561
C5,4,C5-environment-04,7,1299510.530,1262166.500,1343165,1207138,4262910
C5,4,C5-environment-04,8,1265115.290,1259993.000,1325818,1205625,1362332
C6,1,C6-environment-01,1,2635049.800,2548009.000,2801068,2438320,9233331
C6,1,C6-environment-01,2,2623556.750,2544089.500,2726015,2431584,8024719
C6,1,C6-environment-01,3,2644378.570,2532855.500,2731718,2433057,7919127
C6,1,C6-environment-01,4,2626003.520,2549512.000,2668563,2437751,8886491
C6,1,C6-environment-01,5,2614167.510,2548286.000,2717994,2434865,8110048
C6,1,C6-environment-01,6,2620974.590,2565562.000,2687344,2414043,7652208
C6,1,C6-environment-01,7,2628116.140,2564398.000,2741909,2432000,7628581
C6,1,C6-environment-01,8,2618947.460,2554496.000,2740959,2411676,7704030
C5,3,C5-environment-03,1,1195960.860,1193222.500,1240161,1152913,1245080
C5,3,C5-environment-03,2,1240083.500,1202406.000,1283011,1152936,4184089
C5,3,C5-environment-03,3,1201981.370,1199534.000,1245866,1150743,1332731
C5,3,C5-environment-03,4,1239167.260,1196936.000,1263629,1133290,5256237
C5,3,C5-environment-03,5,1199281.690,1194438.500,1259150,1154053,1324858
C5,3,C5-environment-03,6,1236614.840,1203821.500,1248736,1156722,4430121
C5,3,C5-environment-03,7,1196414.720,1194204.000,1241746,1154326,1270998
C5,3,C5-environment-03,8,1232608.910,1182896.000,1269485,1131548,5068898
C2,1,C2-environment-01,1,40247.640,39555.000,43723,38955,53403
C2,1,C2-environment-01,2,40153.090,39381.000,42885,38599,54951
C2,1,C2-environment-01,3,40950.570,39529.500,44598,38787,75795
C2,1,C2-environment-01,4,40329.360,39382.000,42679,38565,54385
C2,1,C2-environment-01,5,41130.460,39510.500,48257,38751,63193
C2,1,C2-environment-01,6,39682.810,39229.000,42049,38706,51580
C2,1,C2-environment-01,7,40641.560,39460.000,44440,38741,60938
C2,1,C2-environment-01,8,39847.870,39343.000,42207,38683,53568
C1,1,C1-environment-01,1,35326.010,31972.500,39331,28730,281885
C1,1,C1-environment-01,2,32144.640,29507.000,37541,27376,138979
C1,1,C1-environment-01,3,29238.540,27928.000,40102,25122,52408
C1,1,C1-environment-01,4,26204.850,24602.500,32533,23039,92212
C1,1,C1-environment-01,5,24788.550,23726.500,29866,22738,39223
C1,1,C1-environment-01,6,24622.510,23188.500,28949,22574,64885
C1,1,C1-environment-01,7,24847.010,23503.000,28630,22476,66293
C1,1,C1-environment-01,8,25307.060,23629.500,32050,22132,64295
C3,1,C3-environment-01,1,159869.890,155051.500,183232,150141,202108
C3,1,C3-environment-01,2,170269.840,164918.500,201209,150125,260448
C3,1,C3-environment-01,3,159275.510,154712.500,179692,150692,230453
C3,1,C3-environment-01,4,163033.920,162921.500,180362,150325,237998
C3,1,C3-environment-01,5,162105.600,157668.500,180307,150180,228813
C3,1,C3-environment-01,6,160123.870,154450.000,182577,145784,392595
C3,1,C3-environment-01,7,152080.480,148404.500,168409,145041,186435
C3,1,C3-environment-01,8,172851.030,149264.500,172765,145247,2058135
C6,3,C6-environment-03,1,2795762.280,2704273.500,3018502,2560401,8088397
C6,3,C6-environment-03,2,2796880.980,2698190.000,2940198,2567352,8493716
C6,3,C6-environment-03,3,2776257.910,2704878.500,2919528,2578315,9074734
C6,3,C6-environment-03,4,2811582.750,2687728.000,2882219,2566667,8754106
C6,3,C6-environment-03,5,2746133.350,2683511.000,2809494,2581371,8021987
C6,3,C6-environment-03,6,2761218.090,2690124.000,2889847,2596881,7997281
C6,3,C6-environment-03,7,2752720.930,2680886.000,2811613,2586769,8037888
C6,3,C6-environment-03,8,2785761.890,2712213.500,2878996,2600699,8802625
C2,2,C2-environment-02,1,48172.220,44699.500,58683,43563,128640
C2,2,C2-environment-02,2,45840.350,44924.500,50658,43587,62637
C2,2,C2-environment-02,3,70770.280,44874.500,58765,43433,2390369
C2,2,C2-environment-02,4,44436.590,43919.000,50341,40721,65971
C2,2,C2-environment-02,5,43130.780,41533.000,48687,40668,84530
C2,2,C2-environment-02,6,42890.250,42066.000,46597,40619,54129
C2,2,C2-environment-02,7,42716.930,41415.500,47823,40668,62033
C2,2,C2-environment-02,8,43431.890,41664.500,50623,40493,61285
C6,4,C6-environment-04,1,3186046.080,2909680.500,3699745,2736785,9235217
C6,4,C6-environment-04,2,3006157.670,2887420.000,3049031,2756781,8463346
C6,4,C6-environment-04,3,2953215.180,2867918.500,3048102,2748813,9645740
C6,4,C6-environment-04,4,2937108.650,2858021.000,3083355,2731904,8384101
C6,4,C6-environment-04,5,2932130.500,2866178.500,3004925,2772915,8593440
C6,4,C6-environment-04,6,2984474.290,2861787.500,3080547,2742247,8308441
C6,4,C6-environment-04,7,2921975.950,2857658.000,3045043,2731558,8269278
C6,4,C6-environment-04,8,2926023.720,2849260.500,3084927,2750095,7993256
C4,1,C4-environment-01,1,359338.150,355556.000,378978,344726,415496
C4,1,C4-environment-01,2,359857.730,355929.000,382109,344789,394651
C4,1,C4-environment-01,3,361331.030,359520.500,385600,343998,412334
C4,1,C4-environment-01,4,356823.580,355266.000,373827,336720,393871
C4,1,C4-environment-01,5,359404.310,356425.500,384745,344487,414385
C4,1,C4-environment-01,6,382585.120,355959.000,389142,340097,2619332
C4,1,C4-environment-01,7,359647.010,356203.000,387226,343121,404178
C4,1,C4-environment-01,8,359936.210,355790.000,386360,342937,414969
C1,2,C1-environment-02,1,18820.190,17925.000,23436,16459,48814
C1,2,C1-environment-02,2,18093.120,17870.000,18584,16641,31438
C1,2,C1-environment-02,3,17980.760,17845.000,18618,17576,20615
C1,2,C1-environment-02,4,18129.380,17836.000,18897,17568,29172
C1,2,C1-environment-02,5,20072.670,17892.000,19626,17634,205596
C1,2,C1-environment-02,6,20569.680,19493.000,27674,18002,35723
C1,2,C1-environment-02,7,17904.140,17913.000,19814,16390,29566
C1,2,C1-environment-02,8,18711.870,18049.000,22262,16556,32927
C6,2,C6-environment-02,1,2640429.290,2573343.500,2790284,2443741,7547102
C6,2,C6-environment-02,2,2669351.390,2593167.500,2828057,2465710,8065534
C6,2,C6-environment-02,3,2658401.250,2578590.000,2751808,2446284,9051125
C6,2,C6-environment-02,4,2688000.880,2554289.500,2742747,2440857,8234751
C6,2,C6-environment-02,5,2679005.570,2551755.500,2745195,2444332,8492297
C6,2,C6-environment-02,6,2612369.600,2544940.000,2692902,2439882,7576416
C6,2,C6-environment-02,7,2637009.280,2568069.500,2792349,2437318,7659024
C6,2,C6-environment-02,8,2639378.510,2575291.500,2765793,2441509,7607117
C3,2,C3-environment-02,1,165239.690,161564.500,181892,157168,206230
C3,2,C3-environment-02,2,165545.620,163371.500,185155,157512,205140
C3,2,C3-environment-02,3,183432.330,164070.000,174683,157250,1902091
C3,2,C3-environment-02,4,166007.710,162531.000,185311,158200,203830
C3,2,C3-environment-02,5,168583.370,165840.500,179743,160217,221991
C3,2,C3-environment-02,6,166489.890,165212.000,178439,158217,188798
C3,2,C3-environment-02,7,171111.490,169948.000,188334,158446,212836
C3,2,C3-environment-02,8,167634.030,164793.000,177880,158802,200495
