rule_name,entity_type,attribute_name,required_value
rule_0001,user,u_attr_01,value_01
rule_0001,environment,e_attr_02,value_01
rule_0001,environment,e_attr_01,value_01
rule_0002,user,u_attr_01,value_00
rule_0002,environment,e_attr_01,value_01
rule_0002,environment,e_attr_02,value_01
rule_0003,user,u_attr_01,value_01
rule_0003,environment,e_attr_02,value_01
rule_0003,environment,e_attr_01,value_01
rule_0004,user,u_attr_01,value_01
rule_0004,environment,e_attr_01,value_01
rule_0004,environment,e_attr_02,value_01
rule_0005,user,u_attr_01,value_01
rule_0005,environment,e_attr_02,value_01
rule_0005,environment,e_attr_01,value_01
rule_0006,user,u_attr_01,value_00
rule_0006,environment,e_attr_01,value_01
rule_0006,environment,e_attr_02,value_01
rule_0007,user,u_attr_01,value_01
rule_0007,environment,e_attr_01,value_01
rule_0007,environment,e_attr_02,value_01
rule_0008,user,u_attr_01,value_00
rule_0008,environment,e_attr_01,value_01
rule_0008,environment,e_attr_02,value_01
rule_0009,user,u_attr_01,value_00
rule_0009,environment,e_attr_02,value_01
rule_0009,environment,e_attr_01,value_01
rule_0010,user,u_attr_01,value_00
rule_0010,environment,e_attr_02,value_01
rule_0010,environment,e_attr_01,value_01
rule_0011,user,u_attr_01,value_01
rule_0011,environment,e_attr_02,value_01
rule_0011,environment,e_attr_01,value_01
rule_0012,user,u_attr_01,value_01
rule_0012,environment,e_attr_02,value_01
rule_0012,environment,e_attr_01,value_01
rule_0013,user,u_attr_01,value_01
rule_0013,environment,e_attr_02,value_01
rule_0013,environment,e_attr_01,value_01
rule_0014,user,u_attr_01,value_00
rule_0014,environment,e_attr_02,value_01
rule_0014,environment,e_attr_01,value_01
rule_0015,user,u_attr_01,value_00
rule_0015,environment,e_attr_02,value_01
rule_0015,environment,e_attr_01,value_01
rule_0016,user,u_attr_01,value_01
rule_0016,environment,e_attr_02,value_01
rule_0016,environment,e_attr_01,value_01
rule_0017,user,u_attr_01,value_01
rule_0017,environment,e_attr_02,value_01
rule_0017,environment,e_attr_01,value_01
rule_0018,user,u_attr_01,value_01
rule_0018,environment,e_attr_02,value_01
rule_0018,environment,e_attr_01,value_01
rule_0019,user,u_attr_01,value_00
rule_0019,environment,e_attr_01,value_01
rule_0019,environment,e_attr_02,value_01
rule_0020,user,u_attr_01,value_01
rule_0020,environment,e_attr_02,value_01
rule_0020,environment,e_attr_01,value_01
rule_0021,user,u_attr_01,value_00
rule_0021,environment,e_attr_01,value_01
rule_0021,environment,e_attr_02,value_01
rule_0022,user,u_attr_01,value_00
rule_0022,environment,e_attr_02,value_01
rule_0022,environment,e_attr_01,value_01
rule_0023,user,u_attr_01,value_01
rule_0023,environment,e_attr_01,value_01
rule_0023,environment,e_attr_02,value_01
rule_0024,user,u_attr_01,value_01
rule_0024,environment,e_attr_01,value_01
rule_0024,environment,e_attr_02,value_01
rule_0025,user,u_attr_01,value_00
rule_0025,environment,e_attr_01,value_01
rule_0025,environment,e_attr_02,value_01
rule_0026,user,u_attr_01,value_01
rule_0026,environment,e_attr_01,value_01
rule_0026,environment,e_attr_02,value_01
rule_0027,user,u_attr_01,value_00
rule_0027,environment,e_attr_01,value_01
rule_0027,environment,e_attr_02,value_01
rule_0028,user,u_attr_01,value_00
rule_0028,environment,e_attr_02,value_01
rule_0028,environment,e_attr_01,value_01
rule_0029,user,u_attr_01,value_00
rule_0029,environment,e_attr_01,value_01
rule_0029,environment,e_attr_02,value_01
rule_0030,user,u_attr_01,value_00
rule_0030,environment,e_attr_01,value_01
rule_0030,environment,e_attr_02,value_01
rule_0031,user,u_attr_01,value_01
rule_0031,environment,e_attr_02,value_01
rule_0031,environment,e_attr_01,value_01
rule_0032,user,u_attr_01,value_01
rule_0032,environment,e_attr_02,value_01
rule_0032,environment,e_attr_01,value_01
rule_0033,user,u_attr_01,value_00
rule_0033,environment,e_attr_01,value_01
rule_0033,environment,e_attr_02,value_01
rule_0034,user,u_attr_01,value_01
rule_0034,environment,e_attr_01,value_01
rule_0034,environment,e_attr_02,value_01
rule_0035,user,u_attr_01,value_01
rule_0035,environment,e_attr_02,value_01
rule_0035,environment,e_attr_01,value_01
rule_0036,user,u_attr_01,value_00
rule_0036,environment,e_attr_01,value_01
rule_0036,environment,e_attr_02,value_01
rule_0037,user,u_attr_01,value_01
rule_0037,environment,e_attr_02,value_01
rule_0037,environment,e_attr_01,value_01
rule_0038,user,u_attr_01,value_01
rule_0038,environment,e_attr_01,value_01
rule_0038,environment,e_attr_02,value_01
rule_0039,user,u_attr_01,value_01
rule_0039,environment,e_attr_02,value_01
rule_0039,environment,e_attr_01,value_01
rule_0040,user,u_attr_01,value_00
rule_0040,environment,e_attr_01,value_01
rule_0040,environment,e_attr_02,value_01
rule_0041,user,u_attr_01,value_01
rule_0041,environment,e_attr_02,value_01
rule_0041,environment,e_attr_01,value_01
rule_0042,user,u_attr_01,value_01
rule_0042,environment,e_attr_02,value_01
rule_0042,environment,e_attr_01,value_01
rule_0043,user,u_attr_01,value_00
rule_0043,environment,e_attr_01,value_01
rule_0043,environment,e_attr_02,value_01
rule_0044,user,u_attr_01,value_01
rule_0044,environment,e_attr_02,value_01
rule_0044,environment,e_attr_01,value_01
rule_0045,user,u_attr_01,value_01
rule_0045,environment,e_attr_02,value_01
rule_0045,environment,e_attr_01,value_01
rule_0046,user,u_attr_01,value_00
rule_0046,environment,e_attr_01,value_01
rule_0046,environment,e_attr_02,value_01
rule_0047,user,u_attr_01,value_01
rule_0047,environment,e_attr_02,value_01
rule_0047,environment,e_attr_01,value_01
rule_0048,user,u_attr_01,value_01
rule_0048,environment,e_attr_02,value_01
rule_0048,environment,e_attr_01,value_01
rule_0049,user,u_attr_01,value_00
rule_0049,environment,e_attr_01,value_01
rule_0049,environment,e_attr_02,value_01
rule_0050,user,u_attr_01,value_01
rule_0050,environment,e_attr_02,value_01
rule_0050,environment,e_attr_01,value_01
rule_0051,user,u_attr_01,value_01
rule_0051,environment,e_attr_02,value_01
rule_0051,environment,e_attr_01,value_01
rule_0052,user,u_attr_01,value_00
rule_0052,environment,e_attr_01,value_01
rule_0052,environment,e_attr_02,value_01
rule_0053,user,u_attr_01,value_00
rule_0053,environment,e_attr_02,value_01
rule_0053,environment,e_attr_01,value_01
rule_0054,user,u_attr_01,value_00
rule_0054,environment,e_attr_01,value_01
rule_0054,environment,e_attr_02,value_01
rule_0055,user,u_attr_01,value_01
rule_0055,environment,e_attr_02,value_01
rule_0055,environment,e_attr_01,value_01
rule_0056,user,u_attr_01,value_01
rule_0056,environment,e_attr_01,value_01
rule_0056,environment,e_attr_02,value_01
rule_0057,user,u_attr_01,value_00
rule_0057,environment,e_attr_01,value_01
rule_0057,environment,e_attr_02,value_01
rule_0058,user,u_attr_01,value_01
rule_0058,environment,e_attr_02,value_01
rule_0058,environment,e_attr_01,value_01
rule_0059,user,u_attr_01,value_00
rule_0059,environment,e_attr_01,value_01
rule_0059,environment,e_attr_02,value_01
rule_0060,user,u_attr_01,value_01
rule_0060,environment,e_attr_01,value_01
rule_0060,environment,e_attr_02,value_01
rule_0061,user,u_attr_01,value_01
rule_0061,environment,e_attr_01,value_01
rule_0061,environment,e_attr_02,value_01
rule_0062,user,u_attr_01,value_00
rule_0062,environment,e_attr_01,value_01
rule_0062,environment,e_attr_02,value_01
rule_0063,user,u_attr_01,value_01
rule_0063,environment,e_attr_02,value_01
rule_0063,environment,e_attr_01,value_01
rule_0064,user,u_attr_01,value_01
rule_0064,environment,e_attr_01,value_01
rule_0064,environment,e_attr_02,value_01
rule_0065,user,u_attr_01,value_01
rule_0065,environment,e_attr_01,value_01
rule_0065,environment,e_attr_02,value_01
rule_0066,user,u_attr_01,value_01
rule_0066,environment,e_attr_01,value_01
rule_0066,environment,e_attr_02,value_01
rule_0067,user,u_attr_01,value_00
rule_0067,environment,e_attr_02,value_01
rule_0067,environment,e_attr_01,value_01
rule_0068,user,u_attr_01,value_00
rule_0068,environment,e_attr_02,value_01
rule_0068,environment,e_attr_01,value_01
rule_0069,user,u_attr_01,value_01
rule_0069,environment,e_attr_02,value_01
rule_0069,environment,e_attr_01,value_01
rule_0070,user,u_attr_01,value_01
rule_0070,environment,e_attr_02,value_01
rule_0070,environment,e_attr_01,value_01
rule_0071,user,u_attr_01,value_01
rule_0071,environment,e_attr_02,value_01
rule_0071,environment,e_attr_01,value_01
rule_0072,user,u_attr_01,value_00
rule_0072,environment,e_attr_01,value_01
rule_0072,environment,e_attr_02,value_01
rule_0073,user,u_attr_01,value_01
rule_0073,environment,e_attr_02,value_01
rule_0073,environment,e_attr_01,value_01
rule_0074,user,u_attr_01,value_01
rule_0074,environment,e_attr_02,value_01
rule_0074,environment,e_attr_01,value_01
rule_0075,user,u_attr_01,value_01
rule_0075,environment,e_attr_01,value_01
rule_0075,environment,e_attr_02,value_01
rule_0076,user,u_attr_01,value_01
rule_0076,environment,e_attr_02,value_01
rule_0076,environment,e_attr_01,value_01
rule_0077,user,u_attr_01,value_01
rule_0077,environment,e_attr_01,value_01
rule_0077,environment,e_attr_02,value_01
rule_0078,user,u_attr_01,value_01
rule_0078,environment,e_attr_01,value_01
rule_0078,environment,e_attr_02,value_01
rule_0079,user,u_attr_01,value_01
rule_0079,environment,e_attr_01,value_01
rule_0079,environment,e_attr_02,value_01
rule_0080,user,u_attr_01,value_00
rule_0080,environment,e_attr_01,value_01
rule_0080,environment,e_attr_02,value_01
rule_0081,user,u_attr_01,value_00
rule_0081,environment,e_attr_01,value_01
rule_0081,environment,e_attr_02,value_01
rule_0082,user,u_attr_01,value_00
rule_0082,environment,e_attr_02,value_01
rule_0082,environment,e_attr_01,value_01
rule_0083,user,u_attr_01,value_00
rule_0083,environment,e_attr_02,value_01
rule_0083,environment,e_attr_01,value_01
rule_0084,user,u_attr_01,value_01
rule_0084,environment,e_attr_01,value_01
rule_0084,environment,e_attr_02,value_01
rule_0085,user,u_attr_01,value_01
rule_0085,environment,e_attr_01,value_01
rule_0085,environment,e_attr_02,value_01
rule_0086,user,u_attr_01,value_00
rule_0086,environment,e_attr_02,value_01
rule_0086,environment,e_attr_01,value_01
rule_0087,user,u_attr_01,value_00
rule_0087,environment,e_attr_02,value_01
rule_0087,environment,e_attr_01,value_01
rule_0088,user,u_attr_01,value_01
rule_0088,environment,e_attr_01,value_01
rule_0088,environment,e_attr_02,value_01
rule_0089,user,u_attr_01,value_00
rule_0089,environment,e_attr_01,value_01
rule_0089,environment,e_attr_02,value_01
rule_0090,user,u_attr_01,value_00
rule_0090,environment,e_attr_02,value_01
rule_0090,environment,e_attr_01,value_01
rule_0091,user,u_attr_01,value_01
rule_0091,environment,e_attr_02,value_01
rule_0091,environment,e_attr_01,value_01
rule_0092,user,u_attr_01,value_01
rule_0092,environment,e_attr_02,value_01
rule_0092,environment,e_attr_01,value_01
rule_0093,user,u_attr_01,value_01
rule_0093,environment,e_attr_02,value_01
rule_0093,environment,e_attr_01,value_01
rule_0094,user,u_attr_01,value_01
rule_0094,environment,e_attr_02,value_01
rule_0094,environment,e_attr_01,value_01
rule_0095,user,u_attr_01,value_00
rule_0095,environment,e_attr_02,value_01
rule_0095,environment,e_attr_01,value_01
rule_0096,user,u_attr_01,value_01
rule_0096,environment,e_attr_01,value_01
rule_0096,environment,e_attr_02,value_01
rule_0097,user,u_attr_01,value_00
rule_0097,environment,e_attr_01,value_01
rule_0097,environment,e_attr_02,value_01
rule_0098,user,u_attr_01,value_00
rule_0098,environment,e_attr_02,value_01
rule_0098,environment,e_attr_01,value_01
rule_0099,user,u_attr_01,value_01
rule_0099,environment,e_attr_01,value_01
rule_0099,environment,e_attr_02,value_01
rule_0100,user,u_attr_01,value_01
rule_0100,environment,e_attr_02,value_01
rule_0100,environment,e_attr_01,value_01
rule_0101,user,u_attr_01,value_00
rule_0101,environment,e_attr_02,value_01
rule_0101,environment,e_attr_01,value_01
rule_0102,user,u_attr_01,value_00
rule_0102,environment,e_attr_01,value_01
rule_0102,environment,e_attr_02,value_01
rule_0103,user,u_attr_01,value_01
rule_0103,environment,e_attr_01,value_01
rule_0103,environment,e_attr_02,value_01
rule_0104,user,u_attr_01,value_00
rule_0104,environment,e_attr_02,value_01
rule_0104,environment,e_attr_01,value_01
rule_0105,user,u_attr_01,value_00
rule_0105,environment,e_attr_02,value_01
rule_0105,environment,e_attr_01,value_01
rule_0106,user,u_attr_01,value_00
rule_0106,environment,e_attr_01,value_01
rule_0106,environment,e_attr_02,value_01
rule_0107,user,u_attr_01,value_01
rule_0107,environment,e_attr_02,value_01
rule_0107,environment,e_attr_01,value_01
rule_0108,user,u_attr_01,value_01
rule_0108,environment,e_attr_01,value_01
rule_0108,environment,e_attr_02,value_01
rule_0109,user,u_attr_01,value_01
rule_0109,environment,e_attr_02,value_01
rule_0109,environment,e_attr_01,value_01
rule_0110,user,u_attr_01,value_01
rule_0110,environment,e_attr_01,value_01
rule_0110,environment,e_attr_02,value_01
rule_0111,user,u_attr_01,value_00
rule_0111,environment,e_attr_01,value_01
rule_0111,environment,e_attr_02,value_01
rule_0112,user,u_attr_01,value_00
rule_0112,environment,e_attr_01,value_01
rule_0112,environment,e_attr_02,value_01
rule_0113,user,u_attr_01,value_00
rule_0113,environment,e_attr_02,value_01
rule_0113,environment,e_attr_01,value_01
rule_0114,user,u_attr_01,value_00
rule_0114,environment,e_attr_02,value_01
rule_0114,environment,e_attr_01,value_01
rule_0115,user,u_attr_01,value_01
rule_0115,environment,e_attr_02,value_01
rule_0115,environment,e_attr_01,value_01
rule_0116,user,u_attr_01,value_01
rule_0116,environment,e_attr_01,value_01
rule_0116,environment,e_attr_02,value_01
rule_0117,user,u_attr_01,value_01
rule_0117,environment,e_attr_01,value_01
rule_0117,environment,e_attr_02,value_01
rule_0118,user,u_attr_01,value_01
rule_0118,environment,e_attr_01,value_01
rule_0118,environment,e_attr_02,value_01
rule_0119,user,u_attr_01,value_00
rule_0119,environment,e_attr_02,value_01
rule_0119,environment,e_attr_01,value_01
rule_0120,user,u_attr_01,value_00
rule_0120,environment,e_attr_02,value_01
rule_0120,environment,e_attr_01,value_01
rule_0121,user,u_attr_01,value_00
rule_0121,environment,e_attr_01,value_01
rule_0121,environment,e_attr_02,value_01
rule_0122,user,u_attr_01,value_01
rule_0122,environment,e_attr_02,value_01
rule_0122,environment,e_attr_01,value_01
rule_0123,user,u_attr_01,value_00
rule_0123,environment,e_attr_02,value_01
rule_0123,environment,e_attr_01,value_01
rule_0124,user,u_attr_01,value_01
rule_0124,environment,e_attr_02,value_01
rule_0124,environment,e_attr_01,value_01
rule_0125,user,u_attr_01,value_01
rule_0125,environment,e_attr_01,value_01
rule_0125,environment,e_attr_02,value_01
rule_0126,user,u_attr_01,value_00
rule_0126,environment,e_attr_01,value_01
rule_0126,environment,e_attr_02,value_01
rule_0127,user,u_attr_01,value_00
rule_0127,environment,e_attr_01,value_01
rule_0127,environment,e_attr_02,value_01
rule_0128,user,u_attr_01,value_00
rule_0128,environment,e_attr_01,value_01
rule_0128,environment,e_attr_02,value_01
rule_0129,user,u_attr_01,value_00
rule_0129,environment,e_attr_01,value_01
rule_0129,environment,e_attr_02,value_01
rule_0130,user,u_attr_01,value_00
rule_0130,environment,e_attr_01,value_01
rule_0130,environment,e_attr_02,value_01
rule_0131,user,u_attr_01,value_00
rule_0131,environment,e_attr_02,value_01
rule_0131,environment,e_attr_01,value_01
rule_0132,user,u_attr_01,value_01
rule_0132,environment,e_attr_02,value_01
rule_0132,environment,e_attr_01,value_01
rule_0133,user,u_attr_01,value_00
rule_0133,environment,e_attr_01,value_01
rule_0133,environment,e_attr_02,value_01
rule_0134,user,u_attr_01,value_00
rule_0134,environment,e_attr_01,value_01
rule_0134,environment,e_attr_02,value_01
rule_0135,user,u_attr_01,value_01
rule_0135,environment,e_attr_01,value_01
rule_0135,environment,e_attr_02,value_01
rule_0136,user,u_attr_01,value_01
rule_0136,environment,e_attr_02,value_01
rule_0136,environment,e_attr_01,value_01
rule_0137,user,u_attr_01,value_01
rule_0137,environment,e_attr_02,value_01
rule_0137,environment,e_attr_01,value_01
rule_0138,user,u_attr_01,value_01
rule_0138,environment,e_attr_01,value_01
rule_0138,environment,e_attr_02,value_01
rule_0139,user,u_attr_01,value_01
rule_0139,environment,e_attr_01,value_01
rule_0139,environment,e_attr_02,value_01
rule_0140,user,u_attr_01,value_00
rule_0140,environment,e_attr_01,value_01
rule_0140,environment,e_attr_02,value_01
rule_0141,user,u_attr_01,value_00
rule_0141,environment,e_attr_01,value_01
rule_0141,environment,e_attr_02,value_01
rule_0142,user,u_attr_01,value_01
rule_0142,environment,e_attr_01,value_01
rule_0142,environment,e_attr_02,value_01
rule_0143,user,u_attr_01,value_00
rule_0143,environment,e_attr_01,value_01
rule_0143,environment,e_attr_02,value_01
rule_0144,user,u_attr_01,value_00
rule_0144,environment,e_attr_01,value_01
rule_0144,environment,e_attr_02,value_01
rule_0145,user,u_attr_01,value_00
rule_0145,environment,e_attr_01,value_01
rule_0145,environment,e_attr_02,value_01
rule_0146,user,u_attr_01,value_00
rule_0146,environment,e_attr_02,value_01
rule_0146,environment,e_attr_01,value_01
rule_0147,user,u_attr_01,value_00
rule_0147,environment,e_attr_01,value_01
rule_0147,environment,e_attr_02,value_01
rule_0148,user,u_attr_01,value_01
rule_0148,environment,e_attr_02,value_01
rule_0148,environment,e_attr_01,value_01
rule_0149,user,u_attr_01,value_00
rule_0149,environment,e_attr_01,value_01
rule_0149,environment,e_attr_02,value_01
rule_0150,user,u_attr_01,value_01
rule_0150,environment,e_attr_01,value_01
rule_0150,environment,e_attr_02,value_01
rule_0151,user,u_attr_01,value_01
rule_0151,environment,e_attr_02,value_01
rule_0151,environment,e_attr_01,value_01
rule_0152,user,u_attr_01,value_01
rule_0152,environment,e_attr_01,value_01
rule_0152,environment,e_attr_02,value_01
rule_0153,user,u_attr_01,value_00
rule_0153,environment,e_attr_01,value_01
rule_0153,environment,e_attr_02,value_01
rule_0154,user,u_attr_01,value_01
rule_0154,environment,e_attr_01,value_01
rule_0154,environment,e_attr_02,value_01
rule_0155,user,u_attr_01,value_01
rule_0155,environment,e_attr_01,value_01
rule_0155,environment,e_attr_02,value_01
rule_0156,user,u_attr_01,value_01
rule_0156,environment,e_attr_01,value_01
rule_0156,environment,e_attr_02,value_01
rule_0157,user,u_attr_01,value_01
rule_0157,environment,e_attr_02,value_01
rule_0157,environment,e_attr_01,value_01
rule_0158,user,u_attr_01,value_01
rule_0158,environment,e_attr_02,value_01
rule_0158,environment,e_attr_01,value_01
rule_0159,user,u_attr_01,value_00
rule_0159,environment,e_attr_01,value_01
rule_0159,environment,e_attr_02,value_01
rule_0160,user,u_attr_01,value_00
rule_0160,environment,e_attr_01,value_01
rule_0160,environment,e_attr_02,value_01
rule_0161,user,u_attr_01,value_01
rule_0161,environment,e_attr_01,value_01
rule_0161,environment,e_attr_02,value_01
rule_0162,user,u_attr_01,value_01
rule_0162,environment,e_attr_01,value_01
rule_0162,environment,e_attr_02,value_01
rule_0163,user,u_attr_01,value_01
rule_0163,environment,e_attr_01,value_01
rule_0163,environment,e_attr_02,value_01
rule_0164,user,u_attr_01,value_01
rule_0164,environment,e_attr_02,value_01
rule_0164,environment,e_attr_01,value_01
rule_0165,user,u_attr_01,value_00
rule_0165,environment,e_attr_02,value_01
rule_0165,environment,e_attr_01,value_01
rule_0166,user,u_attr_01,value_00
rule_0166,environment,e_attr_01,value_01
rule_0166,environment,e_attr_02,value_01
rule_0167,user,u_attr_01,value_00
rule_0167,environment,e_attr_02,value_01
rule_0167,environment,e_attr_01,value_01
rule_0168,user,u_attr_01,value_00
rule_0168,environment,e_attr_02,value_01
rule_0168,environment,e_attr_01,value_01
rule_0169,user,u_attr_01,value_01
rule_0169,environment,e_attr_02,value_01
rule_0169,environment,e_attr_01,value_01
rule_0170,user,u_attr_01,value_00
rule_0170,environment,e_attr_01,value_01
rule_0170,environment,e_attr_02,value_01
rule_0171,user,u_attr_01,value_00
rule_0171,environment,e_attr_02,value_01
rule_0171,environment,e_attr_01,value_01
rule_0172,user,u_attr_01,value_01
rule_0172,environment,e_attr_01,value_01
rule_0172,environment,e_attr_02,value_01
rule_0173,user,u_attr_01,value_00
rule_0173,environment,e_attr_01,value_01
rule_0173,environment,e_attr_02,value_01
rule_0174,user,u_attr_01,value_01
rule_0174,environment,e_attr_01,value_01
rule_0174,environment,e_attr_02,value_01
rule_0175,user,u_attr_01,value_00
rule_0175,environment,e_attr_02,value_01
rule_0175,environment,e_attr_01,value_01
rule_0176,user,u_attr_01,value_00
rule_0176,environment,e_attr_01,value_01
rule_0176,environment,e_attr_02,value_01
rule_0177,user,u_attr_01,value_00
rule_0177,environment,e_attr_01,value_01
rule_0177,environment,e_attr_02,value_01
rule_0178,user,u_attr_01,value_00
rule_0178,environment,e_attr_01,value_01
rule_0178,environment,e_attr_02,value_01
rule_0179,user,u_attr_01,value_00
rule_0179,environment,e_attr_02,value_01
rule_0179,environment,e_attr_01,value_01
rule_0180,user,u_attr_01,value_01
rule_0180,environment,e_attr_02,value_01
rule_0180,environment,e_attr_01,value_01
rule_0181,user,u_attr_01,value_00
rule_0181,environment,e_attr_01,value_01
rule_0181,environment,e_attr_02,value_01
rule_0182,user,u_attr_01,value_01
rule_0182,environment,e_attr_01,value_01
rule_0182,environment,e_attr_02,value_01
rule_0183,user,u_attr_01,value_01
rule_0183,environment,e_attr_02,value_01
rule_0183,environment,e_attr_01,value_01
rule_0184,user,u_attr_01,value_01
rule_0184,environment,e_attr_02,value_01
rule_0184,environment,e_attr_01,value_01
rule_0185,user,u_attr_01,value_01
rule_0185,environment,e_attr_02,value_01
rule_0185,environment,e_attr_01,value_01
rule_0186,user,u_attr_01,value_01
rule_0186,environment,e_attr_02,value_01
rule_0186,environment,e_attr_01,value_01
rule_0187,user,u_attr_01,value_01
rule_0187,environment,e_attr_01,value_01
rule_0187,environment,e_attr_02,value_01
rule_0188,user,u_attr_01,value_01
rule_0188,environment,e_attr_02,value_01
rule_0188,environment,e_attr_01,value_01
rule_0189,user,u_attr_01,value_00
rule_0189,environment,e_attr_02,value_01
rule_0189,environment,e_attr_01,value_01
rule_0190,user,u_attr_01,value_00
rule_0190,environment,e_attr_01,value_01
rule_0190,environment,e_attr_02,value_01
rule_0191,user,u_attr_01,value_01
rule_0191,environment,e_attr_01,value_01
rule_0191,environment,e_attr_02,value_01
rule_0192,user,u_attr_01,value_01
rule_0192,environment,e_attr_01,value_01
rule_0192,environment,e_attr_02,value_01
rule_0193,user,u_attr_01,value_01
rule_0193,environment,e_attr_01,value_01
rule_0193,environment,e_attr_02,value_01
rule_0194,user,u_attr_01,value_01
rule_0194,environment,e_attr_02,value_01
rule_0194,environment,e_attr_01,value_01
rule_0195,user,u_attr_01,value_00
rule_0195,environment,e_attr_01,value_01
rule_0195,environment,e_attr_02,value_01
rule_0196,user,u_attr_01,value_00
rule_0196,environment,e_attr_01,value_01
rule_0196,environment,e_attr_02,value_01
rule_0197,user,u_attr_01,value_01
rule_0197,environment,e_attr_01,value_01
rule_0197,environment,e_attr_02,value_01
rule_0198,user,u_attr_01,value_00
rule_0198,environment,e_attr_02,value_01
rule_0198,environment,e_attr_01,value_01
rule_0199,user,u_attr_01,value_00
rule_0199,environment,e_attr_01,value_01
rule_0199,environment,e_attr_02,value_01
rule_0200,user,u_attr_01,value_01
rule_0200,environment,e_attr_02,value_01
rule_0200,environment,e_attr_01,value_01
rule_0201,user,u_attr_01,value_00
rule_0201,environment,e_attr_02,value_01
rule_0201,environment,e_attr_01,value_01
rule_0202,user,u_attr_01,value_01
rule_0202,environment,e_attr_01,value_01
rule_0202,environment,e_attr_02,value_01
rule_0203,user,u_attr_01,value_01
rule_0203,environment,e_attr_02,value_01
rule_0203,environment,e_attr_01,value_01
rule_0204,user,u_attr_01,value_00
rule_0204,environment,e_attr_01,value_01
rule_0204,environment,e_attr_02,value_01
rule_0205,user,u_attr_01,value_00
rule_0205,environment,e_attr_02,value_01
rule_0205,environment,e_attr_01,value_01
rule_0206,user,u_attr_01,value_00
rule_0206,environment,e_attr_02,value_01
rule_0206,environment,e_attr_01,value_01
rule_0207,user,u_attr_01,value_01
rule_0207,environment,e_attr_02,value_01
rule_0207,environment,e_attr_01,value_01
rule_0208,user,u_attr_01,value_00
rule_0208,environment,e_attr_02,value_01
rule_0208,environment,e_attr_01,value_01
rule_0209,user,u_attr_01,value_01
rule_0209,environment,e_attr_02,value_01
rule_0209,environment,e_attr_01,value_01
rule_0210,user,u_attr_01,value_00
rule_0210,environment,e_attr_01,value_01
rule_0210,environment,e_attr_02,value_01
rule_0211,user,u_attr_01,value_00
rule_0211,environment,e_attr_02,value_01
rule_0211,environment,e_attr_01,value_01
rule_0212,user,u_attr_01,value_00
rule_0212,environment,e_attr_01,value_01
rule_0212,environment,e_attr_02,value_01
rule_0213,user,u_attr_01,value_00
rule_0213,environment,e_attr_01,value_01
rule_0213,environment,e_attr_02,value_01
rule_0214,user,u_attr_01,value_00
rule_0214,environment,e_attr_01,value_01
rule_0214,environment,e_attr_02,value_01
rule_0215,user,u_attr_01,value_01
rule_0215,environment,e_attr_01,value_01
rule_0215,environment,e_attr_02,value_01
rule_0216,user,u_attr_01,value_01
rule_0216,environment,e_attr_02,value_01
rule_0216,environment,e_attr_01,value_01
rule_0217,user,u_attr_01,value_01
rule_0217,environment,e_attr_02,value_01
rule_0217,environment,e_attr_01,value_01
rule_0218,user,u_attr_01,value_01
rule_0218,environment,e_attr_02,value_01
rule_0218,environment,e_attr_01,value_01
rule_0219,user,u_attr_01,value_00
rule_0219,environment,e_attr_02,value_01
rule_0219,environment,e_attr_01,value_01
rule_0220,user,u_attr_01,value_00
rule_0220,environment,e_attr_02,value_01
rule_0220,environment,e_attr_01,value_01
rule_0221,user,u_attr_01,value_00
rule_0221,environment,e_attr_02,value_01
rule_0221,environment,e_attr_01,value_01
rule_0222,user,u_attr_01,value_00
rule_0222,environment,e_attr_02,value_01
rule_0222,environment,e_attr_01,value_01
rule_0223,user,u_attr_01,value_01
rule_0223,environment,e_attr_01,value_01
rule_0223,environment,e_attr_02,value_01
rule_0224,user,u_attr_01,value_00
rule_0224,environment,e_attr_02,value_01
rule_0224,environment,e_attr_01,value_01
rule_0225,user,u_attr_01,value_00
rule_0225,environment,e_attr_02,value_01
rule_0225,environment,e_attr_01,value_01
rule_0226,user,u_attr_01,value_00
rule_0226,environment,e_attr_01,value_01
rule_0226,environment,e_attr_02,value_01
rule_0227,user,u_attr_01,value_01
rule_0227,environment,e_attr_02,value_01
rule_0227,environment,e_attr_01,value_01
rule_0228,user,u_attr_01,value_00
rule_0228,environment,e_attr_02,value_01
rule_0228,environment,e_attr_01,value_01
rule_0229,user,u_attr_01,value_01
rule_0229,environment,e_attr_02,value_01
rule_0229,environment,e_attr_01,value_01
rule_0230,user,u_attr_01,value_00
rule_0230,environment,e_attr_01,value_01
rule_0230,environment,e_attr_02,value_01
rule_0231,user,u_attr_01,value_01
rule_0231,environment,e_attr_01,value_01
rule_0231,environment,e_attr_02,value_01
rule_0232,user,u_attr_01,value_00
rule_0232,environment,e_attr_02,value_01
rule_0232,environment,e_attr_01,value_01
rule_0233,user,u_attr_01,value_01
rule_0233,environment,e_attr_01,value_01
rule_0233,environment,e_attr_02,value_01
rule_0234,user,u_attr_01,value_00
rule_0234,environment,e_attr_01,value_01
rule_0234,environment,e_attr_02,value_01
rule_0235,user,u_attr_01,value_00
rule_0235,environment,e_attr_01,value_01
rule_0235,environment,e_attr_02,value_01
rule_0236,user,u_attr_01,value_01
rule_0236,environment,e_attr_01,value_01
rule_0236,environment,e_attr_02,value_01
rule_0237,user,u_attr_01,value_00
rule_0237,environment,e_attr_02,value_01
rule_0237,environment,e_attr_01,value_01
rule_0238,user,u_attr_01,value_00
rule_0238,environment,e_attr_01,value_01
rule_0238,environment,e_attr_02,value_01
rule_0239,user,u_attr_01,value_00
rule_0239,environment,e_attr_02,value_01
rule_0239,environment,e_attr_01,value_01
rule_0240,user,u_attr_01,value_00
rule_0240,environment,e_attr_02,value_01
rule_0240,environment,e_attr_01,value_01
rule_0241,user,u_attr_01,value_00
rule_0241,environment,e_attr_02,value_01
rule_0241,environment,e_attr_01,value_01
rule_0242,user,u_attr_01,value_00
rule_0242,environment,e_attr_02,value_01
rule_0242,environment,e_attr_01,value_01
rule_0243,user,u_attr_01,value_01
rule_0243,environment,e_attr_02,value_01
rule_0243,environment,e_attr_01,value_01
rule_0244,user,u_attr_01,value_01
rule_0244,environment,e_attr_02,value_01
rule_0244,environment,e_attr_01,value_01
rule_0245,user,u_attr_01,value_01
rule_0245,environment,e_attr_02,value_01
rule_0245,environment,e_attr_01,value_01
rule_0246,user,u_attr_01,value_01
rule_0246,environment,e_attr_01,value_01
rule_0246,environment,e_attr_02,value_01
rule_0247,user,u_attr_01,value_00
rule_0247,environment,e_attr_01,value_01
rule_0247,environment,e_attr_02,value_01
rule_0248,user,u_attr_01,value_00
rule_0248,environment,e_attr_01,value_01
rule_0248,environment,e_attr_02,value_01
rule_0249,user,u_attr_01,value_01
rule_0249,environment,e_attr_01,value_01
rule_0249,environment,e_attr_02,value_01
rule_0250,user,u_attr_01,value_01
rule_0250,environment,e_attr_01,value_01
rule_0250,environment,e_attr_02,value_01
rule_0251,user,u_attr_01,value_00
rule_0251,environment,e_attr_01,value_01
rule_0251,environment,e_attr_02,value_01
rule_0252,user,u_attr_01,value_00
rule_0252,environment,e_attr_01,value_01
rule_0252,environment,e_attr_02,value_01
rule_0253,user,u_attr_01,value_00
rule_0253,environment,e_attr_02,value_01
rule_0253,environment,e_attr_01,value_01
rule_0254,user,u_attr_01,value_01
rule_0254,environment,e_attr_02,value_01
rule_0254,environment,e_attr_01,value_01
rule_0255,user,u_attr_01,value_01
rule_0255,environment,e_attr_01,value_01
rule_0255,environment,e_attr_02,value_01
rule_0256,user,u_attr_01,value_00
rule_0256,environment,e_attr_02,value_01
rule_0256,environment,e_attr_01,value_01
rule_0257,user,u_attr_01,value_01
rule_0257,environment,e_attr_02,value_01
rule_0257,environment,e_attr_01,value_01
rule_0258,user,u_attr_01,value_00
rule_0258,environment,e_attr_01,value_01
rule_0258,environment,e_attr_02,value_01
rule_0259,user,u_attr_01,value_01
rule_0259,environment,e_attr_02,value_01
rule_0259,environment,e_attr_01,value_01
rule_0260,user,u_attr_01,value_00
rule_0260,environment,e_attr_01,value_01
rule_0260,environment,e_attr_02,value_01
rule_0261,user,u_attr_01,value_00
rule_0261,environment,e_attr_02,value_01
rule_0261,environment,e_attr_01,value_01
rule_0262,user,u_attr_01,value_01
rule_0262,environment,e_attr_01,value_01
rule_0262,environment,e_attr_02,value_01
rule_0263,user,u_attr_01,value_00
rule_0263,environment,e_attr_02,value_01
rule_0263,environment,e_attr_01,value_01
rule_0264,user,u_attr_01,value_01
rule_0264,environment,e_attr_02,value_01
rule_0264,environment,e_attr_01,value_01
rule_0265,user,u_attr_01,value_00
rule_0265,environment,e_attr_02,value_01
rule_0265,environment,e_attr_01,value_01
rule_0266,user,u_attr_01,value_00
rule_0266,environment,e_attr_01,value_01
rule_0266,environment,e_attr_02,value_01
rule_0267,user,u_attr_01,value_00
rule_0267,environment,e_attr_02,value_01
rule_0267,environment,e_attr_01,value_01
rule_0268,user,u_attr_01,value_01
rule_0268,environment,e_attr_01,value_01
rule_0268,environment,e_attr_02,value_01
rule_0269,user,u_attr_01,value_01
rule_0269,environment,e_attr_02,value_01
rule_0269,environment,e_attr_01,value_01
rule_0270,user,u_attr_01,value_00
rule_0270,environment,e_attr_02,value_01
rule_0270,environment,e_attr_01,value_01
rule_0271,user,u_attr_01,value_01
rule_0271,environment,e_attr_01,value_01
rule_0271,environment,e_attr_02,value_01
rule_0272,user,u_attr_01,value_01
rule_0272,environment,e_attr_02,value_01
rule_0272,environment,e_attr_01,value_01
rule_0273,user,u_attr_01,value_00
rule_0273,environment,e_attr_02,value_01
rule_0273,environment,e_attr_01,value_01
rule_0274,user,u_attr_01,value_01
rule_0274,environment,e_attr_02,value_01
rule_0274,environment,e_attr_01,value_01
rule_0275,user,u_attr_01,value_01
rule_0275,environment,e_attr_02,value_01
rule_0275,environment,e_attr_01,value_01
rule_0276,user,u_attr_01,value_01
rule_0276,environment,e_attr_02,value_01
rule_0276,environment,e_attr_01,value_01
rule_0277,user,u_attr_01,value_01
rule_0277,environment,e_attr_01,value_01
rule_0277,environment,e_attr_02,value_01
rule_0278,user,u_attr_01,value_00
rule_0278,environment,e_attr_01,value_01
rule_0278,environment,e_attr_02,value_01
rule_0279,user,u_attr_01,value_01
rule_0279,environment,e_attr_02,value_01
rule_0279,environment,e_attr_01,value_01
rule_0280,user,u_attr_01,value_01
rule_0280,environment,e_attr_02,value_01
rule_0280,environment,e_attr_01,value_01
rule_0281,user,u_attr_01,value_00
rule_0281,environment,e_attr_02,value_01
rule_0281,environment,e_attr_01,value_01
rule_0282,user,u_attr_01,value_00
rule_0282,environment,e_attr_02,value_01
rule_0282,environment,e_attr_01,value_01
rule_0283,user,u_attr_01,value_00
rule_0283,environment,e_attr_01,value_01
rule_0283,environment,e_attr_02,value_01
rule_0284,user,u_attr_01,value_00
rule_0284,environment,e_attr_02,value_01
rule_0284,environment,e_attr_01,value_01
rule_0285,user,u_attr_01,value_01
rule_0285,environment,e_attr_01,value_01
rule_0285,environment,e_attr_02,value_01
rule_0286,user,u_attr_01,value_01
rule_0286,environment,e_attr_02,value_01
rule_0286,environment,e_attr_01,value_01
rule_0287,user,u_attr_01,value_00
rule_0287,environment,e_attr_01,value_01
rule_0287,environment,e_attr_02,value_01
rule_0288,user,u_attr_01,value_01
rule_0288,environment,e_attr_01,value_01
rule_0288,environment,e_attr_02,value_01
rule_0289,user,u_attr_01,value_00
rule_0289,environment,e_attr_01,value_01
rule_0289,environment,e_attr_02,value_01
rule_0290,user,u_attr_01,value_01
rule_0290,environment,e_attr_01,value_01
rule_0290,environment,e_attr_02,value_01
rule_0291,user,u_attr_01,value_00
rule_0291,environment,e_attr_01,value_01
rule_0291,environment,e_attr_02,value_01
rule_0292,user,u_attr_01,value_01
rule_0292,environment,e_attr_02,value_01
rule_0292,environment,e_attr_01,value_01
rule_0293,user,u_attr_01,value_01
rule_0293,environment,e_attr_02,value_01
rule_0293,environment,e_attr_01,value_01
rule_0294,user,u_attr_01,value_00
rule_0294,environment,e_attr_02,value_01
rule_0294,environment,e_attr_01,value_01
rule_0295,user,u_attr_01,value_00
rule_0295,environment,e_attr_01,value_01
rule_0295,environment,e_attr_02,value_01
rule_0296,user,u_attr_01,value_00
rule_0296,environment,e_attr_02,value_01
rule_0296,environment,e_attr_01,value_01
rule_0297,user,u_attr_01,value_01
rule_0297,environment,e_attr_01,value_01
rule_0297,environment,e_attr_02,value_01
rule_0298,user,u_attr_01,value_00
rule_0298,environment,e_attr_01,value_01
rule_0298,environment,e_attr_02,value_01
rule_0299,user,u_attr_01,value_01
rule_0299,environment,e_attr_01,value_01
rule_0299,environment,e_attr_02,value_01
rule_0300,user,u_attr_01,value_00
rule_0300,environment,e_attr_01,value_01
rule_0300,environment,e_attr_02,value_01
rule_0301,user,u_attr_01,value_00
rule_0301,environment,e_attr_01,value_01
rule_0301,environment,e_attr_02,value_01
rule_0302,user,u_attr_01,value_00
rule_0302,environment,e_attr_02,value_01
rule_0302,environment,e_attr_01,value_01
rule_0303,user,u_attr_01,value_00
rule_0303,environment,e_attr_02,value_01
rule_0303,environment,e_attr_01,value_01
rule_0304,user,u_attr_01,value_01
rule_0304,environment,e_attr_01,value_01
rule_0304,environment,e_attr_02,value_01
rule_0305,user,u_attr_01,value_00
rule_0305,environment,e_attr_01,value_01
rule_0305,environment,e_attr_02,value_01
rule_0306,user,u_attr_01,value_00
rule_0306,environment,e_attr_01,value_01
rule_0306,environment,e_attr_02,value_01
rule_0307,user,u_attr_01,value_00
rule_0307,environment,e_attr_02,value_01
rule_0307,environment,e_attr_01,value_01
rule_0308,user,u_attr_01,value_00
rule_0308,environment,e_attr_02,value_01
rule_0308,environment,e_attr_01,value_01
rule_0309,user,u_attr_01,value_01
rule_0309,environment,e_attr_02,value_01
rule_0309,environment,e_attr_01,value_01
rule_0310,user,u_attr_01,value_00
rule_0310,environment,e_attr_02,value_01
rule_0310,environment,e_attr_01,value_01
rule_0311,user,u_attr_01,value_00
rule_0311,environment,e_attr_01,value_01
rule_0311,environment,e_attr_02,value_01
rule_0312,user,u_attr_01,value_00
rule_0312,environment,e_attr_01,value_01
rule_0312,environment,e_attr_02,value_01
rule_0313,user,u_attr_01,value_00
rule_0313,environment,e_attr_01,value_01
rule_0313,environment,e_attr_02,value_01
rule_0314,user,u_attr_01,value_01
rule_0314,environment,e_attr_02,value_01
rule_0314,environment,e_attr_01,value_01
rule_0315,user,u_attr_01,value_00
rule_0315,environment,e_attr_02,value_01
rule_0315,environment,e_attr_01,value_01
rule_0316,user,u_attr_01,value_01
rule_0316,environment,e_attr_02,value_01
rule_0316,environment,e_attr_01,value_01
rule_0317,user,u_attr_01,value_01
rule_0317,environment,e_attr_01,value_01
rule_0317,environment,e_attr_02,value_01
rule_0318,user,u_attr_01,value_01
rule_0318,environment,e_attr_01,value_01
rule_0318,environment,e_attr_02,value_01
rule_0319,user,u_attr_01,value_00
rule_0319,environment,e_attr_02,value_01
rule_0319,environment,e_attr_01,value_01
rule_0320,user,u_attr_01,value_01
rule_0320,environment,e_attr_02,value_01
rule_0320,environment,e_attr_01,value_01
rule_0321,user,u_attr_01,value_00
rule_0321,environment,e_attr_01,value_01
rule_0321,environment,e_attr_02,value_01
rule_0322,user,u_attr_01,value_00
rule_0322,environment,e_attr_01,value_01
rule_0322,environment,e_attr_02,value_01
rule_0323,user,u_attr_01,value_01
rule_0323,environment,e_attr_01,value_01
rule_0323,environment,e_attr_02,value_01
rule_0324,user,u_attr_01,value_00
rule_0324,environment,e_attr_01,value_01
rule_0324,environment,e_attr_02,value_01
rule_0325,user,u_attr_01,value_01
rule_0325,environment,e_attr_01,value_01
rule_0325,environment,e_attr_02,value_01
rule_0326,user,u_attr_01,value_00
rule_0326,environment,e_attr_01,value_01
rule_0326,environment,e_attr_02,value_01
rule_0327,user,u_attr_01,value_01
rule_0327,environment,e_attr_01,value_01
rule_0327,environment,e_attr_02,value_01
rule_0328,user,u_attr_01,value_01
rule_0328,environment,e_attr_01,value_01
rule_0328,environment,e_attr_02,value_01
rule_0329,user,u_attr_01,value_01
rule_0329,environment,e_attr_02,value_01
rule_0329,environment,e_attr_01,value_01
rule_0330,user,u_attr_01,value_01
rule_0330,environment,e_attr_02,value_01
rule_0330,environment,e_attr_01,value_01
rule_0331,user,u_attr_01,value_00
rule_0331,environment,e_attr_02,value_01
rule_0331,environment,e_attr_01,value_01
rule_0332,user,u_attr_01,value_01
rule_0332,environment,e_attr_01,value_01
rule_0332,environment,e_attr_02,value_01
rule_0333,user,u_attr_01,value_01
rule_0333,environment,e_attr_01,value_01
rule_0333,environment,e_attr_02,value_01
rule_0334,user,u_attr_01,value_00
rule_0334,environment,e_attr_02,value_01
rule_0334,environment,e_attr_01,value_01
rule_0335,user,u_attr_01,value_01
rule_0335,environment,e_attr_02,value_01
rule_0335,environment,e_attr_01,value_01
rule_0336,user,u_attr_01,value_00
rule_0336,environment,e_attr_02,value_01
rule_0336,environment,e_attr_01,value_01
rule_0337,user,u_attr_01,value_00
rule_0337,environment,e_attr_01,value_01
rule_0337,environment,e_attr_02,value_01
rule_0338,user,u_attr_01,value_00
rule_0338,environment,e_attr_01,value_01
rule_0338,environment,e_attr_02,value_01
rule_0339,user,u_attr_01,value_00
rule_0339,environment,e_attr_02,value_01
rule_0339,environment,e_attr_01,value_01
rule_0340,user,u_attr_01,value_01
rule_0340,environment,e_attr_01,value_01
rule_0340,environment,e_attr_02,value_01
rule_0341,user,u_attr_01,value_00
rule_0341,environment,e_attr_02,value_01
rule_0341,environment,e_attr_01,value_01
rule_0342,user,u_attr_01,value_00
rule_0342,environment,e_attr_01,value_01
rule_0342,environment,e_attr_02,value_01
rule_0343,user,u_attr_01,value_01
rule_0343,environment,e_attr_01,value_01
rule_0343,environment,e_attr_02,value_01
rule_0344,user,u_attr_01,value_00
rule_0344,environment,e_attr_01,value_01
rule_0344,environment,e_attr_02,value_01
rule_0345,user,u_attr_01,value_01
rule_0345,environment,e_attr_01,value_01
rule_0345,environment,e_attr_02,value_01
rule_0346,user,u_attr_01,value_00
rule_0346,environment,e_attr_01,value_01
rule_0346,environment,e_attr_02,value_01
rule_0347,user,u_attr_01,value_00
rule_0347,environment,e_attr_01,value_01
rule_0347,environment,e_attr_02,value_01
rule_0348,user,u_attr_01,value_00
rule_0348,environment,e_attr_01,value_01
rule_0348,environment,e_attr_02,value_01
rule_0349,user,u_attr_01,value_01
rule_0349,environment,e_attr_02,value_01
rule_0349,environment,e_attr_01,value_01
rule_0350,user,u_attr_01,value_01
rule_0350,environment,e_attr_02,value_01
rule_0350,environment,e_attr_01,value_01
rule_0351,user,u_attr_01,value_00
rule_0351,environment,e_attr_01,value_01
rule_0351,environment,e_attr_02,value_01
rule_0352,user,u_attr_01,value_01
rule_0352,environment,e_attr_01,value_01
rule_0352,environment,e_attr_02,value_01
rule_0353,user,u_attr_01,value_00
rule_0353,environment,e_attr_02,value_01
rule_0353,environment,e_attr_01,value_01
rule_0354,user,u_attr_01,value_01
rule_0354,environment,e_attr_02,value_01
rule_0354,environment,e_attr_01,value_01
rule_0355,user,u_attr_01,value_01
rule_0355,environment,e_attr_02,value_01
rule_0355,environment,e_attr_01,value_01
rule_0356,user,u_attr_01,value_01
rule_0356,environment,e_attr_02,value_01
rule_0356,environment,e_attr_01,value_01
rule_0357,user,u_attr_01,value_00
rule_0357,environment,e_attr_02,value_01
rule_0357,environment,e_attr_01,value_01
rule_0358,user,u_attr_01,value_01
rule_0358,environment,e_attr_01,value_01
rule_0358,environment,e_attr_02,value_01
rule_0359,user,u_attr_01,value_01
rule_0359,environment,e_attr_02,value_01
rule_0359,environment,e_attr_01,value_01
rule_0360,user,u_attr_01,value_01
rule_0360,environment,e_attr_01,value_01
rule_0360,environment,e_attr_02,value_01
rule_0361,user,u_attr_01,value_00
rule_0361,environment,e_attr_01,value_01
rule_0361,environment,e_attr_02,value_01
rule_0362,user,u_attr_01,value_01
rule_0362,environment,e_attr_02,value_01
rule_0362,environment,e_attr_01,value_01
rule_0363,user,u_attr_01,value_00
rule_0363,environment,e_attr_01,value_01
rule_0363,environment,e_attr_02,value_01
rule_0364,user,u_attr_01,value_01
rule_0364,environment,e_attr_02,value_01
rule_0364,environment,e_attr_01,value_01
rule_0365,user,u_attr_01,value_01
rule_0365,environment,e_attr_01,value_01
rule_0365,environment,e_attr_02,value_01
rule_0366,user,u_attr_01,value_00
rule_0366,environment,e_attr_01,value_01
rule_0366,environment,e_attr_02,value_01
rule_0367,user,u_attr_01,value_01
rule_0367,environment,e_attr_01,value_01
rule_0367,environment,e_attr_02,value_01
rule_0368,user,u_attr_01,value_00
rule_0368,environment,e_attr_01,value_01
rule_0368,environment,e_attr_02,value_01
rule_0369,user,u_attr_01,value_00
rule_0369,environment,e_attr_01,value_01
rule_0369,environment,e_attr_02,value_01
rule_0370,user,u_attr_01,value_00
rule_0370,environment,e_attr_01,value_01
rule_0370,environment,e_attr_02,value_01
rule_0371,user,u_attr_01,value_00
rule_0371,environment,e_attr_01,value_01
rule_0371,environment,e_attr_02,value_01
rule_0372,user,u_attr_01,value_01
rule_0372,environment,e_attr_01,value_01
rule_0372,environment,e_attr_02,value_01
rule_0373,user,u_attr_01,value_01
rule_0373,environment,e_attr_01,value_01
rule_0373,environment,e_attr_02,value_01
rule_0374,user,u_attr_01,value_00
rule_0374,environment,e_attr_02,value_01
rule_0374,environment,e_attr_01,value_01
rule_0375,user,u_attr_01,value_01
rule_0375,environment,e_attr_01,value_01
rule_0375,environment,e_attr_02,value_01
rule_0376,user,u_attr_01,value_00
rule_0376,environment,e_attr_01,value_01
rule_0376,environment,e_attr_02,value_01
rule_0377,user,u_attr_01,value_00
rule_0377,environment,e_attr_01,value_01
rule_0377,environment,e_attr_02,value_01
rule_0378,user,u_attr_01,value_00
rule_0378,environment,e_attr_02,value_01
rule_0378,environment,e_attr_01,value_01
rule_0379,user,u_attr_01,value_01
rule_0379,environment,e_attr_01,value_01
rule_0379,environment,e_attr_02,value_01
rule_0380,user,u_attr_01,value_00
rule_0380,environment,e_attr_01,value_01
rule_0380,environment,e_attr_02,value_01
rule_0381,user,u_attr_01,value_01
rule_0381,environment,e_attr_02,value_01
rule_0381,environment,e_attr_01,value_01
rule_0382,user,u_attr_01,value_00
rule_0382,environment,e_attr_02,value_01
rule_0382,environment,e_attr_01,value_01
rule_0383,user,u_attr_01,value_01
rule_0383,environment,e_attr_02,value_01
rule_0383,environment,e_attr_01,value_01
rule_0384,user,u_attr_01,value_00
rule_0384,environment,e_attr_01,value_01
rule_0384,environment,e_attr_02,value_01
rule_0385,user,u_attr_01,value_00
rule_0385,environment,e_attr_02,value_01
rule_0385,environment,e_attr_01,value_01
rule_0386,user,u_attr_01,value_00
rule_0386,environment,e_attr_02,value_01
rule_0386,environment,e_attr_01,value_01
rule_0387,user,u_attr_01,value_01
rule_0387,environment,e_attr_02,value_01
rule_0387,environment,e_attr_01,value_01
rule_0388,user,u_attr_01,value_00
rule_0388,environment,e_attr_01,value_01
rule_0388,environment,e_attr_02,value_01
rule_0389,user,u_attr_01,value_00
rule_0389,environment,e_attr_01,value_01
rule_0389,environment,e_attr_02,value_01
rule_0390,user,u_attr_01,value_01
rule_0390,environment,e_attr_01,value_01
rule_0390,environment,e_attr_02,value_01
rule_0391,user,u_attr_01,value_00
rule_0391,environment,e_attr_01,value_01
rule_0391,environment,e_attr_02,value_01
rule_0392,user,u_attr_01,value_01
rule_0392,environment,e_attr_01,value_01
rule_0392,environment,e_attr_02,value_01
rule_0393,user,u_attr_01,value_00
rule_0393,environment,e_attr_02,value_01
rule_0393,environment,e_attr_01,value_01
rule_0394,user,u_attr_01,value_01
rule_0394,environment,e_attr_02,value_01
rule_0394,environment,e_attr_01,value_01
rule_0395,user,u_attr_01,value_01
rule_0395,environment,e_attr_02,value_01
rule_0395,environment,e_attr_01,value_01
rule_0396,user,u_attr_01,value_01
rule_0396,environment,e_attr_01,value_01
rule_0396,environment,e_attr_02,value_01
rule_0397,user,u_attr_01,value_00
rule_0397,environment,e_attr_02,value_01
rule_0397,environment,e_attr_01,value_01
rule_0398,user,u_attr_01,value_01
rule_0398,environment,e_attr_01,value_01
rule_0398,environment,e_attr_02,value_01
rule_0399,user,u_attr_01,value_00
rule_0399,environment,e_attr_02,value_01
rule_0399,environment,e_attr_01,value_01
rule_0400,user,u_attr_01,value_00
rule_0400,environment,e_attr_01,value_01
rule_0400,environment,e_attr_02,value_01
rule_0401,user,u_attr_01,value_00
rule_0401,environment,e_attr_02,value_01
rule_0401,environment,e_attr_01,value_01
rule_0402,user,u_attr_01,value_00
rule_0402,environment,e_attr_01,value_01
rule_0402,environment,e_attr_02,value_01
rule_0403,user,u_attr_01,value_01
rule_0403,environment,e_attr_01,value_01
rule_0403,environment,e_attr_02,value_01
rule_0404,user,u_attr_01,value_00
rule_0404,environment,e_attr_01,value_01
rule_0404,environment,e_attr_02,value_01
rule_0405,user,u_attr_01,value_01
rule_0405,environment,e_attr_02,value_01
rule_0405,environment,e_attr_01,value_01
rule_0406,user,u_attr_01,value_00
rule_0406,environment,e_attr_02,value_01
rule_0406,environment,e_attr_01,value_01
rule_0407,user,u_attr_01,value_01
rule_0407,environment,e_attr_01,value_01
rule_0407,environment,e_attr_02,value_01
rule_0408,user,u_attr_01,value_01
rule_0408,environment,e_attr_01,value_01
rule_0408,environment,e_attr_02,value_01
rule_0409,user,u_attr_01,value_00
rule_0409,environment,e_attr_01,value_01
rule_0409,environment,e_attr_02,value_01
rule_0410,user,u_attr_01,value_00
rule_0410,environment,e_attr_02,value_01
rule_0410,environment,e_attr_01,value_01
rule_0411,user,u_attr_01,value_00
rule_0411,environment,e_attr_01,value_01
rule_0411,environment,e_attr_02,value_01
rule_0412,user,u_attr_01,value_01
rule_0412,environment,e_attr_02,value_01
rule_0412,environment,e_attr_01,value_01
rule_0413,user,u_attr_01,value_01
rule_0413,environment,e_attr_01,value_01
rule_0413,environment,e_attr_02,value_01
rule_0414,user,u_attr_01,value_00
rule_0414,environment,e_attr_01,value_01
rule_0414,environment,e_attr_02,value_01
rule_0415,user,u_attr_01,value_00
rule_0415,environment,e_attr_01,value_01
rule_0415,environment,e_attr_02,value_01
rule_0416,user,u_attr_01,value_00
rule_0416,environment,e_attr_01,value_01
rule_0416,environment,e_attr_02,value_01
rule_0417,user,u_attr_01,value_01
rule_0417,environment,e_attr_02,value_01
rule_0417,environment,e_attr_01,value_01
rule_0418,user,u_attr_01,value_00
rule_0418,environment,e_attr_02,value_01
rule_0418,environment,e_attr_01,value_01
rule_0419,user,u_attr_01,value_01
rule_0419,environment,e_attr_02,value_01
rule_0419,environment,e_attr_01,value_01
rule_0420,user,u_attr_01,value_01
rule_0420,environment,e_attr_02,value_01
rule_0420,environment,e_attr_01,value_01
rule_0421,user,u_attr_01,value_01
rule_0421,environment,e_attr_01,value_01
rule_0421,environment,e_attr_02,value_01
rule_0422,user,u_attr_01,value_01
rule_0422,environment,e_attr_01,value_01
rule_0422,environment,e_attr_02,value_01
rule_0423,user,u_attr_01,value_01
rule_0423,environment,e_attr_01,value_01
rule_0423,environment,e_attr_02,value_01
rule_0424,user,u_attr_01,value_01
rule_0424,environment,e_attr_02,value_01
rule_0424,environment,e_attr_01,value_01
rule_0425,user,u_attr_01,value_01
rule_0425,environment,e_attr_02,value_01
rule_0425,environment,e_attr_01,value_01
rule_0426,user,u_attr_01,value_00
rule_0426,environment,e_attr_02,value_01
rule_0426,environment,e_attr_01,value_01
rule_0427,user,u_attr_01,value_01
rule_0427,environment,e_attr_01,value_01
rule_0427,environment,e_attr_02,value_01
rule_0428,user,u_attr_01,value_01
rule_0428,environment,e_attr_02,value_01
rule_0428,environment,e_attr_01,value_01
rule_0429,user,u_attr_01,value_00
rule_0429,environment,e_attr_01,value_01
rule_0429,environment,e_attr_02,value_01
rule_0430,user,u_attr_01,value_00
rule_0430,environment,e_attr_02,value_01
rule_0430,environment,e_attr_01,value_01
rule_0431,user,u_attr_01,value_01
rule_0431,environment,e_attr_02,value_01
rule_0431,environment,e_attr_01,value_01
rule_0432,user,u_attr_01,value_01
rule_0432,environment,e_attr_01,value_01
rule_0432,environment,e_attr_02,value_01
rule_0433,user,u_attr_01,value_01
rule_0433,environment,e_attr_01,value_01
rule_0433,environment,e_attr_02,value_01
rule_0434,user,u_attr_01,value_00
rule_0434,environment,e_attr_01,value_01
rule_0434,environment,e_attr_02,value_01
rule_0435,user,u_attr_01,value_00
rule_0435,environment,e_attr_01,value_01
rule_0435,environment,e_attr_02,value_01
rule_0436,user,u_attr_01,value_00
rule_0436,environment,e_attr_02,value_01
rule_0436,environment,e_attr_01,value_01
rule_0437,user,u_attr_01,value_01
rule_0437,environment,e_attr_01,value_01
rule_0437,environment,e_attr_02,value_01
rule_0438,user,u_attr_01,value_00
rule_0438,environment,e_attr_01,value_01
rule_0438,environment,e_attr_02,value_01
rule_0439,user,u_attr_01,value_01
rule_0439,environment,e_attr_02,value_01
rule_0439,environment,e_attr_01,value_01
rule_0440,user,u_attr_01,value_01
rule_0440,environment,e_attr_02,value_01
rule_0440,environment,e_attr_01,value_01
rule_0441,user,u_attr_01,value_00
rule_0441,environment,e_attr_01,value_01
rule_0441,environment,e_attr_02,value_01
rule_0442,user,u_attr_01,value_00
rule_0442,environment,e_attr_02,value_01
rule_0442,environment,e_attr_01,value_01
rule_0443,user,u_attr_01,value_01
rule_0443,environment,e_attr_01,value_01
rule_0443,environment,e_attr_02,value_01
rule_0444,user,u_attr_01,value_01
rule_0444,environment,e_attr_02,value_01
rule_0444,environment,e_attr_01,value_01
rule_0445,user,u_attr_01,value_00
rule_0445,environment,e_attr_02,value_01
rule_0445,environment,e_attr_01,value_01
rule_0446,user,u_attr_01,value_00
rule_0446,environment,e_attr_01,value_01
rule_0446,environment,e_attr_02,value_01
rule_0447,user,u_attr_01,value_00
rule_0447,environment,e_attr_01,value_01
rule_0447,environment,e_attr_02,value_01
rule_0448,user,u_attr_01,value_00
rule_0448,environment,e_attr_01,value_01
rule_0448,environment,e_attr_02,value_01
rule_0449,user,u_attr_01,value_01
rule_0449,environment,e_attr_01,value_01
rule_0449,environment,e_attr_02,value_01
rule_0450,user,u_attr_01,value_01
rule_0450,environment,e_attr_01,value_01
rule_0450,environment,e_attr_02,value_01
rule_0451,user,u_attr_01,value_01
rule_0451,environment,e_attr_01,value_01
rule_0451,environment,e_attr_02,value_01
rule_0452,user,u_attr_01,value_00
rule_0452,environment,e_attr_01,value_01
rule_0452,environment,e_attr_02,value_01
rule_0453,user,u_attr_01,value_00
rule_0453,environment,e_attr_01,value_01
rule_0453,environment,e_attr_02,value_01
rule_0454,user,u_attr_01,value_01
rule_0454,environment,e_attr_02,value_01
rule_0454,environment,e_attr_01,value_01
rule_0455,user,u_attr_01,value_01
rule_0455,environment,e_attr_02,value_01
rule_0455,environment,e_attr_01,value_01
rule_0456,user,u_attr_01,value_00
rule_0456,environment,e_attr_02,value_01
rule_0456,environment,e_attr_01,value_01
rule_0457,user,u_attr_01,value_01
rule_0457,environment,e_attr_01,value_01
rule_0457,environment,e_attr_02,value_01
rule_0458,user,u_attr_01,value_01
rule_0458,environment,e_attr_01,value_01
rule_0458,environment,e_attr_02,value_01
rule_0459,user,u_attr_01,value_01
rule_0459,environment,e_attr_01,value_01
rule_0459,environment,e_attr_02,value_01
rule_0460,user,u_attr_01,value_00
rule_0460,environment,e_attr_02,value_01
rule_0460,environment,e_attr_01,value_01
rule_0461,user,u_attr_01,value_01
rule_0461,environment,e_attr_02,value_01
rule_0461,environment,e_attr_01,value_01
rule_0462,user,u_attr_01,value_00
rule_0462,environment,e_attr_02,value_01
rule_0462,environment,e_attr_01,value_01
rule_0463,user,u_attr_01,value_01
rule_0463,environment,e_attr_02,value_01
rule_0463,environment,e_attr_01,value_01
rule_0464,user,u_attr_01,value_00
rule_0464,environment,e_attr_01,value_01
rule_0464,environment,e_attr_02,value_01
rule_0465,user,u_attr_01,value_00
rule_0465,environment,e_attr_01,value_01
rule_0465,environment,e_attr_02,value_01
rule_0466,user,u_attr_01,value_01
rule_0466,environment,e_attr_02,value_01
rule_0466,environment,e_attr_01,value_01
rule_0467,user,u_attr_01,value_00
rule_0467,environment,e_attr_01,value_01
rule_0467,environment,e_attr_02,value_01
rule_0468,user,u_attr_01,value_01
rule_0468,environment,e_attr_01,value_01
rule_0468,environment,e_attr_02,value_01
rule_0469,user,u_attr_01,value_00
rule_0469,environment,e_attr_01,value_01
rule_0469,environment,e_attr_02,value_01
rule_0470,user,u_attr_01,value_01
rule_0470,environment,e_attr_01,value_01
rule_0470,environment,e_attr_02,value_01
rule_0471,user,u_attr_01,value_00
rule_0471,environment,e_attr_02,value_01
rule_0471,environment,e_attr_01,value_01
rule_0472,user,u_attr_01,value_00
rule_0472,environment,e_attr_01,value_01
rule_0472,environment,e_attr_02,value_01
rule_0473,user,u_attr_01,value_01
rule_0473,environment,e_attr_02,value_01
rule_0473,environment,e_attr_01,value_01
rule_0474,user,u_attr_01,value_01
rule_0474,environment,e_attr_01,value_01
rule_0474,environment,e_attr_02,value_01
rule_0475,user,u_attr_01,value_00
rule_0475,environment,e_attr_02,value_01
rule_0475,environment,e_attr_01,value_01
rule_0476,user,u_attr_01,value_01
rule_0476,environment,e_attr_02,value_01
rule_0476,environment,e_attr_01,value_01
rule_0477,user,u_attr_01,value_01
rule_0477,environment,e_attr_01,value_01
rule_0477,environment,e_attr_02,value_01
rule_0478,user,u_attr_01,value_01
rule_0478,environment,e_attr_02,value_01
rule_0478,environment,e_attr_01,value_01
rule_0479,user,u_attr_01,value_00
rule_0479,environment,e_attr_02,value_01
rule_0479,environment,e_attr_01,value_01
rule_0480,user,u_attr_01,value_00
rule_0480,environment,e_attr_02,value_01
rule_0480,environment,e_attr_01,value_01
rule_0481,user,u_attr_01,value_00
rule_0481,environment,e_attr_02,value_01
rule_0481,environment,e_attr_01,value_01
rule_0482,user,u_attr_01,value_00
rule_0482,environment,e_attr_02,value_01
rule_0482,environment,e_attr_01,value_01
rule_0483,user,u_attr_01,value_00
rule_0483,environment,e_attr_01,value_01
rule_0483,environment,e_attr_02,value_01
rule_0484,user,u_attr_01,value_01
rule_0484,environment,e_attr_02,value_01
rule_0484,environment,e_attr_01,value_01
rule_0485,user,u_attr_01,value_00
rule_0485,environment,e_attr_02,value_01
rule_0485,environment,e_attr_01,value_01
rule_0486,user,u_attr_01,value_01
rule_0486,environment,e_attr_01,value_01
rule_0486,environment,e_attr_02,value_01
rule_0487,user,u_attr_01,value_00
rule_0487,environment,e_attr_02,value_01
rule_0487,environment,e_attr_01,value_01
rule_0488,user,u_attr_01,value_01
rule_0488,environment,e_attr_02,value_01
rule_0488,environment,e_attr_01,value_01
rule_0489,user,u_attr_01,value_00
rule_0489,environment,e_attr_02,value_01
rule_0489,environment,e_attr_01,value_01
rule_0490,user,u_attr_01,value_01
rule_0490,environment,e_attr_02,value_01
rule_0490,environment,e_attr_01,value_01
rule_0491,user,u_attr_01,value_01
rule_0491,environment,e_attr_02,value_01
rule_0491,environment,e_attr_01,value_01
rule_0492,user,u_attr_01,value_01
rule_0492,environment,e_attr_02,value_01
rule_0492,environment,e_attr_01,value_01
rule_0493,user,u_attr_01,value_00
rule_0493,environment,e_attr_02,value_01
rule_0493,environment,e_attr_01,value_01
rule_0494,user,u_attr_01,value_00
rule_0494,environment,e_attr_02,value_01
rule_0494,environment,e_attr_01,value_01
rule_0495,user,u_attr_01,value_00
rule_0495,environment,e_attr_02,value_01
rule_0495,environment,e_attr_01,value_01
rule_0496,user,u_attr_01,value_00
rule_0496,environment,e_attr_02,value_01
rule_0496,environment,e_attr_01,value_01
rule_0497,user,u_attr_01,value_01
rule_0497,environment,e_attr_01,value_01
rule_0497,environment,e_attr_02,value_01
rule_0498,user,u_attr_01,value_01
rule_0498,environment,e_attr_02,value_01
rule_0498,environment,e_attr_01,value_01
rule_0499,user,u_attr_01,value_01
rule_0499,environment,e_attr_01,value_01
rule_0499,environment,e_attr_02,value_01
rule_0500,user,u_attr_01,value_01
rule_0500,environment,e_attr_02,value_01
rule_0500,environment,e_attr_01,value_01
