profile,environment_conditions_per_rule,point_id,configuration_json,users_csv,resources_csv,user_attributes_csv,resource_attributes_csv,environment_attributes_csv,abac_rules_csv,rule_conditions_csv
C1,1,C1-environment-01,config-001/environment-01/configuration.json,../config-001/users.csv,../config-001/resources.csv,../config-001/user_attributes.csv,../config-001/resource_attributes.csv,config-001/environment-01/environment_attributes.csv,config-001/environment-01/abac_rules.csv,config-001/environment-01/rule_conditions.csv
C1,2,C1-environment-02,config-001/environment-02/configuration.json,../config-001/users.csv,../config-001/resources.csv,../config-001/user_attributes.csv,../config-001/resource_attributes.csv,config-001/environment-02/environment_attributes.csv,config-001/environment-02/abac_rules.csv,config-001/environment-02/rule_conditions.csv
C2,1,C2-environment-01,config-002/environment-01/configuration.json,../config-002/users.csv,../config-002/resources.csv,../config-002/user_attributes.csv,../config-002/resource_attributes.csv,config-002/environment-01/environment_attributes.csv,config-002/environment-01/abac_rules.csv,config-002/environment-01/rule_conditions.csv
C2,2,C2-environment-02,config-002/environment-02/configuration.json,../config-002/users.csv,../config-002/resources.csv,../config-002/user_attributes.csv,../config-002/resource_attributes.csv,config-002/environment-02/environment_attributes.csv,config-002/environment-02/abac_rules.csv,config-002/environment-02/rule_conditions.csv
C3,1,C3-environment-01,config-003/environment-01/configuration.json,../config-003/users.csv,../config-003/resources.csv,../config-003/user_attributes.csv,../config-003/resource_attributes.csv,config-003/environment-01/environment_attributes.csv,config-003/environment-01/abac_rules.csv,config-003/environment-01/rule_conditions.csv
C3,2,C3-environment-02,config-003/environment-02/configuration.json,../config-003/users.csv,../config-003/resources.csv,../config-003/user_attributes.csv,../config-003/resource_attributes.csv,config-003/environment-02/environment_attributes.csv,config-003/environment-02/abac_rules.csv,config-003/environment-02/rule_conditions.csv
C3,3,C3-environment-03,config-003/environment-03/configuration.json,../config-003/users.csv,../config-003/resources.csv,../config-003/user_attributes.csv,../config-003/resource_attributes.csv,config-003/environment-03/environment_attributes.csv,config-003/environment-03/abac_rules.csv,config-003/environment-03/rule_conditions.csv
C4,1,C4-environment-01,config-004/environment-01/configuration.json,../config-004/users.csv,../config-004/resources.csv,../config-004/user_attributes.csv,../config-004/resource_attributes.csv,config-004/environment-01/environment_attributes.csv,config-004/environment-01/abac_rules.csv,config-004/environment-01/rule_conditions.csv
C4,2,C4-environment-02,config-004/environment-02/configuration.json,../config-004/users.csv,../config-004/resources.csv,../config-004/user_attributes.csv,../config-004/resource_attributes.csv,config-004/environment-02/environment_attributes.csv,config-004/environment-02/abac_rules.csv,config-004/environment-02/rule_conditions.csv
C4,3,C4-environment-03,config-004/environment-03/configuration.json,../config-004/users.csv,../config-004/resources.csv,../config-004/user_attributes.csv,../config-004/resource_attributes.csv,config-004/environment-03/environment_attributes.csv,config-004/environment-03/abac_rules.csv,config-004/environment-03/rule_conditions.csv
C5,1,C5-environment-01,config-005/environment-01/configuration.json,../config-005/users.csv,../config-005/resources.csv,../config-005/user_attributes.csv,../config-005/resource_attributes.csv,config-005/environment-01/environment_attributes.csv,config-005/environment-01/abac_rules.csv,config-005/environment-01/rule_conditions.csv
C5,2,C5-environment-02,config-005/environment-02/configuration.json,../config-005/users.csv,../config-005/resources.csv,../config-005/user_attributes.csv,../config-005/resource_attributes.csv,config-005/environment-02/environment_attributes.csv,config-005/environment-02/abac_rules.csv,config-005/environment-02/rule_conditions.csv
C5,3,C5-environment-03,config-005/environment-03/configuration.json,../config-005/users.csv,../config-005/resources.csv,../config-005/user_attributes.csv,../config-005/resource_attributes.csv,config-005/environment-03/environment_attributes.csv,config-005/environment-03/abac_rules.csv,config-005/environment-03/rule_conditions.csv
C5,4,C5-environment-04,config-005/environment-04/configuration.json,../config-005/users.csv,../config-005/resources.csv,../config-005/user_attributes.csv,../config-005/resource_attributes.csv,config-005/environment-04/environment_attributes.csv,config-005/environment-04/abac_rules.csv,config-005/environment-04/rule_conditions.csv
C5,5,C5-environment-05,config-005/environment-05/configuration.json,../config-005/users.csv,../config-005/resources.csv,../config-005/user_attributes.csv,../config-005/resource_attributes.csv,config-005/environment-05/environment_attributes.csv,config-005/environment-05/abac_rules.csv,config-005/environment-05/rule_conditions.csv
C6,1,C6-environment-01,config-006/environment-01/configuration.json,../config-006/users.csv,../config-006/resources.csv,../config-006/user_attributes.csv,../config-006/resource_attributes.csv,config-006/environment-01/environment_attributes.csv,config-006/environment-01/abac_rules.csv,config-006/environment-01/rule_conditions.csv
C6,2,C6-environment-02,config-006/environment-02/configuration.json,../config-006/users.csv,../config-006/resources.csv,../config-006/user_attributes.csv,../config-006/resource_attributes.csv,config-006/environment-02/environment_attributes.csv,config-006/environment-02/abac_rules.csv,config-006/environment-02/rule_conditions.csv
C6,3,C6-environment-03,config-006/environment-03/configuration.json,../config-006/users.csv,../config-006/resources.csv,../config-006/user_attributes.csv,../config-006/resource_attributes.csv,config-006/environment-03/environment_attributes.csv,config-006/environment-03/abac_rules.csv,config-006/environment-03/rule_conditions.csv
C6,4,C6-environment-04,config-006/environment-04/configuration.json,../config-006/users.csv,../config-006/resources.csv,../config-006/user_attributes.csv,../config-006/resource_attributes.csv,config-006/environment-04/environment_attributes.csv,config-006/environment-04/abac_rules.csv,config-006/environment-04/rule_conditions.csv
C6,5,C6-environment-05,config-006/environment-05/configuration.json,../config-006/users.csv,../config-006/resources.csv,../config-006/user_attributes.csv,../config-006/resource_attributes.csv,config-006/environment-05/environment_attributes.csv,config-006/environment-05/abac_rules.csv,config-006/environment-05/rule_conditions.csv
